event_id,room_id,room,room_slug,mode,repetition,event_index,source_filename,input_file,prediction_file,prediction_row,selected_for_paper,selected_for_demo,source_clipped,pre_clap_snr_db,valid_input_samples,valid_input_duration_s,sample_rate,duration_s,recorded_audio,inferred_audio,prediction_checkpoint,checkpoint_sha256,selection_rule,input_sha256,prediction_array_sha256
room01_P1_r1_event00,1,Medium-size meeting room,medium_size_meeting_room,P1,1,0,Medium Size Meeting Room.m4a,reports/phone_clap_demo/results/segments/m4a/room01_MediumSizeMeetingRoom_m4a_ev00_P1_r1.wav,runs/e6_phone_raw_cache/raw_v1_seed42001_batch000.npy,0,False,False,False,24.05378466453417,44100,1.0,44100,1.0,audio/phone_recordings/medium_size_meeting_room/P1_r1.wav,audio/inferred_rirs/medium_size_meeting_room/P1_r1.wav,runs/matched_reg_1s/hybrid_shoebox_mit_but_ace_1000ms_full_c1_vm_seed42001/model_updates20000.pt,fa83b4108777231ef557379e8f7478aea1ab63f3e95449382edeaf85442d87fc,all normal protocol events; existing selected_for_demo flag retained,85714c855591f8b516b69545666015b86677e76806efb2b7653e0e8de33fc1cd,d3b049a9aaf5a56c7af9b5f61d6f6216c3e7a7b9a5fa8bdcf550da0cd2bd1e14
room01_P1_r2_event01,1,Medium-size meeting room,medium_size_meeting_room,P1,2,1,Medium Size Meeting Room.m4a,reports/phone_clap_demo/results/segments/m4a/room01_MediumSizeMeetingRoom_m4a_ev01_P1_r2.wav,runs/e6_phone_raw_cache/raw_v1_seed42001_batch000.npy,1,False,False,False,23.376961936377107,44100,1.0,44100,1.0,audio/phone_recordings/medium_size_meeting_room/P1_r2.wav,audio/inferred_rirs/medium_size_meeting_room/P1_r2.wav,runs/matched_reg_1s/hybrid_shoebox_mit_but_ace_1000ms_full_c1_vm_seed42001/model_updates20000.pt,fa83b4108777231ef557379e8f7478aea1ab63f3e95449382edeaf85442d87fc,all normal protocol events; existing selected_for_demo flag retained,6802a788c2485acd8acccfadd4f6c88969eab2a119fecb967cad07789f5296f9,dc9a79f55921e8260ad1092d04528b314ef136ceccce0bebd6fb188a6de0be96
room01_P1_r3_event02,1,Medium-size meeting room,medium_size_meeting_room,P1,3,2,Medium Size Meeting Room.m4a,reports/phone_clap_demo/results/segments/m4a/room01_MediumSizeMeetingRoom_m4a_ev02_P1_r3.wav,reports/phone_spectral_review/predictions.npz,0,True,True,False,28.60475954788771,44100,1.0,44100,1.0,audio/phone_recordings/medium_size_meeting_room/P1_r3.wav,audio/inferred_rirs/medium_size_meeting_room/P1_r3.wav,runs/matched_reg_1s/hybrid_shoebox_mit_but_ace_1000ms_full_c1_vm_seed42001/model_updates20000.pt,fa83b4108777231ef557379e8f7478aea1ab63f3e95449382edeaf85442d87fc,"M4A normal protocol claps only, exclude clipped; highest existing pre-clap SNR per room/mode; event-index then filename tie break; all eight modes in protocol order",371ff63296ebedaea2afbf367582eba772dd34a6b2cd52980a34695f569d39bb,8e31ce3bd9762dc1fff830822369e349f43e4c9f39326cb4c08383619d5d8d49
room01_P1_r4_event03,1,Medium-size meeting room,medium_size_meeting_room,P1,4,3,Medium Size Meeting Room.m4a,reports/phone_clap_demo/results/segments/m4a/room01_MediumSizeMeetingRoom_m4a_ev03_P1_r4.wav,runs/e6_phone_raw_cache/raw_v1_seed42001_batch000.npy,3,False,False,False,28.083082928836795,44100,1.0,44100,1.0,audio/phone_recordings/medium_size_meeting_room/P1_r4.wav,audio/inferred_rirs/medium_size_meeting_room/P1_r4.wav,runs/matched_reg_1s/hybrid_shoebox_mit_but_ace_1000ms_full_c1_vm_seed42001/model_updates20000.pt,fa83b4108777231ef557379e8f7478aea1ab63f3e95449382edeaf85442d87fc,all normal protocol events; existing selected_for_demo flag retained,0570f1f5b3a9b01e163cfab82e5ea45c66e40eb3223ecc7e2b3926e317695d7f,e7fe9f2cee8a91a1ed3f88ae99d37b343d211e37678b82aaf4c248abcc2d1a58
room01_P1_r5_event04,1,Medium-size meeting room,medium_size_meeting_room,P1,5,4,Medium Size Meeting Room.m4a,reports/phone_clap_demo/results/segments/m4a/room01_MediumSizeMeetingRoom_m4a_ev04_P1_r5.wav,runs/e6_phone_raw_cache/raw_v1_seed42001_batch000.npy,4,False,False,False,23.583697620014824,44100,1.0,44100,1.0,audio/phone_recordings/medium_size_meeting_room/P1_r5.wav,audio/inferred_rirs/medium_size_meeting_room/P1_r5.wav,runs/matched_reg_1s/hybrid_shoebox_mit_but_ace_1000ms_full_c1_vm_seed42001/model_updates20000.pt,fa83b4108777231ef557379e8f7478aea1ab63f3e95449382edeaf85442d87fc,all normal protocol events; existing selected_for_demo flag retained,a3f260857fe7c80c0c0ef8be86826a5412471b6b0775de597ab15864ffc22500,dd063508a2a2b2b50a201c2da56e81fb8b157bd4d0867d85f7b9fbd14ade34e6
room01_P2_r1_event05,1,Medium-size meeting room,medium_size_meeting_room,P2,1,5,Medium Size Meeting Room.m4a,reports/phone_clap_demo/results/segments/m4a/room01_MediumSizeMeetingRoom_m4a_ev05_P2_r1.wav,reports/phone_spectral_review/predictions.npz,1,True,True,False,26.161639128116775,44100,1.0,44100,1.0,audio/phone_recordings/medium_size_meeting_room/P2_r1.wav,audio/inferred_rirs/medium_size_meeting_room/P2_r1.wav,runs/matched_reg_1s/hybrid_shoebox_mit_but_ace_1000ms_full_c1_vm_seed42001/model_updates20000.pt,fa83b4108777231ef557379e8f7478aea1ab63f3e95449382edeaf85442d87fc,"M4A normal protocol claps only, exclude clipped; highest existing pre-clap SNR per room/mode; event-index then filename tie break; all eight modes in protocol order",a806daa5bf7ab223e4e15ed81ef02d40d19cf1e50807ce4d74aba0f0ea41d47d,4aea25226db59995aaf03d7e72a09e94308279dc4d37b8f7959353d77719fec2
room01_P2_r2_event06,1,Medium-size meeting room,medium_size_meeting_room,P2,2,6,Medium Size Meeting Room.m4a,reports/phone_clap_demo/results/segments/m4a/room01_MediumSizeMeetingRoom_m4a_ev06_P2_r2.wav,runs/e6_phone_raw_cache/raw_v1_seed42001_batch000.npy,6,False,False,False,21.1604715276347,44100,1.0,44100,1.0,audio/phone_recordings/medium_size_meeting_room/P2_r2.wav,audio/inferred_rirs/medium_size_meeting_room/P2_r2.wav,runs/matched_reg_1s/hybrid_shoebox_mit_but_ace_1000ms_full_c1_vm_seed42001/model_updates20000.pt,fa83b4108777231ef557379e8f7478aea1ab63f3e95449382edeaf85442d87fc,all normal protocol events; existing selected_for_demo flag retained,355ed4c3077214f12bf105feb400a3f9067f834228a7d2d3c6f2904eabd4be40,5c46417e071ed09074cb32ef38c5a5c3e6052cad3e7ba3f240c34d65342f75b8
room01_P2_r3_event07,1,Medium-size meeting room,medium_size_meeting_room,P2,3,7,Medium Size Meeting Room.m4a,reports/phone_clap_demo/results/segments/m4a/room01_MediumSizeMeetingRoom_m4a_ev07_P2_r3.wav,runs/e6_phone_raw_cache/raw_v1_seed42001_batch000.npy,7,False,False,False,21.344595774244688,44100,1.0,44100,1.0,audio/phone_recordings/medium_size_meeting_room/P2_r3.wav,audio/inferred_rirs/medium_size_meeting_room/P2_r3.wav,runs/matched_reg_1s/hybrid_shoebox_mit_but_ace_1000ms_full_c1_vm_seed42001/model_updates20000.pt,fa83b4108777231ef557379e8f7478aea1ab63f3e95449382edeaf85442d87fc,all normal protocol events; existing selected_for_demo flag retained,09b7fdf8cd4c1f5744e5f00b7d90a929c15c33d8cc87e30002bedaac0d86afe2,7632f8632eb671d1852b929efda4c9948bd076862f97daed0b8c21951db67ebf
room01_P2_r4_event08,1,Medium-size meeting room,medium_size_meeting_room,P2,4,8,Medium Size Meeting Room.m4a,reports/phone_clap_demo/results/segments/m4a/room01_MediumSizeMeetingRoom_m4a_ev08_P2_r4.wav,runs/e6_phone_raw_cache/raw_v1_seed42001_batch008.npy,0,False,False,False,21.596200396910294,44100,1.0,44100,1.0,audio/phone_recordings/medium_size_meeting_room/P2_r4.wav,audio/inferred_rirs/medium_size_meeting_room/P2_r4.wav,runs/matched_reg_1s/hybrid_shoebox_mit_but_ace_1000ms_full_c1_vm_seed42001/model_updates20000.pt,fa83b4108777231ef557379e8f7478aea1ab63f3e95449382edeaf85442d87fc,all normal protocol events; existing selected_for_demo flag retained,090a7f6f74e0a019ebabe7e796c35176a6ea2aef9e6ba886fef387a86d113147,094b7ff4169be22d3d078fc4b760ff1659b4f38c62ce9612402ce2b7f3fa8528
room01_P2_r5_event09,1,Medium-size meeting room,medium_size_meeting_room,P2,5,9,Medium Size Meeting Room.m4a,reports/phone_clap_demo/results/segments/m4a/room01_MediumSizeMeetingRoom_m4a_ev09_P2_r5.wav,runs/e6_phone_raw_cache/raw_v1_seed42001_batch008.npy,1,False,False,False,26.024782675332407,44100,1.0,44100,1.0,audio/phone_recordings/medium_size_meeting_room/P2_r5.wav,audio/inferred_rirs/medium_size_meeting_room/P2_r5.wav,runs/matched_reg_1s/hybrid_shoebox_mit_but_ace_1000ms_full_c1_vm_seed42001/model_updates20000.pt,fa83b4108777231ef557379e8f7478aea1ab63f3e95449382edeaf85442d87fc,all normal protocol events; existing selected_for_demo flag retained,ae5c265672510727299e69b06f4ff721971db0aad8951a0e63eddaa3b39ee9fa,f263493a20604bda42b55b9b57c1c960d45582a7e3957ea3cd5a2b84683fdca9
room01_P3_r1_event10,1,Medium-size meeting room,medium_size_meeting_room,P3,1,10,Medium Size Meeting Room.m4a,reports/phone_clap_demo/results/segments/m4a/room01_MediumSizeMeetingRoom_m4a_ev10_P3_r1.wav,runs/e6_phone_raw_cache/raw_v1_seed42001_batch008.npy,2,False,False,False,20.984156541241852,44100,1.0,44100,1.0,audio/phone_recordings/medium_size_meeting_room/P3_r1.wav,audio/inferred_rirs/medium_size_meeting_room/P3_r1.wav,runs/matched_reg_1s/hybrid_shoebox_mit_but_ace_1000ms_full_c1_vm_seed42001/model_updates20000.pt,fa83b4108777231ef557379e8f7478aea1ab63f3e95449382edeaf85442d87fc,all normal protocol events; existing selected_for_demo flag retained,25b47c24ab8c5dbc428030bdab90844b7fd3e9de800ca3b171f115b15f7a9656,4e2b398078f86992ac3de79c92bc0d2f14af045d868ff6ecf19d3be01ff2202c
room01_P3_r2_event11,1,Medium-size meeting room,medium_size_meeting_room,P3,2,11,Medium Size Meeting Room.m4a,reports/phone_clap_demo/results/segments/m4a/room01_MediumSizeMeetingRoom_m4a_ev11_P3_r2.wav,reports/phone_spectral_review/predictions.npz,2,True,True,False,25.25814871423656,44100,1.0,44100,1.0,audio/phone_recordings/medium_size_meeting_room/P3_r2.wav,audio/inferred_rirs/medium_size_meeting_room/P3_r2.wav,runs/matched_reg_1s/hybrid_shoebox_mit_but_ace_1000ms_full_c1_vm_seed42001/model_updates20000.pt,fa83b4108777231ef557379e8f7478aea1ab63f3e95449382edeaf85442d87fc,"M4A normal protocol claps only, exclude clipped; highest existing pre-clap SNR per room/mode; event-index then filename tie break; all eight modes in protocol order",791af1676dafc0c9a23345ca70c3f4340e9d3b9be32020f00cb92c7d4f0b7a3f,faee2e06ed924b20cc18db946d5ee2fff6a22cd8f1a6c79a09bf4c137542f9b3
room01_P3_r3_event12,1,Medium-size meeting room,medium_size_meeting_room,P3,3,12,Medium Size Meeting Room.m4a,reports/phone_clap_demo/results/segments/m4a/room01_MediumSizeMeetingRoom_m4a_ev12_P3_r3.wav,runs/e6_phone_raw_cache/raw_v1_seed42001_batch008.npy,4,False,False,False,23.434012551854444,44100,1.0,44100,1.0,audio/phone_recordings/medium_size_meeting_room/P3_r3.wav,audio/inferred_rirs/medium_size_meeting_room/P3_r3.wav,runs/matched_reg_1s/hybrid_shoebox_mit_but_ace_1000ms_full_c1_vm_seed42001/model_updates20000.pt,fa83b4108777231ef557379e8f7478aea1ab63f3e95449382edeaf85442d87fc,all normal protocol events; existing selected_for_demo flag retained,05a4ec11bb195453b4e9063d315db2a78a7c7d894ac6cc51f040dd31c8d1e1e1,d7bfda813f1929a0819992861d24e92adee150d772e1a401444709e83035eec1
room01_P3_r4_event13,1,Medium-size meeting room,medium_size_meeting_room,P3,4,13,Medium Size Meeting Room.m4a,reports/phone_clap_demo/results/segments/m4a/room01_MediumSizeMeetingRoom_m4a_ev13_P3_r4.wav,runs/e6_phone_raw_cache/raw_v1_seed42001_batch008.npy,5,False,False,False,21.6263361465911,44100,1.0,44100,1.0,audio/phone_recordings/medium_size_meeting_room/P3_r4.wav,audio/inferred_rirs/medium_size_meeting_room/P3_r4.wav,runs/matched_reg_1s/hybrid_shoebox_mit_but_ace_1000ms_full_c1_vm_seed42001/model_updates20000.pt,fa83b4108777231ef557379e8f7478aea1ab63f3e95449382edeaf85442d87fc,all normal protocol events; existing selected_for_demo flag retained,12ec8867c9eda95af46aec24660745fd84f7c265cdee1fc9ce7e795daae470fb,0688af912ec9cea929e7cd098491e197dd6f01f976325ea4e4c2c908f487ed78
room01_P3_r5_event14,1,Medium-size meeting room,medium_size_meeting_room,P3,5,14,Medium Size Meeting Room.m4a,reports/phone_clap_demo/results/segments/m4a/room01_MediumSizeMeetingRoom_m4a_ev14_P3_r5.wav,runs/e6_phone_raw_cache/raw_v1_seed42001_batch008.npy,6,False,False,False,22.36125994294189,44100,1.0,44100,1.0,audio/phone_recordings/medium_size_meeting_room/P3_r5.wav,audio/inferred_rirs/medium_size_meeting_room/P3_r5.wav,runs/matched_reg_1s/hybrid_shoebox_mit_but_ace_1000ms_full_c1_vm_seed42001/model_updates20000.pt,fa83b4108777231ef557379e8f7478aea1ab63f3e95449382edeaf85442d87fc,all normal protocol events; existing selected_for_demo flag retained,beba05df20142d9b4bc715f1593b451a3cdba836e67ddc4fcefdb0e966a859a1,61e01f4bd3c00dda1089d5970d634dd4933987b430f14eba718f9d17c01d6776
room01_A1_r1_event15,1,Medium-size meeting room,medium_size_meeting_room,A1,1,15,Medium Size Meeting Room.m4a,reports/phone_clap_demo/results/segments/m4a/room01_MediumSizeMeetingRoom_m4a_ev15_A1_r1.wav,reports/phone_spectral_review/predictions.npz,3,True,True,False,24.651732299956443,44100,1.0,44100,1.0,audio/phone_recordings/medium_size_meeting_room/A1_r1.wav,audio/inferred_rirs/medium_size_meeting_room/A1_r1.wav,runs/matched_reg_1s/hybrid_shoebox_mit_but_ace_1000ms_full_c1_vm_seed42001/model_updates20000.pt,fa83b4108777231ef557379e8f7478aea1ab63f3e95449382edeaf85442d87fc,"M4A normal protocol claps only, exclude clipped; highest existing pre-clap SNR per room/mode; event-index then filename tie break; all eight modes in protocol order",9cb4cc1e7c140f8ca7c5fa87c31490501d2b55c4bdf32f5f6a290a1bf7159bae,8de7f767415e827582ec31ffc64090c3add755fef4e4a4bab095795dc23bd0da
room01_A1_r2_event16,1,Medium-size meeting room,medium_size_meeting_room,A1,2,16,Medium Size Meeting Room.m4a,reports/phone_clap_demo/results/segments/m4a/room01_MediumSizeMeetingRoom_m4a_ev16_A1_r2.wav,runs/e6_phone_raw_cache/raw_v1_seed42001_batch016.npy,0,False,False,False,23.089445957365474,44100,1.0,44100,1.0,audio/phone_recordings/medium_size_meeting_room/A1_r2.wav,audio/inferred_rirs/medium_size_meeting_room/A1_r2.wav,runs/matched_reg_1s/hybrid_shoebox_mit_but_ace_1000ms_full_c1_vm_seed42001/model_updates20000.pt,fa83b4108777231ef557379e8f7478aea1ab63f3e95449382edeaf85442d87fc,all normal protocol events; existing selected_for_demo flag retained,2d403373399f66d6c50d4fe9fe44d327765bb6b7eab2f13e51ab5121c236cb25,8c0b434112d2c44d037274eb8e2845a6c6da58541293f4d115dd7dd102c7e310
room01_A1_r3_event17,1,Medium-size meeting room,medium_size_meeting_room,A1,3,17,Medium Size Meeting Room.m4a,reports/phone_clap_demo/results/segments/m4a/room01_MediumSizeMeetingRoom_m4a_ev17_A1_r3.wav,runs/e6_phone_raw_cache/raw_v1_seed42001_batch016.npy,1,False,False,False,24.285803844023164,44100,1.0,44100,1.0,audio/phone_recordings/medium_size_meeting_room/A1_r3.wav,audio/inferred_rirs/medium_size_meeting_room/A1_r3.wav,runs/matched_reg_1s/hybrid_shoebox_mit_but_ace_1000ms_full_c1_vm_seed42001/model_updates20000.pt,fa83b4108777231ef557379e8f7478aea1ab63f3e95449382edeaf85442d87fc,all normal protocol events; existing selected_for_demo flag retained,ff19f076358d20b4dd2d57a8bac00f69bcf5e269938a400c0a1f7d899895d86c,1cf5a783152dfbd6103bc6525952673195728f6494ae9f44e73fdfa36c3af3b2
room01_A1_r4_event18,1,Medium-size meeting room,medium_size_meeting_room,A1,4,18,Medium Size Meeting Room.m4a,reports/phone_clap_demo/results/segments/m4a/room01_MediumSizeMeetingRoom_m4a_ev18_A1_r4.wav,runs/e6_phone_raw_cache/raw_v1_seed42001_batch016.npy,2,False,False,False,23.009170768444353,44100,1.0,44100,1.0,audio/phone_recordings/medium_size_meeting_room/A1_r4.wav,audio/inferred_rirs/medium_size_meeting_room/A1_r4.wav,runs/matched_reg_1s/hybrid_shoebox_mit_but_ace_1000ms_full_c1_vm_seed42001/model_updates20000.pt,fa83b4108777231ef557379e8f7478aea1ab63f3e95449382edeaf85442d87fc,all normal protocol events; existing selected_for_demo flag retained,4df9f7f635306c69eb3295159f631f9e8147ad38aba8a5f31e2d6dc193e0c698,574e7706f8b4cd0af739264307592e56c549dd6835ac924ab3e82bbe601b2e47
room01_A1_r5_event19,1,Medium-size meeting room,medium_size_meeting_room,A1,5,19,Medium Size Meeting Room.m4a,reports/phone_clap_demo/results/segments/m4a/room01_MediumSizeMeetingRoom_m4a_ev19_A1_r5.wav,runs/e6_phone_raw_cache/raw_v1_seed42001_batch016.npy,3,False,False,False,23.157569918791456,44100,1.0,44100,1.0,audio/phone_recordings/medium_size_meeting_room/A1_r5.wav,audio/inferred_rirs/medium_size_meeting_room/A1_r5.wav,runs/matched_reg_1s/hybrid_shoebox_mit_but_ace_1000ms_full_c1_vm_seed42001/model_updates20000.pt,fa83b4108777231ef557379e8f7478aea1ab63f3e95449382edeaf85442d87fc,all normal protocol events; existing selected_for_demo flag retained,2d43124d9512e79e25995799cb6ba77dbea31d4f8e12223e5dd25a9af57aac52,f9a01e67aac6c0d7d702f24eaac7b81eccb8893af8638624d750064f6e9d3dbd
room01_A2_r1_event20,1,Medium-size meeting room,medium_size_meeting_room,A2,1,20,Medium Size Meeting Room.m4a,reports/phone_clap_demo/results/segments/m4a/room01_MediumSizeMeetingRoom_m4a_ev20_A2_r1.wav,runs/e6_phone_raw_cache/raw_v1_seed42001_batch016.npy,4,False,False,False,22.480705277052312,43262,0.9809977324263038,44100,1.0,audio/phone_recordings/medium_size_meeting_room/A2_r1.wav,audio/inferred_rirs/medium_size_meeting_room/A2_r1.wav,runs/matched_reg_1s/hybrid_shoebox_mit_but_ace_1000ms_full_c1_vm_seed42001/model_updates20000.pt,fa83b4108777231ef557379e8f7478aea1ab63f3e95449382edeaf85442d87fc,all normal protocol events; existing selected_for_demo flag retained,3988a80e9d30a87a93af386637f856422f1e2a3fd4f0cb8b10f6659d06aff3d0,f1468e42939b8906948c2923205b16959358847e3caf9b88843385a3298600e7
room01_A2_r2_event21,1,Medium-size meeting room,medium_size_meeting_room,A2,2,21,Medium Size Meeting Room.m4a,reports/phone_clap_demo/results/segments/m4a/room01_MediumSizeMeetingRoom_m4a_ev21_A2_r2.wav,runs/e6_phone_raw_cache/raw_v1_seed42001_batch016.npy,5,False,False,False,24.104622459611402,44100,1.0,44100,1.0,audio/phone_recordings/medium_size_meeting_room/A2_r2.wav,audio/inferred_rirs/medium_size_meeting_room/A2_r2.wav,runs/matched_reg_1s/hybrid_shoebox_mit_but_ace_1000ms_full_c1_vm_seed42001/model_updates20000.pt,fa83b4108777231ef557379e8f7478aea1ab63f3e95449382edeaf85442d87fc,all normal protocol events; existing selected_for_demo flag retained,02a7c753cfe40b3a0e5dc4606226e46d87e7d7816ccbcc6c7ffb1325cec3d05d,fa912d7e596ac489248591b5ac0c6ed316c9e241ddf75217be5d18a0d0239b8b
room01_A2_r3_event22,1,Medium-size meeting room,medium_size_meeting_room,A2,3,22,Medium Size Meeting Room.m4a,reports/phone_clap_demo/results/segments/m4a/room01_MediumSizeMeetingRoom_m4a_ev22_A2_r3.wav,runs/e6_phone_raw_cache/raw_v1_seed42001_batch016.npy,6,False,False,False,20.232719230655032,44100,1.0,44100,1.0,audio/phone_recordings/medium_size_meeting_room/A2_r3.wav,audio/inferred_rirs/medium_size_meeting_room/A2_r3.wav,runs/matched_reg_1s/hybrid_shoebox_mit_but_ace_1000ms_full_c1_vm_seed42001/model_updates20000.pt,fa83b4108777231ef557379e8f7478aea1ab63f3e95449382edeaf85442d87fc,all normal protocol events; existing selected_for_demo flag retained,fa5180b12d36eeb4ad37179b618ff6a656d20b941afc21591b68261952026db6,2c3eb9d4ef9a4e86ade3ca8ba83eeaff907bad4bbc56cb1cf947c4e3b7d22182
room01_A2_r4_event23,1,Medium-size meeting room,medium_size_meeting_room,A2,4,23,Medium Size Meeting Room.m4a,reports/phone_clap_demo/results/segments/m4a/room01_MediumSizeMeetingRoom_m4a_ev23_A2_r4.wav,reports/phone_spectral_review/predictions.npz,4,True,True,False,27.898784636486777,44100,1.0,44100,1.0,audio/phone_recordings/medium_size_meeting_room/A2_r4.wav,audio/inferred_rirs/medium_size_meeting_room/A2_r4.wav,runs/matched_reg_1s/hybrid_shoebox_mit_but_ace_1000ms_full_c1_vm_seed42001/model_updates20000.pt,fa83b4108777231ef557379e8f7478aea1ab63f3e95449382edeaf85442d87fc,"M4A normal protocol claps only, exclude clipped; highest existing pre-clap SNR per room/mode; event-index then filename tie break; all eight modes in protocol order",9bd57b2dd7266b77e7c48ede7f98d236aad204e985f4d20543ae4afe8d34add0,748234eaa25d80d69b52538413e5848ea36d59c5fe26a7b4033b1600b21132bf
room01_A2_r5_event24,1,Medium-size meeting room,medium_size_meeting_room,A2,5,24,Medium Size Meeting Room.m4a,reports/phone_clap_demo/results/segments/m4a/room01_MediumSizeMeetingRoom_m4a_ev24_A2_r5.wav,runs/e6_phone_raw_cache/raw_v1_seed42001_batch024.npy,0,False,False,False,22.096317944289794,44100,1.0,44100,1.0,audio/phone_recordings/medium_size_meeting_room/A2_r5.wav,audio/inferred_rirs/medium_size_meeting_room/A2_r5.wav,runs/matched_reg_1s/hybrid_shoebox_mit_but_ace_1000ms_full_c1_vm_seed42001/model_updates20000.pt,fa83b4108777231ef557379e8f7478aea1ab63f3e95449382edeaf85442d87fc,all normal protocol events; existing selected_for_demo flag retained,bce58421ce3f31b02219bbd6a512c608fbe097aa0136efd8eab8f6433b21d89e,dd202645355132da97f9b4cae754376f361a26efff377e494aaba1c11403b1e0
room01_A3_r1_event25,1,Medium-size meeting room,medium_size_meeting_room,A3,1,25,Medium Size Meeting Room.m4a,reports/phone_clap_demo/results/segments/m4a/room01_MediumSizeMeetingRoom_m4a_ev25_A3_r1.wav,runs/e6_phone_raw_cache/raw_v1_seed42001_batch024.npy,1,False,False,False,19.47270787714882,42983,0.974671201814059,44100,1.0,audio/phone_recordings/medium_size_meeting_room/A3_r1.wav,audio/inferred_rirs/medium_size_meeting_room/A3_r1.wav,runs/matched_reg_1s/hybrid_shoebox_mit_but_ace_1000ms_full_c1_vm_seed42001/model_updates20000.pt,fa83b4108777231ef557379e8f7478aea1ab63f3e95449382edeaf85442d87fc,all normal protocol events; existing selected_for_demo flag retained,52c791d531ef95edcbaba46354dd695dd7b04cb331847eb6cbedcb8ebe982207,2f9d9203a933d2ecb58d3b3501aec1b4cdf0263a2ae2433e90a356671a93c886
room01_A3_r2_event26,1,Medium-size meeting room,medium_size_meeting_room,A3,2,26,Medium Size Meeting Room.m4a,reports/phone_clap_demo/results/segments/m4a/room01_MediumSizeMeetingRoom_m4a_ev26_A3_r2.wav,runs/e6_phone_raw_cache/raw_v1_seed42001_batch024.npy,2,False,False,False,20.980033089882674,44100,1.0,44100,1.0,audio/phone_recordings/medium_size_meeting_room/A3_r2.wav,audio/inferred_rirs/medium_size_meeting_room/A3_r2.wav,runs/matched_reg_1s/hybrid_shoebox_mit_but_ace_1000ms_full_c1_vm_seed42001/model_updates20000.pt,fa83b4108777231ef557379e8f7478aea1ab63f3e95449382edeaf85442d87fc,all normal protocol events; existing selected_for_demo flag retained,bbe7cad3d884890c10c22ed567a2a2c093a16c0d37d5729a462a5aaeb2f76246,5ab57c9d81566b9f32c2cff0d8ded6ae0f87a6e60c131862d805c1ec363545d5
room01_A3_r3_event27,1,Medium-size meeting room,medium_size_meeting_room,A3,3,27,Medium Size Meeting Room.m4a,reports/phone_clap_demo/results/segments/m4a/room01_MediumSizeMeetingRoom_m4a_ev27_A3_r3.wav,runs/e6_phone_raw_cache/raw_v1_seed42001_batch024.npy,3,False,False,False,21.980745573242643,44100,1.0,44100,1.0,audio/phone_recordings/medium_size_meeting_room/A3_r3.wav,audio/inferred_rirs/medium_size_meeting_room/A3_r3.wav,runs/matched_reg_1s/hybrid_shoebox_mit_but_ace_1000ms_full_c1_vm_seed42001/model_updates20000.pt,fa83b4108777231ef557379e8f7478aea1ab63f3e95449382edeaf85442d87fc,all normal protocol events; existing selected_for_demo flag retained,40b7ef9e273f605ea42f55a276ca7613fe6aee58a53e6685885f62ff93ab01ec,13cdb00f7d28f137e479d55b57c5eb37705dcc44489309ff4a47fe01fbb2c220
room01_A3_r4_event28,1,Medium-size meeting room,medium_size_meeting_room,A3,4,28,Medium Size Meeting Room.m4a,reports/phone_clap_demo/results/segments/m4a/room01_MediumSizeMeetingRoom_m4a_ev28_A3_r4.wav,runs/e6_phone_raw_cache/raw_v1_seed42001_batch024.npy,4,False,False,False,23.006907568096523,44100,1.0,44100,1.0,audio/phone_recordings/medium_size_meeting_room/A3_r4.wav,audio/inferred_rirs/medium_size_meeting_room/A3_r4.wav,runs/matched_reg_1s/hybrid_shoebox_mit_but_ace_1000ms_full_c1_vm_seed42001/model_updates20000.pt,fa83b4108777231ef557379e8f7478aea1ab63f3e95449382edeaf85442d87fc,all normal protocol events; existing selected_for_demo flag retained,fa0dffbbf8ef2dd7bbbb0759447c09070a1a6792eaaf58f4ace0b27d50300ade,ac2a999056e8dcb3c9ccbacd0c2bbf219b1f1fb1d01e4566dd2ec2deeda5da65
room01_A3_r5_event29,1,Medium-size meeting room,medium_size_meeting_room,A3,5,29,Medium Size Meeting Room.m4a,reports/phone_clap_demo/results/segments/m4a/room01_MediumSizeMeetingRoom_m4a_ev29_A3_r5.wav,reports/phone_spectral_review/predictions.npz,5,True,True,False,24.523874208652682,44100,1.0,44100,1.0,audio/phone_recordings/medium_size_meeting_room/A3_r5.wav,audio/inferred_rirs/medium_size_meeting_room/A3_r5.wav,runs/matched_reg_1s/hybrid_shoebox_mit_but_ace_1000ms_full_c1_vm_seed42001/model_updates20000.pt,fa83b4108777231ef557379e8f7478aea1ab63f3e95449382edeaf85442d87fc,"M4A normal protocol claps only, exclude clipped; highest existing pre-clap SNR per room/mode; event-index then filename tie break; all eight modes in protocol order",4d388e385c70e66cf494941d768240d24b28fa4316581c289db2afd46eabbc9b,01d0cd59dc7e232b6ef4ced8320c13ee252b0c04260eba83f374d6632e8b2e30
room01_A1minus_r1_event30,1,Medium-size meeting room,medium_size_meeting_room,A1-,1,30,Medium Size Meeting Room.m4a,reports/phone_clap_demo/results/segments/m4a/room01_MediumSizeMeetingRoom_m4a_ev30_A1m_r1.wav,runs/e6_phone_raw_cache/raw_v1_seed42001_batch024.npy,6,False,False,False,25.656908651956194,44100,1.0,44100,1.0,audio/phone_recordings/medium_size_meeting_room/A1minus_r1.wav,audio/inferred_rirs/medium_size_meeting_room/A1minus_r1.wav,runs/matched_reg_1s/hybrid_shoebox_mit_but_ace_1000ms_full_c1_vm_seed42001/model_updates20000.pt,fa83b4108777231ef557379e8f7478aea1ab63f3e95449382edeaf85442d87fc,all normal protocol events; existing selected_for_demo flag retained,4f63b36a0f1781ebd8f525fd58eead342192e1c7ff3664bd540c8b8fccfe8477,d726fecbbb99062c66e1da47c4a3e8b201cb965ce65ad383215c9ea2e615ebb3
room01_A1minus_r2_event31,1,Medium-size meeting room,medium_size_meeting_room,A1-,2,31,Medium Size Meeting Room.m4a,reports/phone_clap_demo/results/segments/m4a/room01_MediumSizeMeetingRoom_m4a_ev31_A1m_r2.wav,runs/e6_phone_raw_cache/raw_v1_seed42001_batch024.npy,7,False,False,False,24.436279064498002,43277,0.9813378684807256,44100,1.0,audio/phone_recordings/medium_size_meeting_room/A1minus_r2.wav,audio/inferred_rirs/medium_size_meeting_room/A1minus_r2.wav,runs/matched_reg_1s/hybrid_shoebox_mit_but_ace_1000ms_full_c1_vm_seed42001/model_updates20000.pt,fa83b4108777231ef557379e8f7478aea1ab63f3e95449382edeaf85442d87fc,all normal protocol events; existing selected_for_demo flag retained,384604b0e2c1d760d10a5aca78f7e908b18a19c3b44b6adf8b3f0ee5e454b393,2c1eff9532ff436cd9f253c099f5341b30fe939f1a9e4bc77265cc6b51710080
room01_A1minus_r3_event32,1,Medium-size meeting room,medium_size_meeting_room,A1-,3,32,Medium Size Meeting Room.m4a,reports/phone_clap_demo/results/segments/m4a/room01_MediumSizeMeetingRoom_m4a_ev32_A1m_r3.wav,runs/e6_phone_raw_cache/raw_v1_seed42001_batch032.npy,0,False,False,False,29.37000375321158,43399,0.9841043083900227,44100,1.0,audio/phone_recordings/medium_size_meeting_room/A1minus_r3.wav,audio/inferred_rirs/medium_size_meeting_room/A1minus_r3.wav,runs/matched_reg_1s/hybrid_shoebox_mit_but_ace_1000ms_full_c1_vm_seed42001/model_updates20000.pt,fa83b4108777231ef557379e8f7478aea1ab63f3e95449382edeaf85442d87fc,all normal protocol events; existing selected_for_demo flag retained,20bf732351eeec0c8fd5b7d3452509dfb3803de528040264eb90954b40aee328,d95223ea1f89713ce3bd9f4f77415892183d1ef6ae8c75e836fb13ab320397ea
room01_A1minus_r4_event33,1,Medium-size meeting room,medium_size_meeting_room,A1-,4,33,Medium Size Meeting Room.m4a,reports/phone_clap_demo/results/segments/m4a/room01_MediumSizeMeetingRoom_m4a_ev33_A1m_r4.wav,reports/phone_spectral_review/predictions.npz,6,True,True,False,30.063475954699076,43691,0.9907256235827664,44100,1.0,audio/phone_recordings/medium_size_meeting_room/A1minus_r4.wav,audio/inferred_rirs/medium_size_meeting_room/A1minus_r4.wav,runs/matched_reg_1s/hybrid_shoebox_mit_but_ace_1000ms_full_c1_vm_seed42001/model_updates20000.pt,fa83b4108777231ef557379e8f7478aea1ab63f3e95449382edeaf85442d87fc,"M4A normal protocol claps only, exclude clipped; highest existing pre-clap SNR per room/mode; event-index then filename tie break; all eight modes in protocol order",365c5740b97aebd543e499c8c5a81b1e840b476ad292f527751e4558cb0e1cf1,67480c2ce56bf428106f5c993e4e3333be9cfc3455191fa35f4f0d9e8746ffae
room01_A1minus_r5_event34,1,Medium-size meeting room,medium_size_meeting_room,A1-,5,34,Medium Size Meeting Room.m4a,reports/phone_clap_demo/results/segments/m4a/room01_MediumSizeMeetingRoom_m4a_ev34_A1m_r5.wav,runs/e6_phone_raw_cache/raw_v1_seed42001_batch032.npy,2,False,False,False,29.729101748375793,44100,1.0,44100,1.0,audio/phone_recordings/medium_size_meeting_room/A1minus_r5.wav,audio/inferred_rirs/medium_size_meeting_room/A1minus_r5.wav,runs/matched_reg_1s/hybrid_shoebox_mit_but_ace_1000ms_full_c1_vm_seed42001/model_updates20000.pt,fa83b4108777231ef557379e8f7478aea1ab63f3e95449382edeaf85442d87fc,all normal protocol events; existing selected_for_demo flag retained,d8c103730d673b4113dfce713512dd5423a14c383afe1ef457b47691ac1a5de2,49798228c23d1c4a8caf83ea7f6ee43318b498ec2a5109ac8bb2df045ce58846
room01_A1plus_r1_event36,1,Medium-size meeting room,medium_size_meeting_room,A1+,1,36,Medium Size Meeting Room.m4a,reports/phone_clap_demo/results/segments/m4a/room01_MediumSizeMeetingRoom_m4a_ev36_A1p_r1.wav,runs/e6_phone_raw_cache/raw_v1_seed42001_batch032.npy,3,False,False,False,25.924043273335904,40686,0.9225850340136055,44100,1.0,audio/phone_recordings/medium_size_meeting_room/A1plus_r1.wav,audio/inferred_rirs/medium_size_meeting_room/A1plus_r1.wav,runs/matched_reg_1s/hybrid_shoebox_mit_but_ace_1000ms_full_c1_vm_seed42001/model_updates20000.pt,fa83b4108777231ef557379e8f7478aea1ab63f3e95449382edeaf85442d87fc,all normal protocol events; existing selected_for_demo flag retained,3b279e7bd84e898e5fd49fa35aea096de86b965d9c0da633f5031bade60c379c,222a9548b8903efddbb3132da77255a61da60db94f42428a497320dee81b5ea0
room01_A1plus_r2_event37,1,Medium-size meeting room,medium_size_meeting_room,A1+,2,37,Medium Size Meeting Room.m4a,reports/phone_clap_demo/results/segments/m4a/room01_MediumSizeMeetingRoom_m4a_ev37_A1p_r2.wav,reports/phone_spectral_review/predictions.npz,7,True,True,False,29.345120662183433,42228,0.9575510204081633,44100,1.0,audio/phone_recordings/medium_size_meeting_room/A1plus_r2.wav,audio/inferred_rirs/medium_size_meeting_room/A1plus_r2.wav,runs/matched_reg_1s/hybrid_shoebox_mit_but_ace_1000ms_full_c1_vm_seed42001/model_updates20000.pt,fa83b4108777231ef557379e8f7478aea1ab63f3e95449382edeaf85442d87fc,"M4A normal protocol claps only, exclude clipped; highest existing pre-clap SNR per room/mode; event-index then filename tie break; all eight modes in protocol order",b3de9d454320feebec05dfcb6c8e72c0cdb5cc5cf9dd5ae38948e6946e3e9d97,3956b03a1c8c3eb8acacd94aa3cad5e199a249b00509a2afa48929df43900735
room01_A1plus_r3_event38,1,Medium-size meeting room,medium_size_meeting_room,A1+,3,38,Medium Size Meeting Room.m4a,reports/phone_clap_demo/results/segments/m4a/room01_MediumSizeMeetingRoom_m4a_ev38_A1p_r3.wav,runs/e6_phone_raw_cache/raw_v1_seed42001_batch032.npy,5,False,False,False,27.708584410312117,42913,0.9730839002267574,44100,1.0,audio/phone_recordings/medium_size_meeting_room/A1plus_r3.wav,audio/inferred_rirs/medium_size_meeting_room/A1plus_r3.wav,runs/matched_reg_1s/hybrid_shoebox_mit_but_ace_1000ms_full_c1_vm_seed42001/model_updates20000.pt,fa83b4108777231ef557379e8f7478aea1ab63f3e95449382edeaf85442d87fc,all normal protocol events; existing selected_for_demo flag retained,f9568d5f79a55b1e6c1f847ad9c1d1e5a1c01bc9563967e2a407a9bd4537cbfa,04e76873e34bd375b2e39d17d85bfe43ba65ef35d83554ea12ab217e5ea635d1
room01_A1plus_r4_event39,1,Medium-size meeting room,medium_size_meeting_room,A1+,4,39,Medium Size Meeting Room.m4a,reports/phone_clap_demo/results/segments/m4a/room01_MediumSizeMeetingRoom_m4a_ev39_A1p_r4.wav,runs/e6_phone_raw_cache/raw_v1_seed42001_batch032.npy,6,False,False,False,28.442874186787893,42416,0.9618140589569161,44100,1.0,audio/phone_recordings/medium_size_meeting_room/A1plus_r4.wav,audio/inferred_rirs/medium_size_meeting_room/A1plus_r4.wav,runs/matched_reg_1s/hybrid_shoebox_mit_but_ace_1000ms_full_c1_vm_seed42001/model_updates20000.pt,fa83b4108777231ef557379e8f7478aea1ab63f3e95449382edeaf85442d87fc,all normal protocol events; existing selected_for_demo flag retained,c18daf31613bfff52f545dda648a45ae7d091e8fc361b4482d76f7d17e190b84,322868998d9a1a7b53a2836bd23e5965831b3ffb676f10843f7dd51bbd0e46f6
room01_A1plus_r5_event41,1,Medium-size meeting room,medium_size_meeting_room,A1+,5,41,Medium Size Meeting Room.m4a,reports/phone_clap_demo/results/segments/m4a/room01_MediumSizeMeetingRoom_m4a_ev41_A1p_r5.wav,runs/e6_phone_raw_cache/raw_v1_seed42001_batch032.npy,7,False,False,False,25.814204536707607,44100,1.0,44100,1.0,audio/phone_recordings/medium_size_meeting_room/A1plus_r5.wav,audio/inferred_rirs/medium_size_meeting_room/A1plus_r5.wav,runs/matched_reg_1s/hybrid_shoebox_mit_but_ace_1000ms_full_c1_vm_seed42001/model_updates20000.pt,fa83b4108777231ef557379e8f7478aea1ab63f3e95449382edeaf85442d87fc,all normal protocol events; existing selected_for_demo flag retained,57dc4fe4815eda4e1e1de44534767f6dd8efe6d063b65823893cc5ce6bf22e46,1f060de9c145780f5cc519470d0e2c013022cfa7b7ea65c10cc541742980e4f2
room02_P1_r1_event00,2,Highly reverberant hallway,highly_reverberant_hallway,P1,1,0,Acoustics Hallway.m4a,reports/phone_clap_demo/results/segments/m4a/room02_AcousticsHallway_m4a_ev00_P1_r1.wav,runs/e6_phone_raw_cache/raw_v1_seed42001_batch040.npy,0,False,False,False,28.964373971796995,44100,1.0,44100,1.0,audio/phone_recordings/highly_reverberant_hallway/P1_r1.wav,audio/inferred_rirs/highly_reverberant_hallway/P1_r1.wav,runs/matched_reg_1s/hybrid_shoebox_mit_but_ace_1000ms_full_c1_vm_seed42001/model_updates20000.pt,fa83b4108777231ef557379e8f7478aea1ab63f3e95449382edeaf85442d87fc,all normal protocol events; existing selected_for_demo flag retained,f60ce49769f401296c33eec119c30dbf674bb5f84f07766e501bfe1e014d3efe,cf3b24b20e0dab22e364df48d1ae1411188cf92042bd75a179c64b2adcaf4d10
room02_P1_r2_event01,2,Highly reverberant hallway,highly_reverberant_hallway,P1,2,1,Acoustics Hallway.m4a,reports/phone_clap_demo/results/segments/m4a/room02_AcousticsHallway_m4a_ev01_P1_r2.wav,runs/e6_phone_raw_cache/raw_v1_seed42001_batch040.npy,1,False,False,False,30.215988014340667,44100,1.0,44100,1.0,audio/phone_recordings/highly_reverberant_hallway/P1_r2.wav,audio/inferred_rirs/highly_reverberant_hallway/P1_r2.wav,runs/matched_reg_1s/hybrid_shoebox_mit_but_ace_1000ms_full_c1_vm_seed42001/model_updates20000.pt,fa83b4108777231ef557379e8f7478aea1ab63f3e95449382edeaf85442d87fc,all normal protocol events; existing selected_for_demo flag retained,a050f71973c20879ef8ccc4d05d49001c6b19b6a60e8e991ec4993fc8be15cac,927a7f24505ff0ee6febfde2a589a50dae6a2842c0e515e2236d2b0937aaade8
room02_P1_r3_event02,2,Highly reverberant hallway,highly_reverberant_hallway,P1,3,2,Acoustics Hallway.m4a,reports/phone_clap_demo/results/segments/m4a/room02_AcousticsHallway_m4a_ev02_P1_r3.wav,reports/phone_spectral_review/predictions.npz,8,True,True,False,30.873113404477696,44100,1.0,44100,1.0,audio/phone_recordings/highly_reverberant_hallway/P1_r3.wav,audio/inferred_rirs/highly_reverberant_hallway/P1_r3.wav,runs/matched_reg_1s/hybrid_shoebox_mit_but_ace_1000ms_full_c1_vm_seed42001/model_updates20000.pt,fa83b4108777231ef557379e8f7478aea1ab63f3e95449382edeaf85442d87fc,"M4A normal protocol claps only, exclude clipped; highest existing pre-clap SNR per room/mode; event-index then filename tie break; all eight modes in protocol order",a033a4112bcb631bd21b9724e5a62c3af7bdb51322213777bfc631249582933a,0555109710e50bf5479132fc2ead4e1c917cfe90ab4a1f24ab714e1ede83d788
room02_P1_r4_event03,2,Highly reverberant hallway,highly_reverberant_hallway,P1,4,3,Acoustics Hallway.m4a,reports/phone_clap_demo/results/segments/m4a/room02_AcousticsHallway_m4a_ev03_P1_r4.wav,runs/e6_phone_raw_cache/raw_v1_seed42001_batch040.npy,3,False,False,False,29.984425378240367,44100,1.0,44100,1.0,audio/phone_recordings/highly_reverberant_hallway/P1_r4.wav,audio/inferred_rirs/highly_reverberant_hallway/P1_r4.wav,runs/matched_reg_1s/hybrid_shoebox_mit_but_ace_1000ms_full_c1_vm_seed42001/model_updates20000.pt,fa83b4108777231ef557379e8f7478aea1ab63f3e95449382edeaf85442d87fc,all normal protocol events; existing selected_for_demo flag retained,11d9554d81a07f594412638306c1f24706c6c7d0d5c7ca8a6505a986b3c24258,43940eb4c74780cbc89cb57fdfe683f9e8dae797673e3a3b76133e58c6f51cda
room02_P1_r5_event04,2,Highly reverberant hallway,highly_reverberant_hallway,P1,5,4,Acoustics Hallway.m4a,reports/phone_clap_demo/results/segments/m4a/room02_AcousticsHallway_m4a_ev04_P1_r5.wav,runs/e6_phone_raw_cache/raw_v1_seed42001_batch040.npy,4,False,False,False,28.05840314393265,44100,1.0,44100,1.0,audio/phone_recordings/highly_reverberant_hallway/P1_r5.wav,audio/inferred_rirs/highly_reverberant_hallway/P1_r5.wav,runs/matched_reg_1s/hybrid_shoebox_mit_but_ace_1000ms_full_c1_vm_seed42001/model_updates20000.pt,fa83b4108777231ef557379e8f7478aea1ab63f3e95449382edeaf85442d87fc,all normal protocol events; existing selected_for_demo flag retained,b61806aceb719f38b7d5d7b050f22c43d2fb09322a57befba12b1729eb919a19,587fa8041423119fc75cfb2e479b08476cbe5d6bd0ab18d107077833466182e3
room02_P2_r1_event05,2,Highly reverberant hallway,highly_reverberant_hallway,P2,1,5,Acoustics Hallway.m4a,reports/phone_clap_demo/results/segments/m4a/room02_AcousticsHallway_m4a_ev05_P2_r1.wav,runs/e6_phone_raw_cache/raw_v1_seed42001_batch040.npy,5,False,False,False,26.245772924213266,44100,1.0,44100,1.0,audio/phone_recordings/highly_reverberant_hallway/P2_r1.wav,audio/inferred_rirs/highly_reverberant_hallway/P2_r1.wav,runs/matched_reg_1s/hybrid_shoebox_mit_but_ace_1000ms_full_c1_vm_seed42001/model_updates20000.pt,fa83b4108777231ef557379e8f7478aea1ab63f3e95449382edeaf85442d87fc,all normal protocol events; existing selected_for_demo flag retained,ec635026c67e5765e0727f2a78f26d04824db82814e2b7a56c085ef18873b678,f37ecb8a1241d99f7f935147ca9f65daf9bacebd95b766dfe4cc818c3e439880
room02_P2_r2_event06,2,Highly reverberant hallway,highly_reverberant_hallway,P2,2,6,Acoustics Hallway.m4a,reports/phone_clap_demo/results/segments/m4a/room02_AcousticsHallway_m4a_ev06_P2_r2.wav,runs/e6_phone_raw_cache/raw_v1_seed42001_batch040.npy,6,False,False,False,24.215963869688,44100,1.0,44100,1.0,audio/phone_recordings/highly_reverberant_hallway/P2_r2.wav,audio/inferred_rirs/highly_reverberant_hallway/P2_r2.wav,runs/matched_reg_1s/hybrid_shoebox_mit_but_ace_1000ms_full_c1_vm_seed42001/model_updates20000.pt,fa83b4108777231ef557379e8f7478aea1ab63f3e95449382edeaf85442d87fc,all normal protocol events; existing selected_for_demo flag retained,079b2bb661e569eaf04cef1c01f72e9a19ef0abc7797ef5f7dbfb876397105f6,463f26fa1d8e80c8e66e7982b48f44ff8563651a68b4b5024f92d962fd65cba8
room02_P2_r3_event07,2,Highly reverberant hallway,highly_reverberant_hallway,P2,3,7,Acoustics Hallway.m4a,reports/phone_clap_demo/results/segments/m4a/room02_AcousticsHallway_m4a_ev07_P2_r3.wav,runs/e6_phone_raw_cache/raw_v1_seed42001_batch040.npy,7,False,False,False,12.20160463472509,44100,1.0,44100,1.0,audio/phone_recordings/highly_reverberant_hallway/P2_r3.wav,audio/inferred_rirs/highly_reverberant_hallway/P2_r3.wav,runs/matched_reg_1s/hybrid_shoebox_mit_but_ace_1000ms_full_c1_vm_seed42001/model_updates20000.pt,fa83b4108777231ef557379e8f7478aea1ab63f3e95449382edeaf85442d87fc,all normal protocol events; existing selected_for_demo flag retained,240c63508d9d5475cddcacc425ff2e161127ab5a3680dd0bae63f63b729a7290,9b1ef5995c5f25e6f2a30eb47af3445518b41ba9d882a322fd361d8ffb38cb5e
room02_P2_r4_event08,2,Highly reverberant hallway,highly_reverberant_hallway,P2,4,8,Acoustics Hallway.m4a,reports/phone_clap_demo/results/segments/m4a/room02_AcousticsHallway_m4a_ev08_P2_r4.wav,runs/e6_phone_raw_cache/raw_v1_seed42001_batch048.npy,0,False,False,False,18.748938283147407,44100,1.0,44100,1.0,audio/phone_recordings/highly_reverberant_hallway/P2_r4.wav,audio/inferred_rirs/highly_reverberant_hallway/P2_r4.wav,runs/matched_reg_1s/hybrid_shoebox_mit_but_ace_1000ms_full_c1_vm_seed42001/model_updates20000.pt,fa83b4108777231ef557379e8f7478aea1ab63f3e95449382edeaf85442d87fc,all normal protocol events; existing selected_for_demo flag retained,6654313dbe78848b63b77bee16544d62bb8fdfa9f152e4a988e0fdc4bbcd9aee,105ee994516f8784384dc7cf2d0f8f3f706d8c7c5dc7c9711a4b7635ee60ce4a
room02_P2_r5_event09,2,Highly reverberant hallway,highly_reverberant_hallway,P2,5,9,Acoustics Hallway.m4a,reports/phone_clap_demo/results/segments/m4a/room02_AcousticsHallway_m4a_ev09_P2_r5.wav,reports/phone_spectral_review/predictions.npz,9,True,True,False,27.122239864924765,44100,1.0,44100,1.0,audio/phone_recordings/highly_reverberant_hallway/P2_r5.wav,audio/inferred_rirs/highly_reverberant_hallway/P2_r5.wav,runs/matched_reg_1s/hybrid_shoebox_mit_but_ace_1000ms_full_c1_vm_seed42001/model_updates20000.pt,fa83b4108777231ef557379e8f7478aea1ab63f3e95449382edeaf85442d87fc,"M4A normal protocol claps only, exclude clipped; highest existing pre-clap SNR per room/mode; event-index then filename tie break; all eight modes in protocol order",ca7486a6233461d3feaf7004a09c08e832385b2dea0a72861c08c1a98d581623,a966ec6c8898e647348d5e6c99b2b18d4bcb2f81607a8b92d54cd395c26035df
room02_P3_r1_event10,2,Highly reverberant hallway,highly_reverberant_hallway,P3,1,10,Acoustics Hallway.m4a,reports/phone_clap_demo/results/segments/m4a/room02_AcousticsHallway_m4a_ev10_P3_r1.wav,runs/e6_phone_raw_cache/raw_v1_seed42001_batch048.npy,2,False,False,False,24.409198423981127,42080,0.9541950113378684,44100,1.0,audio/phone_recordings/highly_reverberant_hallway/P3_r1.wav,audio/inferred_rirs/highly_reverberant_hallway/P3_r1.wav,runs/matched_reg_1s/hybrid_shoebox_mit_but_ace_1000ms_full_c1_vm_seed42001/model_updates20000.pt,fa83b4108777231ef557379e8f7478aea1ab63f3e95449382edeaf85442d87fc,all normal protocol events; existing selected_for_demo flag retained,0b891bbcf1e0bf6e921d4d2a57c1a745d56218a8996f6235bbe08ad48031b3c7,73b331aa9f859fd3cfb02c00f4c08484e8276819ed4adfa611f2db955ba8fb83
room02_P3_r2_event11,2,Highly reverberant hallway,highly_reverberant_hallway,P3,2,11,Acoustics Hallway.m4a,reports/phone_clap_demo/results/segments/m4a/room02_AcousticsHallway_m4a_ev11_P3_r2.wav,runs/e6_phone_raw_cache/raw_v1_seed42001_batch048.npy,3,False,False,False,24.410140535149182,44100,1.0,44100,1.0,audio/phone_recordings/highly_reverberant_hallway/P3_r2.wav,audio/inferred_rirs/highly_reverberant_hallway/P3_r2.wav,runs/matched_reg_1s/hybrid_shoebox_mit_but_ace_1000ms_full_c1_vm_seed42001/model_updates20000.pt,fa83b4108777231ef557379e8f7478aea1ab63f3e95449382edeaf85442d87fc,all normal protocol events; existing selected_for_demo flag retained,814d32f3c92b3719748eda8c09417890b6ac1eebfec5883815e535862a9677c2,dce2146a8a99d69044122acc16e9a67a53421af6525cefdddd586e0a8d6f6caf
room02_P3_r3_event12,2,Highly reverberant hallway,highly_reverberant_hallway,P3,3,12,Acoustics Hallway.m4a,reports/phone_clap_demo/results/segments/m4a/room02_AcousticsHallway_m4a_ev12_P3_r3.wav,reports/phone_spectral_review/predictions.npz,10,True,True,False,28.256905612457786,44100,1.0,44100,1.0,audio/phone_recordings/highly_reverberant_hallway/P3_r3.wav,audio/inferred_rirs/highly_reverberant_hallway/P3_r3.wav,runs/matched_reg_1s/hybrid_shoebox_mit_but_ace_1000ms_full_c1_vm_seed42001/model_updates20000.pt,fa83b4108777231ef557379e8f7478aea1ab63f3e95449382edeaf85442d87fc,"M4A normal protocol claps only, exclude clipped; highest existing pre-clap SNR per room/mode; event-index then filename tie break; all eight modes in protocol order",e5a109cba06c6704d36b4dc2b640c5e2681a1cd14cfe1d0ffd1ab7749dc6aacb,0a0afd35ac5261fa7f2e4a69a6eb2ee98683b9a3d35a359cf9db8960ded37d5b
room02_P3_r4_event13,2,Highly reverberant hallway,highly_reverberant_hallway,P3,4,13,Acoustics Hallway.m4a,reports/phone_clap_demo/results/segments/m4a/room02_AcousticsHallway_m4a_ev13_P3_r4.wav,runs/e6_phone_raw_cache/raw_v1_seed42001_batch048.npy,5,False,False,False,24.95209870244925,44100,1.0,44100,1.0,audio/phone_recordings/highly_reverberant_hallway/P3_r4.wav,audio/inferred_rirs/highly_reverberant_hallway/P3_r4.wav,runs/matched_reg_1s/hybrid_shoebox_mit_but_ace_1000ms_full_c1_vm_seed42001/model_updates20000.pt,fa83b4108777231ef557379e8f7478aea1ab63f3e95449382edeaf85442d87fc,all normal protocol events; existing selected_for_demo flag retained,1809a85b50e7c194c66fb387fdb799508f232ca677d7667098e6e949a7921eb9,aabe91c99468132d4db4ed5c7189a9f2d534253cc5eda3bcc99a6237658e6730
room02_P3_r5_event14,2,Highly reverberant hallway,highly_reverberant_hallway,P3,5,14,Acoustics Hallway.m4a,reports/phone_clap_demo/results/segments/m4a/room02_AcousticsHallway_m4a_ev14_P3_r5.wav,runs/e6_phone_raw_cache/raw_v1_seed42001_batch048.npy,6,False,False,False,26.253353131686275,44100,1.0,44100,1.0,audio/phone_recordings/highly_reverberant_hallway/P3_r5.wav,audio/inferred_rirs/highly_reverberant_hallway/P3_r5.wav,runs/matched_reg_1s/hybrid_shoebox_mit_but_ace_1000ms_full_c1_vm_seed42001/model_updates20000.pt,fa83b4108777231ef557379e8f7478aea1ab63f3e95449382edeaf85442d87fc,all normal protocol events; existing selected_for_demo flag retained,828393614441a4683d09b00696fe03d9ca22b5e9ae2a42814128be4d2a1285e9,444343f15c798eb95d931d6d29459f6a547f3a9a1d10a8718264e1f9cb53f0b8
room02_A1_r1_event16,2,Highly reverberant hallway,highly_reverberant_hallway,A1,1,16,Acoustics Hallway.m4a,reports/phone_clap_demo/results/segments/m4a/room02_AcousticsHallway_m4a_ev16_A1_r1.wav,runs/e6_phone_raw_cache/raw_v1_seed42001_batch048.npy,7,False,False,False,22.788672106971365,44100,1.0,44100,1.0,audio/phone_recordings/highly_reverberant_hallway/A1_r1.wav,audio/inferred_rirs/highly_reverberant_hallway/A1_r1.wav,runs/matched_reg_1s/hybrid_shoebox_mit_but_ace_1000ms_full_c1_vm_seed42001/model_updates20000.pt,fa83b4108777231ef557379e8f7478aea1ab63f3e95449382edeaf85442d87fc,all normal protocol events; existing selected_for_demo flag retained,d54ae777c1e11c559c68bdbcbf7db5f439417cdf185280cff13c042fbf2a2ba4,672c067655700a96ca0ff70bb0fb47e871d44b6bd7d7dca3675cc5eda579cf2b
room02_A1_r2_event17,2,Highly reverberant hallway,highly_reverberant_hallway,A1,2,17,Acoustics Hallway.m4a,reports/phone_clap_demo/results/segments/m4a/room02_AcousticsHallway_m4a_ev17_A1_r2.wav,runs/e6_phone_raw_cache/raw_v1_seed42001_batch056.npy,0,False,False,False,28.745971385345168,44100,1.0,44100,1.0,audio/phone_recordings/highly_reverberant_hallway/A1_r2.wav,audio/inferred_rirs/highly_reverberant_hallway/A1_r2.wav,runs/matched_reg_1s/hybrid_shoebox_mit_but_ace_1000ms_full_c1_vm_seed42001/model_updates20000.pt,fa83b4108777231ef557379e8f7478aea1ab63f3e95449382edeaf85442d87fc,all normal protocol events; existing selected_for_demo flag retained,62084ed9bba3ac10efb30cdc378e7011ba5770d344ca2d44fb45882f2551da6a,07f87801ca9f4337d5830f028ea5556e9d5305562439043f61201f36efc737fd
room02_A1_r3_event18,2,Highly reverberant hallway,highly_reverberant_hallway,A1,3,18,Acoustics Hallway.m4a,reports/phone_clap_demo/results/segments/m4a/room02_AcousticsHallway_m4a_ev18_A1_r3.wav,runs/e6_phone_raw_cache/raw_v1_seed42001_batch056.npy,1,False,False,False,29.047360900197233,43354,0.9830839002267574,44100,1.0,audio/phone_recordings/highly_reverberant_hallway/A1_r3.wav,audio/inferred_rirs/highly_reverberant_hallway/A1_r3.wav,runs/matched_reg_1s/hybrid_shoebox_mit_but_ace_1000ms_full_c1_vm_seed42001/model_updates20000.pt,fa83b4108777231ef557379e8f7478aea1ab63f3e95449382edeaf85442d87fc,all normal protocol events; existing selected_for_demo flag retained,7c4b7667bb3051bbe18014eb1c2bf48081909c24e3556df078ca9c08d4ab8f0d,ac080d5305ca68b05b50ea3498fb413146ee7af49cefce8719f545d62f56f1b3
room02_A1_r4_event19,2,Highly reverberant hallway,highly_reverberant_hallway,A1,4,19,Acoustics Hallway.m4a,reports/phone_clap_demo/results/segments/m4a/room02_AcousticsHallway_m4a_ev19_A1_r4.wav,reports/phone_spectral_review/predictions.npz,11,True,True,False,31.592738978854463,44033,0.9984807256235828,44100,1.0,audio/phone_recordings/highly_reverberant_hallway/A1_r4.wav,audio/inferred_rirs/highly_reverberant_hallway/A1_r4.wav,runs/matched_reg_1s/hybrid_shoebox_mit_but_ace_1000ms_full_c1_vm_seed42001/model_updates20000.pt,fa83b4108777231ef557379e8f7478aea1ab63f3e95449382edeaf85442d87fc,"M4A normal protocol claps only, exclude clipped; highest existing pre-clap SNR per room/mode; event-index then filename tie break; all eight modes in protocol order",0f0ab705309b2090dddf02ec5263f8b6e9ca394a941cfba1bbefa44edfd5ba91,583e039e1126b769cdb3b12dc92d3a92b8259cd7b9cac9d1be8cbd5357648240
room02_A1_r5_event20,2,Highly reverberant hallway,highly_reverberant_hallway,A1,5,20,Acoustics Hallway.m4a,reports/phone_clap_demo/results/segments/m4a/room02_AcousticsHallway_m4a_ev20_A1_r5.wav,runs/e6_phone_raw_cache/raw_v1_seed42001_batch056.npy,3,False,False,False,27.00461798486004,44100,1.0,44100,1.0,audio/phone_recordings/highly_reverberant_hallway/A1_r5.wav,audio/inferred_rirs/highly_reverberant_hallway/A1_r5.wav,runs/matched_reg_1s/hybrid_shoebox_mit_but_ace_1000ms_full_c1_vm_seed42001/model_updates20000.pt,fa83b4108777231ef557379e8f7478aea1ab63f3e95449382edeaf85442d87fc,all normal protocol events; existing selected_for_demo flag retained,939ac4e5344d72b42df78b7fe99bedb7f68dd2d7334d64d16554bb774415e4e9,82edc77747be55945bab1562c79a2e99df074d6288b4f85f8084dd7c55ffd00e
room02_A2_r1_event21,2,Highly reverberant hallway,highly_reverberant_hallway,A2,1,21,Acoustics Hallway.m4a,reports/phone_clap_demo/results/segments/m4a/room02_AcousticsHallway_m4a_ev21_A2_r1.wav,runs/e6_phone_raw_cache/raw_v1_seed42001_batch056.npy,4,False,False,False,29.408526931064927,40352,0.9150113378684808,44100,1.0,audio/phone_recordings/highly_reverberant_hallway/A2_r1.wav,audio/inferred_rirs/highly_reverberant_hallway/A2_r1.wav,runs/matched_reg_1s/hybrid_shoebox_mit_but_ace_1000ms_full_c1_vm_seed42001/model_updates20000.pt,fa83b4108777231ef557379e8f7478aea1ab63f3e95449382edeaf85442d87fc,all normal protocol events; existing selected_for_demo flag retained,44b9a38c53084726607cb3fe0033ee4513e371afd82b99a79684954451679c25,a3096945f3623c015ec52c200674c7de45c6cfbedabaf464c2583cc3783b15e3
room02_A2_r2_event22,2,Highly reverberant hallway,highly_reverberant_hallway,A2,2,22,Acoustics Hallway.m4a,reports/phone_clap_demo/results/segments/m4a/room02_AcousticsHallway_m4a_ev22_A2_r2.wav,runs/e6_phone_raw_cache/raw_v1_seed42001_batch056.npy,5,False,False,False,29.880569429064025,40193,0.91140589569161,44100,1.0,audio/phone_recordings/highly_reverberant_hallway/A2_r2.wav,audio/inferred_rirs/highly_reverberant_hallway/A2_r2.wav,runs/matched_reg_1s/hybrid_shoebox_mit_but_ace_1000ms_full_c1_vm_seed42001/model_updates20000.pt,fa83b4108777231ef557379e8f7478aea1ab63f3e95449382edeaf85442d87fc,all normal protocol events; existing selected_for_demo flag retained,4f1569a6b6b16737783500ea74c5825965360ad9f0550340ccce37d0d91e0ded,db52ccc2eae75fab9e5ea438cadf7ed8e565d8d4650da6c843140fc91ae1f6db
room02_A2_r3_event23,2,Highly reverberant hallway,highly_reverberant_hallway,A2,3,23,Acoustics Hallway.m4a,reports/phone_clap_demo/results/segments/m4a/room02_AcousticsHallway_m4a_ev23_A2_r3.wav,reports/phone_spectral_review/predictions.npz,12,True,True,False,31.381231027769235,42116,0.9550113378684807,44100,1.0,audio/phone_recordings/highly_reverberant_hallway/A2_r3.wav,audio/inferred_rirs/highly_reverberant_hallway/A2_r3.wav,runs/matched_reg_1s/hybrid_shoebox_mit_but_ace_1000ms_full_c1_vm_seed42001/model_updates20000.pt,fa83b4108777231ef557379e8f7478aea1ab63f3e95449382edeaf85442d87fc,"M4A normal protocol claps only, exclude clipped; highest existing pre-clap SNR per room/mode; event-index then filename tie break; all eight modes in protocol order",0e12e7779f243e71718da79d76929926a8891cbbdc1fba8007e48e3cda5089ae,b3f349f3f611cc2c557f0cb09c54c907e9c77a48fa7d9a1b00a6e33ae2a3b9ec
room02_A2_r4_event24,2,Highly reverberant hallway,highly_reverberant_hallway,A2,4,24,Acoustics Hallway.m4a,reports/phone_clap_demo/results/segments/m4a/room02_AcousticsHallway_m4a_ev24_A2_r4.wav,runs/e6_phone_raw_cache/raw_v1_seed42001_batch056.npy,7,False,False,False,29.404717990467034,43682,0.9905215419501133,44100,1.0,audio/phone_recordings/highly_reverberant_hallway/A2_r4.wav,audio/inferred_rirs/highly_reverberant_hallway/A2_r4.wav,runs/matched_reg_1s/hybrid_shoebox_mit_but_ace_1000ms_full_c1_vm_seed42001/model_updates20000.pt,fa83b4108777231ef557379e8f7478aea1ab63f3e95449382edeaf85442d87fc,all normal protocol events; existing selected_for_demo flag retained,3d5605c912cf1725e5372bd44eba98346c03b17938d59f2701b6472cf5b2d1fc,3ca23dba58428330e782a22d48dde7e2e253b9ac62eb5fce5a27af55183b8a58
room02_A2_r5_event25,2,Highly reverberant hallway,highly_reverberant_hallway,A2,5,25,Acoustics Hallway.m4a,reports/phone_clap_demo/results/segments/m4a/room02_AcousticsHallway_m4a_ev25_A2_r5.wav,runs/e6_phone_raw_cache/raw_v1_seed42001_batch064.npy,0,False,False,False,30.53995781262755,44100,1.0,44100,1.0,audio/phone_recordings/highly_reverberant_hallway/A2_r5.wav,audio/inferred_rirs/highly_reverberant_hallway/A2_r5.wav,runs/matched_reg_1s/hybrid_shoebox_mit_but_ace_1000ms_full_c1_vm_seed42001/model_updates20000.pt,fa83b4108777231ef557379e8f7478aea1ab63f3e95449382edeaf85442d87fc,all normal protocol events; existing selected_for_demo flag retained,0b8c2cee5bb6143f3516f634c1013d3a2374cc163d5a1691c223e973c08f4e82,69f832093b19f9f0207e1f5ec6d4e035e05d59ffeb7a62796446744a6ffbc49e
room02_A3_r1_event26,2,Highly reverberant hallway,highly_reverberant_hallway,A3,1,26,Acoustics Hallway.m4a,reports/phone_clap_demo/results/segments/m4a/room02_AcousticsHallway_m4a_ev26_A3_r1.wav,runs/e6_phone_raw_cache/raw_v1_seed42001_batch064.npy,1,False,False,False,29.01049811007515,39539,0.8965759637188209,44100,1.0,audio/phone_recordings/highly_reverberant_hallway/A3_r1.wav,audio/inferred_rirs/highly_reverberant_hallway/A3_r1.wav,runs/matched_reg_1s/hybrid_shoebox_mit_but_ace_1000ms_full_c1_vm_seed42001/model_updates20000.pt,fa83b4108777231ef557379e8f7478aea1ab63f3e95449382edeaf85442d87fc,all normal protocol events; existing selected_for_demo flag retained,405ba547438d373cf540d3e533a8528cef6c0cde5f8f752db3f3831556cb4eeb,afdaa786e8e5bc578e7d0fdea40d44090cad5648bae1da24b924348db26f6773
room02_A3_r2_event27,2,Highly reverberant hallway,highly_reverberant_hallway,A3,2,27,Acoustics Hallway.m4a,reports/phone_clap_demo/results/segments/m4a/room02_AcousticsHallway_m4a_ev27_A3_r2.wav,runs/e6_phone_raw_cache/raw_v1_seed42001_batch064.npy,2,False,False,False,27.063080583392363,40727,0.9235147392290249,44100,1.0,audio/phone_recordings/highly_reverberant_hallway/A3_r2.wav,audio/inferred_rirs/highly_reverberant_hallway/A3_r2.wav,runs/matched_reg_1s/hybrid_shoebox_mit_but_ace_1000ms_full_c1_vm_seed42001/model_updates20000.pt,fa83b4108777231ef557379e8f7478aea1ab63f3e95449382edeaf85442d87fc,all normal protocol events; existing selected_for_demo flag retained,069900b3b38304f4aa1143cc5767c5887b4b81e07767061343453f8e3c240b74,4ea19a2b3c9d07fbdf0a086ccd8f2a0bcd43ff9b50778f060c9275cfef20c28c
room02_A3_r3_event28,2,Highly reverberant hallway,highly_reverberant_hallway,A3,3,28,Acoustics Hallway.m4a,reports/phone_clap_demo/results/segments/m4a/room02_AcousticsHallway_m4a_ev28_A3_r3.wav,runs/e6_phone_raw_cache/raw_v1_seed42001_batch064.npy,3,False,False,False,28.181611449311678,43445,0.9851473922902494,44100,1.0,audio/phone_recordings/highly_reverberant_hallway/A3_r3.wav,audio/inferred_rirs/highly_reverberant_hallway/A3_r3.wav,runs/matched_reg_1s/hybrid_shoebox_mit_but_ace_1000ms_full_c1_vm_seed42001/model_updates20000.pt,fa83b4108777231ef557379e8f7478aea1ab63f3e95449382edeaf85442d87fc,all normal protocol events; existing selected_for_demo flag retained,e5b602bb9970a25fbda9182e9fb3378e59996f67712223d6604449476c31535f,d3226873431c7e29e36bf3087ffe30e6a50de171f5124ef9f4e9652ccc1ea413
room02_A3_r4_event29,2,Highly reverberant hallway,highly_reverberant_hallway,A3,4,29,Acoustics Hallway.m4a,reports/phone_clap_demo/results/segments/m4a/room02_AcousticsHallway_m4a_ev29_A3_r4.wav,runs/e6_phone_raw_cache/raw_v1_seed42001_batch064.npy,4,False,False,False,30.873464453139555,41815,0.9481859410430838,44100,1.0,audio/phone_recordings/highly_reverberant_hallway/A3_r4.wav,audio/inferred_rirs/highly_reverberant_hallway/A3_r4.wav,runs/matched_reg_1s/hybrid_shoebox_mit_but_ace_1000ms_full_c1_vm_seed42001/model_updates20000.pt,fa83b4108777231ef557379e8f7478aea1ab63f3e95449382edeaf85442d87fc,all normal protocol events; existing selected_for_demo flag retained,9eaf5a16dd2f67ac7d69bb8d7906724e028c7f476f19057495629c06bd063fd1,4fb30ad8800970614299b21fab5c9e7a93a2d373984c40ad8b1257e19b10e27b
room02_A3_r5_event30,2,Highly reverberant hallway,highly_reverberant_hallway,A3,5,30,Acoustics Hallway.m4a,reports/phone_clap_demo/results/segments/m4a/room02_AcousticsHallway_m4a_ev30_A3_r5.wav,reports/phone_spectral_review/predictions.npz,13,True,True,False,31.644718120982372,44100,1.0,44100,1.0,audio/phone_recordings/highly_reverberant_hallway/A3_r5.wav,audio/inferred_rirs/highly_reverberant_hallway/A3_r5.wav,runs/matched_reg_1s/hybrid_shoebox_mit_but_ace_1000ms_full_c1_vm_seed42001/model_updates20000.pt,fa83b4108777231ef557379e8f7478aea1ab63f3e95449382edeaf85442d87fc,"M4A normal protocol claps only, exclude clipped; highest existing pre-clap SNR per room/mode; event-index then filename tie break; all eight modes in protocol order",beffeff96e6d3e3b776a9f889746efb605cba4874c5ba2df617a748fd8e1c73d,f1b7c0a057d26ecc48b70ff4a9bd7989e1aad6c79c39ab06585b079aa651a4a9
room02_A1minus_r1_event31,2,Highly reverberant hallway,highly_reverberant_hallway,A1-,1,31,Acoustics Hallway.m4a,reports/phone_clap_demo/results/segments/m4a/room02_AcousticsHallway_m4a_ev31_A1m_r1.wav,runs/e6_phone_raw_cache/raw_v1_seed42001_batch064.npy,6,False,False,False,27.269474044634308,41180,0.9337868480725624,44100,1.0,audio/phone_recordings/highly_reverberant_hallway/A1minus_r1.wav,audio/inferred_rirs/highly_reverberant_hallway/A1minus_r1.wav,runs/matched_reg_1s/hybrid_shoebox_mit_but_ace_1000ms_full_c1_vm_seed42001/model_updates20000.pt,fa83b4108777231ef557379e8f7478aea1ab63f3e95449382edeaf85442d87fc,all normal protocol events; existing selected_for_demo flag retained,67219c8f2cd43a9023b35120597fa1982ca57dbc84231e6a5f21c543fd024938,9e22ec32a3a1fcf97fa844552614d498acc966075d2d05e78cfff125902b9c30
room02_A1minus_r2_event32,2,Highly reverberant hallway,highly_reverberant_hallway,A1-,2,32,Acoustics Hallway.m4a,reports/phone_clap_demo/results/segments/m4a/room02_AcousticsHallway_m4a_ev32_A1m_r2.wav,runs/e6_phone_raw_cache/raw_v1_seed42001_batch064.npy,7,False,False,False,29.519014911058946,37820,0.8575963718820862,44100,1.0,audio/phone_recordings/highly_reverberant_hallway/A1minus_r2.wav,audio/inferred_rirs/highly_reverberant_hallway/A1minus_r2.wav,runs/matched_reg_1s/hybrid_shoebox_mit_but_ace_1000ms_full_c1_vm_seed42001/model_updates20000.pt,fa83b4108777231ef557379e8f7478aea1ab63f3e95449382edeaf85442d87fc,all normal protocol events; existing selected_for_demo flag retained,1f552c2f52ba8435cfa7ec67121eded94016377180f20e558b52178410524197,0755d082b5cea563dca7b49bf65143b494432b272f33573b002dfe483a484aa7
room02_A1minus_r3_event33,2,Highly reverberant hallway,highly_reverberant_hallway,A1-,3,33,Acoustics Hallway.m4a,reports/phone_clap_demo/results/segments/m4a/room02_AcousticsHallway_m4a_ev33_A1m_r3.wav,reports/phone_spectral_review/predictions.npz,14,True,True,False,29.843768887359992,42301,0.9592063492063492,44100,1.0,audio/phone_recordings/highly_reverberant_hallway/A1minus_r3.wav,audio/inferred_rirs/highly_reverberant_hallway/A1minus_r3.wav,runs/matched_reg_1s/hybrid_shoebox_mit_but_ace_1000ms_full_c1_vm_seed42001/model_updates20000.pt,fa83b4108777231ef557379e8f7478aea1ab63f3e95449382edeaf85442d87fc,"M4A normal protocol claps only, exclude clipped; highest existing pre-clap SNR per room/mode; event-index then filename tie break; all eight modes in protocol order",65da0fd86de5d0efb3aea37a31f62ebcf3b6654a2130f1e8c9ed1c02d478a46f,f31fabf38b8df535dcec439248c4c5b734831061c5c64ab1251177697993cb61
room02_A1minus_r4_event34,2,Highly reverberant hallway,highly_reverberant_hallway,A1-,4,34,Acoustics Hallway.m4a,reports/phone_clap_demo/results/segments/m4a/room02_AcousticsHallway_m4a_ev34_A1m_r4.wav,runs/e6_phone_raw_cache/raw_v1_seed42001_batch072.npy,1,False,False,False,29.312013785918083,40391,0.9158956916099773,44100,1.0,audio/phone_recordings/highly_reverberant_hallway/A1minus_r4.wav,audio/inferred_rirs/highly_reverberant_hallway/A1minus_r4.wav,runs/matched_reg_1s/hybrid_shoebox_mit_but_ace_1000ms_full_c1_vm_seed42001/model_updates20000.pt,fa83b4108777231ef557379e8f7478aea1ab63f3e95449382edeaf85442d87fc,all normal protocol events; existing selected_for_demo flag retained,c4257e918ec48ff2fc0a52d20d0e8b2cd5e7d12f58008ebcd27e286f8173335a,155ae22cf7f6a5724ecdd6268cc7ce23b5387535310cfc9dcd9966be64fca300
room02_A1minus_r5_event35,2,Highly reverberant hallway,highly_reverberant_hallway,A1-,5,35,Acoustics Hallway.m4a,reports/phone_clap_demo/results/segments/m4a/room02_AcousticsHallway_m4a_ev35_A1m_r5.wav,runs/e6_phone_raw_cache/raw_v1_seed42001_batch072.npy,2,False,False,False,20.67211656880532,44100,1.0,44100,1.0,audio/phone_recordings/highly_reverberant_hallway/A1minus_r5.wav,audio/inferred_rirs/highly_reverberant_hallway/A1minus_r5.wav,runs/matched_reg_1s/hybrid_shoebox_mit_but_ace_1000ms_full_c1_vm_seed42001/model_updates20000.pt,fa83b4108777231ef557379e8f7478aea1ab63f3e95449382edeaf85442d87fc,all normal protocol events; existing selected_for_demo flag retained,289667cb0c9f1b9a2b8c7f653dcb57d2e5e5360fdeeec8ef810e2ca9e487dbbb,1169d2f1c206753c46468b953b70f95d09d97beb5ce3f970553d025f76775aa6
room02_A1plus_r1_event36,2,Highly reverberant hallway,highly_reverberant_hallway,A1+,1,36,Acoustics Hallway.m4a,reports/phone_clap_demo/results/segments/m4a/room02_AcousticsHallway_m4a_ev36_A1p_r1.wav,runs/e6_phone_raw_cache/raw_v1_seed42001_batch072.npy,3,False,False,False,30.958830369856067,42587,0.9656916099773243,44100,1.0,audio/phone_recordings/highly_reverberant_hallway/A1plus_r1.wav,audio/inferred_rirs/highly_reverberant_hallway/A1plus_r1.wav,runs/matched_reg_1s/hybrid_shoebox_mit_but_ace_1000ms_full_c1_vm_seed42001/model_updates20000.pt,fa83b4108777231ef557379e8f7478aea1ab63f3e95449382edeaf85442d87fc,all normal protocol events; existing selected_for_demo flag retained,0ffbf553d781358cccfcc23e294585ca18af7bf9f8ee0469081c4b099573032d,1bb10ad921026142189d6272153873a0b9fa4204d771d66c384c4d831cac13c7
room02_A1plus_r2_event37,2,Highly reverberant hallway,highly_reverberant_hallway,A1+,2,37,Acoustics Hallway.m4a,reports/phone_clap_demo/results/segments/m4a/room02_AcousticsHallway_m4a_ev37_A1p_r2.wav,runs/e6_phone_raw_cache/raw_v1_seed42001_batch072.npy,4,False,False,False,32.017672044434306,41839,0.9487301587301588,44100,1.0,audio/phone_recordings/highly_reverberant_hallway/A1plus_r2.wav,audio/inferred_rirs/highly_reverberant_hallway/A1plus_r2.wav,runs/matched_reg_1s/hybrid_shoebox_mit_but_ace_1000ms_full_c1_vm_seed42001/model_updates20000.pt,fa83b4108777231ef557379e8f7478aea1ab63f3e95449382edeaf85442d87fc,all normal protocol events; existing selected_for_demo flag retained,32d3c8545d3c82472cab98fe9d1c299c809ae760c42a708f9faf2c839f67efce,d27cc95c6f3463c1fb469c89c30208f8f6e3dcc9f9f8c2d8a7e62165b0c616e4
room02_A1plus_r3_event38,2,Highly reverberant hallway,highly_reverberant_hallway,A1+,3,38,Acoustics Hallway.m4a,reports/phone_clap_demo/results/segments/m4a/room02_AcousticsHallway_m4a_ev38_A1p_r3.wav,reports/phone_spectral_review/predictions.npz,15,True,True,False,33.35332265095394,42767,0.9697732426303854,44100,1.0,audio/phone_recordings/highly_reverberant_hallway/A1plus_r3.wav,audio/inferred_rirs/highly_reverberant_hallway/A1plus_r3.wav,runs/matched_reg_1s/hybrid_shoebox_mit_but_ace_1000ms_full_c1_vm_seed42001/model_updates20000.pt,fa83b4108777231ef557379e8f7478aea1ab63f3e95449382edeaf85442d87fc,"M4A normal protocol claps only, exclude clipped; highest existing pre-clap SNR per room/mode; event-index then filename tie break; all eight modes in protocol order",7ee656547fb56639b6942da238e404b03f686bf066e4df5dbf606ef6925b084d,3127f0b323ec412fbfd09462f963d9daeea7c64d4893f132d34660fe5dd2cbc7
room02_A1plus_r4_event39,2,Highly reverberant hallway,highly_reverberant_hallway,A1+,4,39,Acoustics Hallway.m4a,reports/phone_clap_demo/results/segments/m4a/room02_AcousticsHallway_m4a_ev39_A1p_r4.wav,runs/e6_phone_raw_cache/raw_v1_seed42001_batch072.npy,6,False,False,False,30.771408126786653,41698,0.9455328798185941,44100,1.0,audio/phone_recordings/highly_reverberant_hallway/A1plus_r4.wav,audio/inferred_rirs/highly_reverberant_hallway/A1plus_r4.wav,runs/matched_reg_1s/hybrid_shoebox_mit_but_ace_1000ms_full_c1_vm_seed42001/model_updates20000.pt,fa83b4108777231ef557379e8f7478aea1ab63f3e95449382edeaf85442d87fc,all normal protocol events; existing selected_for_demo flag retained,39e99fd91e64823357652d22fd25ee23aa3b675955373b5b38f3521a91696aaa,a4851d39320803fbf09004f4678e0262092f2d16c03dc414ad1171c43e51bb16
room02_A1plus_r5_event40,2,Highly reverberant hallway,highly_reverberant_hallway,A1+,5,40,Acoustics Hallway.m4a,reports/phone_clap_demo/results/segments/m4a/room02_AcousticsHallway_m4a_ev40_A1p_r5.wav,runs/e6_phone_raw_cache/raw_v1_seed42001_batch072.npy,7,False,False,False,33.341065539666,44100,1.0,44100,1.0,audio/phone_recordings/highly_reverberant_hallway/A1plus_r5.wav,audio/inferred_rirs/highly_reverberant_hallway/A1plus_r5.wav,runs/matched_reg_1s/hybrid_shoebox_mit_but_ace_1000ms_full_c1_vm_seed42001/model_updates20000.pt,fa83b4108777231ef557379e8f7478aea1ab63f3e95449382edeaf85442d87fc,all normal protocol events; existing selected_for_demo flag retained,00a481749358c97239261516f12f8d027f75fdebc90c3f27027ef72dd5bb7425,26984fe8aa6bcc98f2fb7307969d25164caa74ad1c521e9b08877997918b6ac3
room03_P1_r1_event00,3,Small PC room,small_pc_room,P1,1,0,Small PC Room.m4a,reports/phone_clap_demo/results/segments/m4a/room03_SmallPCRoom_m4a_ev00_P1_r1.wav,runs/e6_phone_raw_cache/raw_v1_seed42001_batch080.npy,0,False,True,False,40.811285290810574,44100,1.0,44100,1.0,audio/phone_recordings/small_pc_room/P1_r1.wav,audio/inferred_rirs/small_pc_room/P1_r1.wav,runs/matched_reg_1s/hybrid_shoebox_mit_but_ace_1000ms_full_c1_vm_seed42001/model_updates20000.pt,fa83b4108777231ef557379e8f7478aea1ab63f3e95449382edeaf85442d87fc,all normal protocol events; existing selected_for_demo flag retained,1c14bfb99078a658ac64f5c3cac530c7dd93ebdd0cff1ec3da4b4b55af95a9e6,c0cf5da01e741d92c197f37964317bf2f4458c66cec2e50cb81143d36965b2cc
room03_P1_r2_event01,3,Small PC room,small_pc_room,P1,2,1,Small PC Room.m4a,reports/phone_clap_demo/results/segments/m4a/room03_SmallPCRoom_m4a_ev01_P1_r2.wav,runs/e6_phone_raw_cache/raw_v1_seed42001_batch080.npy,1,False,False,False,37.95888221143399,44100,1.0,44100,1.0,audio/phone_recordings/small_pc_room/P1_r2.wav,audio/inferred_rirs/small_pc_room/P1_r2.wav,runs/matched_reg_1s/hybrid_shoebox_mit_but_ace_1000ms_full_c1_vm_seed42001/model_updates20000.pt,fa83b4108777231ef557379e8f7478aea1ab63f3e95449382edeaf85442d87fc,all normal protocol events; existing selected_for_demo flag retained,54855a6017064ccf31ab349a8c0ad40bfec72155a54f3867b6c124105d67ec53,91c548707e04eae3b2ccd370e2339db0b8c488114de9189a38bf2760a0b8c811
room03_P1_r3_event02,3,Small PC room,small_pc_room,P1,3,2,Small PC Room.m4a,reports/phone_clap_demo/results/segments/m4a/room03_SmallPCRoom_m4a_ev02_P1_r3.wav,runs/e6_phone_raw_cache/raw_v1_seed42001_batch080.npy,2,False,False,False,38.69802989456331,44100,1.0,44100,1.0,audio/phone_recordings/small_pc_room/P1_r3.wav,audio/inferred_rirs/small_pc_room/P1_r3.wav,runs/matched_reg_1s/hybrid_shoebox_mit_but_ace_1000ms_full_c1_vm_seed42001/model_updates20000.pt,fa83b4108777231ef557379e8f7478aea1ab63f3e95449382edeaf85442d87fc,all normal protocol events; existing selected_for_demo flag retained,7f3417ffcc30a2c906ffcebd8189208ac82a62aef77a3c8314159a5b4668788a,22bbcda194e3847e78a40dd802cf08e50d2983b299404a54fab402455f485c35
room03_P1_r4_event03,3,Small PC room,small_pc_room,P1,4,3,Small PC Room.m4a,reports/phone_clap_demo/results/segments/m4a/room03_SmallPCRoom_m4a_ev03_P1_r4.wav,runs/e6_phone_raw_cache/raw_v1_seed42001_batch080.npy,3,False,False,False,38.18191410091892,44100,1.0,44100,1.0,audio/phone_recordings/small_pc_room/P1_r4.wav,audio/inferred_rirs/small_pc_room/P1_r4.wav,runs/matched_reg_1s/hybrid_shoebox_mit_but_ace_1000ms_full_c1_vm_seed42001/model_updates20000.pt,fa83b4108777231ef557379e8f7478aea1ab63f3e95449382edeaf85442d87fc,all normal protocol events; existing selected_for_demo flag retained,d9d944d83b1a7f5f5bf44b111aa4f7a2a3a610970997cf98f85e850e0ceeadae,c84b9e7a2906b93c027eaf6b35cc8dff86bb63026d00d55fc9ed97f0900dfb51
room03_P1_r5_event04,3,Small PC room,small_pc_room,P1,5,4,Small PC Room.m4a,reports/phone_clap_demo/results/segments/m4a/room03_SmallPCRoom_m4a_ev04_P1_r5.wav,runs/e6_phone_raw_cache/raw_v1_seed42001_batch080.npy,4,False,False,False,37.64677532591042,44100,1.0,44100,1.0,audio/phone_recordings/small_pc_room/P1_r5.wav,audio/inferred_rirs/small_pc_room/P1_r5.wav,runs/matched_reg_1s/hybrid_shoebox_mit_but_ace_1000ms_full_c1_vm_seed42001/model_updates20000.pt,fa83b4108777231ef557379e8f7478aea1ab63f3e95449382edeaf85442d87fc,all normal protocol events; existing selected_for_demo flag retained,b9e7266dd670ea843eda10578e657c2edf52e9a59b458824dc0bbf4aaecd41ae,1aa6ac5a00b5da5fa3b134774c65098e34c26e6ee1a3c2e63f47049e05a4935b
room03_P2_r1_event05,3,Small PC room,small_pc_room,P2,1,5,Small PC Room.m4a,reports/phone_clap_demo/results/segments/m4a/room03_SmallPCRoom_m4a_ev05_P2_r1.wav,runs/e6_phone_raw_cache/raw_v1_seed42001_batch080.npy,5,False,False,False,38.72051841189182,44100,1.0,44100,1.0,audio/phone_recordings/small_pc_room/P2_r1.wav,audio/inferred_rirs/small_pc_room/P2_r1.wav,runs/matched_reg_1s/hybrid_shoebox_mit_but_ace_1000ms_full_c1_vm_seed42001/model_updates20000.pt,fa83b4108777231ef557379e8f7478aea1ab63f3e95449382edeaf85442d87fc,all normal protocol events; existing selected_for_demo flag retained,9bc3b0b2db9514e64b241d73bc58e8bcd21f6e9298b61019655be8b345d96844,ace156cf13b2744224e36ed067c66d2e93c3b181f315f9bed3256d1e6aa40288
room03_P2_r2_event06,3,Small PC room,small_pc_room,P2,2,6,Small PC Room.m4a,reports/phone_clap_demo/results/segments/m4a/room03_SmallPCRoom_m4a_ev06_P2_r2.wav,runs/e6_phone_raw_cache/raw_v1_seed42001_batch080.npy,6,False,False,False,38.862516451025186,44100,1.0,44100,1.0,audio/phone_recordings/small_pc_room/P2_r2.wav,audio/inferred_rirs/small_pc_room/P2_r2.wav,runs/matched_reg_1s/hybrid_shoebox_mit_but_ace_1000ms_full_c1_vm_seed42001/model_updates20000.pt,fa83b4108777231ef557379e8f7478aea1ab63f3e95449382edeaf85442d87fc,all normal protocol events; existing selected_for_demo flag retained,fc1466a40c15c66382039967f637440401e77657ac05628ae89bd203dee9343c,1dc9cd6d3855dde3ea977e33a27664ebb30b7c7a2bd883528667e7b341117aad
room03_P2_r3_event07,3,Small PC room,small_pc_room,P2,3,7,Small PC Room.m4a,reports/phone_clap_demo/results/segments/m4a/room03_SmallPCRoom_m4a_ev07_P2_r3.wav,runs/e6_phone_raw_cache/raw_v1_seed42001_batch080.npy,7,False,True,False,39.470964203647355,44100,1.0,44100,1.0,audio/phone_recordings/small_pc_room/P2_r3.wav,audio/inferred_rirs/small_pc_room/P2_r3.wav,runs/matched_reg_1s/hybrid_shoebox_mit_but_ace_1000ms_full_c1_vm_seed42001/model_updates20000.pt,fa83b4108777231ef557379e8f7478aea1ab63f3e95449382edeaf85442d87fc,all normal protocol events; existing selected_for_demo flag retained,7d8a9d5b0edcf64fc36f4438f9d42a15f6ab9bda5e05313c348fce2eabd1aba3,640accc839b4cb50b5de70951cf85285db301585a75815ef3a5449c58b9e2bd1
room03_P2_r4_event08,3,Small PC room,small_pc_room,P2,4,8,Small PC Room.m4a,reports/phone_clap_demo/results/segments/m4a/room03_SmallPCRoom_m4a_ev08_P2_r4.wav,runs/e6_phone_raw_cache/raw_v1_seed42001_batch088.npy,0,False,False,False,38.91241861535635,44100,1.0,44100,1.0,audio/phone_recordings/small_pc_room/P2_r4.wav,audio/inferred_rirs/small_pc_room/P2_r4.wav,runs/matched_reg_1s/hybrid_shoebox_mit_but_ace_1000ms_full_c1_vm_seed42001/model_updates20000.pt,fa83b4108777231ef557379e8f7478aea1ab63f3e95449382edeaf85442d87fc,all normal protocol events; existing selected_for_demo flag retained,aa4c7157f946f78b562d8e219c0730e69c126c498225dfa8789fa806339a3e70,13b0be27e9b6f9ac7264e8663c65fa980988c55dfd2c62f5dc59db6a8727b409
room03_P2_r5_event09,3,Small PC room,small_pc_room,P2,5,9,Small PC Room.m4a,reports/phone_clap_demo/results/segments/m4a/room03_SmallPCRoom_m4a_ev09_P2_r5.wav,runs/e6_phone_raw_cache/raw_v1_seed42001_batch088.npy,1,False,False,False,38.324434836793685,44100,1.0,44100,1.0,audio/phone_recordings/small_pc_room/P2_r5.wav,audio/inferred_rirs/small_pc_room/P2_r5.wav,runs/matched_reg_1s/hybrid_shoebox_mit_but_ace_1000ms_full_c1_vm_seed42001/model_updates20000.pt,fa83b4108777231ef557379e8f7478aea1ab63f3e95449382edeaf85442d87fc,all normal protocol events; existing selected_for_demo flag retained,b6caaa07ca2bae52c4e2851f2bb5f545af9fb9d9958de304fa314f210d53bd25,47b723ed989ef4485815da84826cf4b85f1ed85ee87291f05c78d7ebdae9f376
room03_P3_r1_event10,3,Small PC room,small_pc_room,P3,1,10,Small PC Room.m4a,reports/phone_clap_demo/results/segments/m4a/room03_SmallPCRoom_m4a_ev10_P3_r1.wav,runs/e6_phone_raw_cache/raw_v1_seed42001_batch088.npy,2,False,True,False,37.56666029263234,44100,1.0,44100,1.0,audio/phone_recordings/small_pc_room/P3_r1.wav,audio/inferred_rirs/small_pc_room/P3_r1.wav,runs/matched_reg_1s/hybrid_shoebox_mit_but_ace_1000ms_full_c1_vm_seed42001/model_updates20000.pt,fa83b4108777231ef557379e8f7478aea1ab63f3e95449382edeaf85442d87fc,all normal protocol events; existing selected_for_demo flag retained,685b2884309b362935ffbd497a6b0e4663d5ae615f2daa52bf385de8c4a022d8,4ba55a41d60600e132faac10990e31bef06dfe2bb02b5538f71edd609bf68dbd
room03_P3_r2_event11,3,Small PC room,small_pc_room,P3,2,11,Small PC Room.m4a,reports/phone_clap_demo/results/segments/m4a/room03_SmallPCRoom_m4a_ev11_P3_r2.wav,runs/e6_phone_raw_cache/raw_v1_seed42001_batch088.npy,3,False,False,False,35.46626327494498,44100,1.0,44100,1.0,audio/phone_recordings/small_pc_room/P3_r2.wav,audio/inferred_rirs/small_pc_room/P3_r2.wav,runs/matched_reg_1s/hybrid_shoebox_mit_but_ace_1000ms_full_c1_vm_seed42001/model_updates20000.pt,fa83b4108777231ef557379e8f7478aea1ab63f3e95449382edeaf85442d87fc,all normal protocol events; existing selected_for_demo flag retained,9a70cdc0412790e63f6b6a0bd7ddb95f879fe193da33a36925182cbfe63128cf,e78a988d84bb50e2ccbf2fe3d07509632367c28e953f15b688b335702df8a2de
room03_P3_r3_event12,3,Small PC room,small_pc_room,P3,3,12,Small PC Room.m4a,reports/phone_clap_demo/results/segments/m4a/room03_SmallPCRoom_m4a_ev12_P3_r3.wav,runs/e6_phone_raw_cache/raw_v1_seed42001_batch088.npy,4,False,False,False,35.55715637212933,44100,1.0,44100,1.0,audio/phone_recordings/small_pc_room/P3_r3.wav,audio/inferred_rirs/small_pc_room/P3_r3.wav,runs/matched_reg_1s/hybrid_shoebox_mit_but_ace_1000ms_full_c1_vm_seed42001/model_updates20000.pt,fa83b4108777231ef557379e8f7478aea1ab63f3e95449382edeaf85442d87fc,all normal protocol events; existing selected_for_demo flag retained,54378223a8adfad80aa29a01eb40874856ed48006aecb5903fabe4653a29e389,468d6c0db5af280aaa0e439b42312fe676d7d87327b92310578de8ac406f7434
room03_P3_r4_event13,3,Small PC room,small_pc_room,P3,4,13,Small PC Room.m4a,reports/phone_clap_demo/results/segments/m4a/room03_SmallPCRoom_m4a_ev13_P3_r4.wav,runs/e6_phone_raw_cache/raw_v1_seed42001_batch088.npy,5,False,False,False,36.51742921026215,44100,1.0,44100,1.0,audio/phone_recordings/small_pc_room/P3_r4.wav,audio/inferred_rirs/small_pc_room/P3_r4.wav,runs/matched_reg_1s/hybrid_shoebox_mit_but_ace_1000ms_full_c1_vm_seed42001/model_updates20000.pt,fa83b4108777231ef557379e8f7478aea1ab63f3e95449382edeaf85442d87fc,all normal protocol events; existing selected_for_demo flag retained,c7327a254aab3f4bfbfee6f6be7d0404098fa5227e93d3382a4e553cd46e7109,7bb7ee8d0949cf7df005d796a231ea1303cd17dfdca897240dbd7d4e2dbe3c76
room03_P3_r5_event14,3,Small PC room,small_pc_room,P3,5,14,Small PC Room.m4a,reports/phone_clap_demo/results/segments/m4a/room03_SmallPCRoom_m4a_ev14_P3_r5.wav,runs/e6_phone_raw_cache/raw_v1_seed42001_batch088.npy,6,False,False,False,35.39820531181726,44100,1.0,44100,1.0,audio/phone_recordings/small_pc_room/P3_r5.wav,audio/inferred_rirs/small_pc_room/P3_r5.wav,runs/matched_reg_1s/hybrid_shoebox_mit_but_ace_1000ms_full_c1_vm_seed42001/model_updates20000.pt,fa83b4108777231ef557379e8f7478aea1ab63f3e95449382edeaf85442d87fc,all normal protocol events; existing selected_for_demo flag retained,23ef84b41ac7740c10d2ed4423b4cb9bd649c474ab4ae63f744656566d906793,f92ac829daa95b88d1589392313aad8587d9e06141bd8e324ef0c53ef28d9607
room03_A1_r1_event15,3,Small PC room,small_pc_room,A1,1,15,Small PC Room.m4a,reports/phone_clap_demo/results/segments/m4a/room03_SmallPCRoom_m4a_ev15_A1_r1.wav,runs/e6_phone_raw_cache/raw_v1_seed42001_batch088.npy,7,False,False,False,36.26014646718525,44100,1.0,44100,1.0,audio/phone_recordings/small_pc_room/A1_r1.wav,audio/inferred_rirs/small_pc_room/A1_r1.wav,runs/matched_reg_1s/hybrid_shoebox_mit_but_ace_1000ms_full_c1_vm_seed42001/model_updates20000.pt,fa83b4108777231ef557379e8f7478aea1ab63f3e95449382edeaf85442d87fc,all normal protocol events; existing selected_for_demo flag retained,3ada28374606a7e5ec2cc5e8f0f5d11d8e2a485671e7120fa7d575bd82fc8832,1e995c9ad564ac1a03e8958696b15bbc742b96665658e3847edb96253d35adf2
room03_A1_r2_event16,3,Small PC room,small_pc_room,A1,2,16,Small PC Room.m4a,reports/phone_clap_demo/results/segments/m4a/room03_SmallPCRoom_m4a_ev16_A1_r2.wav,runs/e6_phone_raw_cache/raw_v1_seed42001_batch096.npy,0,False,False,False,39.93609604843258,44100,1.0,44100,1.0,audio/phone_recordings/small_pc_room/A1_r2.wav,audio/inferred_rirs/small_pc_room/A1_r2.wav,runs/matched_reg_1s/hybrid_shoebox_mit_but_ace_1000ms_full_c1_vm_seed42001/model_updates20000.pt,fa83b4108777231ef557379e8f7478aea1ab63f3e95449382edeaf85442d87fc,all normal protocol events; existing selected_for_demo flag retained,6eb001b5c8081d379ccc2ea78d754bc2050a664a8fc19248c75e87cd95822b21,0ab6c9e92ae3ec835afa8e65b8b9c9aabc108c39319219750d29381702e06086
room03_A1_r3_event17,3,Small PC room,small_pc_room,A1,3,17,Small PC Room.m4a,reports/phone_clap_demo/results/segments/m4a/room03_SmallPCRoom_m4a_ev17_A1_r3.wav,runs/e6_phone_raw_cache/raw_v1_seed42001_batch096.npy,1,False,True,False,40.053063144906375,44100,1.0,44100,1.0,audio/phone_recordings/small_pc_room/A1_r3.wav,audio/inferred_rirs/small_pc_room/A1_r3.wav,runs/matched_reg_1s/hybrid_shoebox_mit_but_ace_1000ms_full_c1_vm_seed42001/model_updates20000.pt,fa83b4108777231ef557379e8f7478aea1ab63f3e95449382edeaf85442d87fc,all normal protocol events; existing selected_for_demo flag retained,783b7daa50e0bb0e1e5aeeebdc14385d6573c911cb5f11a7a871ecef103e0c72,648f49062b0bf13dcc00e6319aebbc6fbf915df3b972281eaa311edead3f3fde
room03_A1_r4_event18,3,Small PC room,small_pc_room,A1,4,18,Small PC Room.m4a,reports/phone_clap_demo/results/segments/m4a/room03_SmallPCRoom_m4a_ev18_A1_r4.wav,runs/e6_phone_raw_cache/raw_v1_seed42001_batch096.npy,2,False,False,False,34.91276309229755,44100,1.0,44100,1.0,audio/phone_recordings/small_pc_room/A1_r4.wav,audio/inferred_rirs/small_pc_room/A1_r4.wav,runs/matched_reg_1s/hybrid_shoebox_mit_but_ace_1000ms_full_c1_vm_seed42001/model_updates20000.pt,fa83b4108777231ef557379e8f7478aea1ab63f3e95449382edeaf85442d87fc,all normal protocol events; existing selected_for_demo flag retained,8d0f74ad25fab63316f020f43ea88243af1d7310c1a6c0c0e957917685a0137e,fa6ddffb3aeaba3717d935dc9eb6d2fbff9245a50b4301fd02a61cb7a4e0596f
room03_A1_r5_event19,3,Small PC room,small_pc_room,A1,5,19,Small PC Room.m4a,reports/phone_clap_demo/results/segments/m4a/room03_SmallPCRoom_m4a_ev19_A1_r5.wav,runs/e6_phone_raw_cache/raw_v1_seed42001_batch096.npy,3,False,False,False,37.78149894138926,44100,1.0,44100,1.0,audio/phone_recordings/small_pc_room/A1_r5.wav,audio/inferred_rirs/small_pc_room/A1_r5.wav,runs/matched_reg_1s/hybrid_shoebox_mit_but_ace_1000ms_full_c1_vm_seed42001/model_updates20000.pt,fa83b4108777231ef557379e8f7478aea1ab63f3e95449382edeaf85442d87fc,all normal protocol events; existing selected_for_demo flag retained,0f269f57882b10ceb9e07ca748d1aba267276c3a455b2a5d60b916bf6303f038,eda3931f7e8ab2ec4403798f8add730a5cee9a44d14672bd472c77f5e1586e63
room03_A2_r1_event20,3,Small PC room,small_pc_room,A2,1,20,Small PC Room.m4a,reports/phone_clap_demo/results/segments/m4a/room03_SmallPCRoom_m4a_ev20_A2_r1.wav,runs/e6_phone_raw_cache/raw_v1_seed42001_batch096.npy,4,False,False,False,37.3658815890637,44100,1.0,44100,1.0,audio/phone_recordings/small_pc_room/A2_r1.wav,audio/inferred_rirs/small_pc_room/A2_r1.wav,runs/matched_reg_1s/hybrid_shoebox_mit_but_ace_1000ms_full_c1_vm_seed42001/model_updates20000.pt,fa83b4108777231ef557379e8f7478aea1ab63f3e95449382edeaf85442d87fc,all normal protocol events; existing selected_for_demo flag retained,42ccdb905e43aa4d9b8596234280bf8e4dade00d4b877d51285357f0c4b212cd,da70191b6ade900f40e56bfb5633a6f27121aa54e24eabe723cf7ca980bb5879
room03_A2_r2_event21,3,Small PC room,small_pc_room,A2,2,21,Small PC Room.m4a,reports/phone_clap_demo/results/segments/m4a/room03_SmallPCRoom_m4a_ev21_A2_r2.wav,runs/e6_phone_raw_cache/raw_v1_seed42001_batch096.npy,5,False,True,False,41.20561657983,44100,1.0,44100,1.0,audio/phone_recordings/small_pc_room/A2_r2.wav,audio/inferred_rirs/small_pc_room/A2_r2.wav,runs/matched_reg_1s/hybrid_shoebox_mit_but_ace_1000ms_full_c1_vm_seed42001/model_updates20000.pt,fa83b4108777231ef557379e8f7478aea1ab63f3e95449382edeaf85442d87fc,all normal protocol events; existing selected_for_demo flag retained,1b34f6634de9a805e788d79b3e72313135c4e42b68bf2de746c6735a3db51e8e,8b36e5f2f6d95c2393d8a3fffda7f8c8a55f3cf2ccc221f548edc36bea51574b
room03_A2_r3_event22,3,Small PC room,small_pc_room,A2,3,22,Small PC Room.m4a,reports/phone_clap_demo/results/segments/m4a/room03_SmallPCRoom_m4a_ev22_A2_r3.wav,runs/e6_phone_raw_cache/raw_v1_seed42001_batch096.npy,6,False,False,False,40.32931357225853,44100,1.0,44100,1.0,audio/phone_recordings/small_pc_room/A2_r3.wav,audio/inferred_rirs/small_pc_room/A2_r3.wav,runs/matched_reg_1s/hybrid_shoebox_mit_but_ace_1000ms_full_c1_vm_seed42001/model_updates20000.pt,fa83b4108777231ef557379e8f7478aea1ab63f3e95449382edeaf85442d87fc,all normal protocol events; existing selected_for_demo flag retained,18d35726a6fe3e81cefe412a77fab08dd165c5c492c8cff95018262c16f3704d,e1b3f3d7a43d811484c874a0fab9469be8ff2650d3b94abcb6acf20dee837a46
room03_A2_r4_event23,3,Small PC room,small_pc_room,A2,4,23,Small PC Room.m4a,reports/phone_clap_demo/results/segments/m4a/room03_SmallPCRoom_m4a_ev23_A2_r4.wav,runs/e6_phone_raw_cache/raw_v1_seed42001_batch096.npy,7,False,False,False,38.838879178974466,44100,1.0,44100,1.0,audio/phone_recordings/small_pc_room/A2_r4.wav,audio/inferred_rirs/small_pc_room/A2_r4.wav,runs/matched_reg_1s/hybrid_shoebox_mit_but_ace_1000ms_full_c1_vm_seed42001/model_updates20000.pt,fa83b4108777231ef557379e8f7478aea1ab63f3e95449382edeaf85442d87fc,all normal protocol events; existing selected_for_demo flag retained,e5193aa62a48236644c803ff99106d8c9e0bf5cc547d24a8b8892dab5ccac750,4fb2d153059f181ab348947952136336afa9c21b7468d7f2c76269e7ceae1dbf
room03_A2_r5_event24,3,Small PC room,small_pc_room,A2,5,24,Small PC Room.m4a,reports/phone_clap_demo/results/segments/m4a/room03_SmallPCRoom_m4a_ev24_A2_r5.wav,runs/e6_phone_raw_cache/raw_v1_seed42001_batch104.npy,0,False,False,False,31.85224857126689,44100,1.0,44100,1.0,audio/phone_recordings/small_pc_room/A2_r5.wav,audio/inferred_rirs/small_pc_room/A2_r5.wav,runs/matched_reg_1s/hybrid_shoebox_mit_but_ace_1000ms_full_c1_vm_seed42001/model_updates20000.pt,fa83b4108777231ef557379e8f7478aea1ab63f3e95449382edeaf85442d87fc,all normal protocol events; existing selected_for_demo flag retained,20aa9582e84cd96187a4ab21fd965365071a958d1a6c2a663cadb20d30c13cae,d13b09b1165de8f87fd6bb5dddcfc087ff5ac25cdea53d903e71d076e94fa77e
room03_A3_r1_event25,3,Small PC room,small_pc_room,A3,1,25,Small PC Room.m4a,reports/phone_clap_demo/results/segments/m4a/room03_SmallPCRoom_m4a_ev25_A3_r1.wav,runs/e6_phone_raw_cache/raw_v1_seed42001_batch104.npy,1,False,False,False,38.37241901039236,43442,0.9850793650793651,44100,1.0,audio/phone_recordings/small_pc_room/A3_r1.wav,audio/inferred_rirs/small_pc_room/A3_r1.wav,runs/matched_reg_1s/hybrid_shoebox_mit_but_ace_1000ms_full_c1_vm_seed42001/model_updates20000.pt,fa83b4108777231ef557379e8f7478aea1ab63f3e95449382edeaf85442d87fc,all normal protocol events; existing selected_for_demo flag retained,77a4969ad12268c25cd9edfb76d10308898f6e392809856570e3870059cc462e,a0b75981ca531624549abae25dddcf051bb3ee4d3a0a1c3dc5fc53e8ade0a248
room03_A3_r2_event26,3,Small PC room,small_pc_room,A3,2,26,Small PC Room.m4a,reports/phone_clap_demo/results/segments/m4a/room03_SmallPCRoom_m4a_ev26_A3_r2.wav,runs/e6_phone_raw_cache/raw_v1_seed42001_batch104.npy,2,False,False,False,34.06285481879496,44100,1.0,44100,1.0,audio/phone_recordings/small_pc_room/A3_r2.wav,audio/inferred_rirs/small_pc_room/A3_r2.wav,runs/matched_reg_1s/hybrid_shoebox_mit_but_ace_1000ms_full_c1_vm_seed42001/model_updates20000.pt,fa83b4108777231ef557379e8f7478aea1ab63f3e95449382edeaf85442d87fc,all normal protocol events; existing selected_for_demo flag retained,9153113d77a61973268b573fdcebba86a8dff3b033a5b31f5ed5dd315c75dea2,cd749058ca5a41d28ea9817a938482d1709db0c59fdc1807186823cf1b09bfe1
room03_A3_r3_event27,3,Small PC room,small_pc_room,A3,3,27,Small PC Room.m4a,reports/phone_clap_demo/results/segments/m4a/room03_SmallPCRoom_m4a_ev27_A3_r3.wav,runs/e6_phone_raw_cache/raw_v1_seed42001_batch104.npy,3,False,False,False,39.64296346625535,44100,1.0,44100,1.0,audio/phone_recordings/small_pc_room/A3_r3.wav,audio/inferred_rirs/small_pc_room/A3_r3.wav,runs/matched_reg_1s/hybrid_shoebox_mit_but_ace_1000ms_full_c1_vm_seed42001/model_updates20000.pt,fa83b4108777231ef557379e8f7478aea1ab63f3e95449382edeaf85442d87fc,all normal protocol events; existing selected_for_demo flag retained,77efbf27d430fc818a740398b185a9f3f95d391ded344d6bb183f1a93f8f0157,688796ed510e6b49d67a8704ea547143f175e570c1c3c5ea45ac3afec6440a8a
room03_A3_r4_event28,3,Small PC room,small_pc_room,A3,4,28,Small PC Room.m4a,reports/phone_clap_demo/results/segments/m4a/room03_SmallPCRoom_m4a_ev28_A3_r4.wav,runs/e6_phone_raw_cache/raw_v1_seed42001_batch104.npy,4,False,False,False,36.366324829164526,44100,1.0,44100,1.0,audio/phone_recordings/small_pc_room/A3_r4.wav,audio/inferred_rirs/small_pc_room/A3_r4.wav,runs/matched_reg_1s/hybrid_shoebox_mit_but_ace_1000ms_full_c1_vm_seed42001/model_updates20000.pt,fa83b4108777231ef557379e8f7478aea1ab63f3e95449382edeaf85442d87fc,all normal protocol events; existing selected_for_demo flag retained,00365e1b78febe98597b4d8ec58f1797c736142b89d61f50a719cbe966eeba9b,5484094f0baa11a7e548a4525c8486e368ea81d580575b94745f65bae692c50a
room03_A3_r5_event29,3,Small PC room,small_pc_room,A3,5,29,Small PC Room.m4a,reports/phone_clap_demo/results/segments/m4a/room03_SmallPCRoom_m4a_ev29_A3_r5.wav,runs/e6_phone_raw_cache/raw_v1_seed42001_batch104.npy,5,False,True,False,41.42137974909164,44100,1.0,44100,1.0,audio/phone_recordings/small_pc_room/A3_r5.wav,audio/inferred_rirs/small_pc_room/A3_r5.wav,runs/matched_reg_1s/hybrid_shoebox_mit_but_ace_1000ms_full_c1_vm_seed42001/model_updates20000.pt,fa83b4108777231ef557379e8f7478aea1ab63f3e95449382edeaf85442d87fc,all normal protocol events; existing selected_for_demo flag retained,9f3e3a70ebcffc16e9759f3cd30893e1bf8dd0095db1c21a938ddf2027d0ed2d,6af6f66247fc620418fecb87893e1b2cc01fa11dd21c5b4d2c6725f92061949f
room03_A1minus_r1_event30,3,Small PC room,small_pc_room,A1-,1,30,Small PC Room.m4a,reports/phone_clap_demo/results/segments/m4a/room03_SmallPCRoom_m4a_ev30_A1m_r1.wav,runs/e6_phone_raw_cache/raw_v1_seed42001_batch104.npy,6,False,False,False,42.919233401407425,44100,1.0,44100,1.0,audio/phone_recordings/small_pc_room/A1minus_r1.wav,audio/inferred_rirs/small_pc_room/A1minus_r1.wav,runs/matched_reg_1s/hybrid_shoebox_mit_but_ace_1000ms_full_c1_vm_seed42001/model_updates20000.pt,fa83b4108777231ef557379e8f7478aea1ab63f3e95449382edeaf85442d87fc,all normal protocol events; existing selected_for_demo flag retained,379dffc86d1acab72ef5951d8c7b00ff2229f3c19a3f128bfecb618c52f8f7c0,2c67b03cd936d7100a17eff405ca03987176b081d4edaa5b5da39a33f29862c9
room03_A1minus_r2_event31,3,Small PC room,small_pc_room,A1-,2,31,Small PC Room.m4a,reports/phone_clap_demo/results/segments/m4a/room03_SmallPCRoom_m4a_ev31_A1m_r2.wav,runs/e6_phone_raw_cache/raw_v1_seed42001_batch104.npy,7,False,True,False,43.025462082188895,44100,1.0,44100,1.0,audio/phone_recordings/small_pc_room/A1minus_r2.wav,audio/inferred_rirs/small_pc_room/A1minus_r2.wav,runs/matched_reg_1s/hybrid_shoebox_mit_but_ace_1000ms_full_c1_vm_seed42001/model_updates20000.pt,fa83b4108777231ef557379e8f7478aea1ab63f3e95449382edeaf85442d87fc,all normal protocol events; existing selected_for_demo flag retained,3bae6840968249f649a3f1a05357f8d69faf8efa988bfe86b9f024ffaf3ee8e3,09a61a926b51d849d222e754fe3726d8923604d9bd60d8a431cc8ada5c95e421
room03_A1minus_r3_event32,3,Small PC room,small_pc_room,A1-,3,32,Small PC Room.m4a,reports/phone_clap_demo/results/segments/m4a/room03_SmallPCRoom_m4a_ev32_A1m_r3.wav,runs/e6_phone_raw_cache/raw_v1_seed42001_batch112.npy,0,False,False,False,41.65815397641941,44100,1.0,44100,1.0,audio/phone_recordings/small_pc_room/A1minus_r3.wav,audio/inferred_rirs/small_pc_room/A1minus_r3.wav,runs/matched_reg_1s/hybrid_shoebox_mit_but_ace_1000ms_full_c1_vm_seed42001/model_updates20000.pt,fa83b4108777231ef557379e8f7478aea1ab63f3e95449382edeaf85442d87fc,all normal protocol events; existing selected_for_demo flag retained,fe860b29da162f62ea1cc1d17e695b04d01f16b7405053359d4bd7cda185071a,3d36cbb55ffac5edf2c781d38d555d711b6310a43ea674448393625b13a3578f
room03_A1minus_r4_event33,3,Small PC room,small_pc_room,A1-,4,33,Small PC Room.m4a,reports/phone_clap_demo/results/segments/m4a/room03_SmallPCRoom_m4a_ev33_A1m_r4.wav,runs/e6_phone_raw_cache/raw_v1_seed42001_batch112.npy,1,False,False,False,42.44683653779499,44100,1.0,44100,1.0,audio/phone_recordings/small_pc_room/A1minus_r4.wav,audio/inferred_rirs/small_pc_room/A1minus_r4.wav,runs/matched_reg_1s/hybrid_shoebox_mit_but_ace_1000ms_full_c1_vm_seed42001/model_updates20000.pt,fa83b4108777231ef557379e8f7478aea1ab63f3e95449382edeaf85442d87fc,all normal protocol events; existing selected_for_demo flag retained,e9c10472f6e122e7cf9dea8c32a8cd4d1ef8f21d1bfd0e68cb6a9422ade215c8,7a7cbf67f702056c9801b2fe78e999e1c0095a649091826b43de249978009f35
room03_A1minus_r5_event34,3,Small PC room,small_pc_room,A1-,5,34,Small PC Room.m4a,reports/phone_clap_demo/results/segments/m4a/room03_SmallPCRoom_m4a_ev34_A1m_r5.wav,runs/e6_phone_raw_cache/raw_v1_seed42001_batch112.npy,2,False,False,False,42.829302000143684,44100,1.0,44100,1.0,audio/phone_recordings/small_pc_room/A1minus_r5.wav,audio/inferred_rirs/small_pc_room/A1minus_r5.wav,runs/matched_reg_1s/hybrid_shoebox_mit_but_ace_1000ms_full_c1_vm_seed42001/model_updates20000.pt,fa83b4108777231ef557379e8f7478aea1ab63f3e95449382edeaf85442d87fc,all normal protocol events; existing selected_for_demo flag retained,5d5051e9c67fa6ed21ac161d0444e297f5d277a27988189ccb94d0b5168f1a22,cc842ba32dd7392dc217f0aa5f81c14a22e0e3497b5049a48a00ebdf5ea5118e
room03_A1plus_r1_event35,3,Small PC room,small_pc_room,A1+,1,35,Small PC Room.m4a,reports/phone_clap_demo/results/segments/m4a/room03_SmallPCRoom_m4a_ev35_A1p_r1.wav,runs/e6_phone_raw_cache/raw_v1_seed42001_batch112.npy,3,False,False,False,44.878199249891566,43027,0.9756689342403628,44100,1.0,audio/phone_recordings/small_pc_room/A1plus_r1.wav,audio/inferred_rirs/small_pc_room/A1plus_r1.wav,runs/matched_reg_1s/hybrid_shoebox_mit_but_ace_1000ms_full_c1_vm_seed42001/model_updates20000.pt,fa83b4108777231ef557379e8f7478aea1ab63f3e95449382edeaf85442d87fc,all normal protocol events; existing selected_for_demo flag retained,e54d7746e9626c938288b33fde36332e92cbe359a64f51c428b2419a3bd6e763,fff1255ce656e79d129ba06fa7343ba4731c50ca20560db5c7852f1bad86d85f
room03_A1plus_r2_event36,3,Small PC room,small_pc_room,A1+,2,36,Small PC Room.m4a,reports/phone_clap_demo/results/segments/m4a/room03_SmallPCRoom_m4a_ev36_A1p_r2.wav,runs/e6_phone_raw_cache/raw_v1_seed42001_batch112.npy,4,False,False,False,43.54328928124583,43337,0.9826984126984127,44100,1.0,audio/phone_recordings/small_pc_room/A1plus_r2.wav,audio/inferred_rirs/small_pc_room/A1plus_r2.wav,runs/matched_reg_1s/hybrid_shoebox_mit_but_ace_1000ms_full_c1_vm_seed42001/model_updates20000.pt,fa83b4108777231ef557379e8f7478aea1ab63f3e95449382edeaf85442d87fc,all normal protocol events; existing selected_for_demo flag retained,52b18323963d86f0576d9be8ad2b22b1d0a40955745622f854707455e9383bf7,9b4f523295c9c64fab381110671ae77a3d0e2dfdb2654aee8e7b2b3c9158b2a7
room03_A1plus_r3_event37,3,Small PC room,small_pc_room,A1+,3,37,Small PC Room.m4a,reports/phone_clap_demo/results/segments/m4a/room03_SmallPCRoom_m4a_ev37_A1p_r3.wav,runs/e6_phone_raw_cache/raw_v1_seed42001_batch112.npy,5,False,False,False,39.7973588553929,43241,0.9805215419501134,44100,1.0,audio/phone_recordings/small_pc_room/A1plus_r3.wav,audio/inferred_rirs/small_pc_room/A1plus_r3.wav,runs/matched_reg_1s/hybrid_shoebox_mit_but_ace_1000ms_full_c1_vm_seed42001/model_updates20000.pt,fa83b4108777231ef557379e8f7478aea1ab63f3e95449382edeaf85442d87fc,all normal protocol events; existing selected_for_demo flag retained,cca1c05bf0e8e2299bec94727d0621a315d0da0aea1937f092d615fecde706e1,6250b263ced2f9d8876d3dad49c655edb448719a3c450736e85d53519d8adc0c
room03_A1plus_r4_event38,3,Small PC room,small_pc_room,A1+,4,38,Small PC Room.m4a,reports/phone_clap_demo/results/segments/m4a/room03_SmallPCRoom_m4a_ev38_A1p_r4.wav,runs/e6_phone_raw_cache/raw_v1_seed42001_batch112.npy,6,False,False,False,42.338654987497804,44100,1.0,44100,1.0,audio/phone_recordings/small_pc_room/A1plus_r4.wav,audio/inferred_rirs/small_pc_room/A1plus_r4.wav,runs/matched_reg_1s/hybrid_shoebox_mit_but_ace_1000ms_full_c1_vm_seed42001/model_updates20000.pt,fa83b4108777231ef557379e8f7478aea1ab63f3e95449382edeaf85442d87fc,all normal protocol events; existing selected_for_demo flag retained,0f1d0400e1ae675437aa60cddc9c1354c3968c0cbbe2f7a4b10098adf53296ab,7161030a3a46403ec6ead5ec594c223cb927c585df22c0165f5fa7567bcc5e02
room03_A1plus_r5_event39,3,Small PC room,small_pc_room,A1+,5,39,Small PC Room.m4a,reports/phone_clap_demo/results/segments/m4a/room03_SmallPCRoom_m4a_ev39_A1p_r5.wav,runs/e6_phone_raw_cache/raw_v1_seed42001_batch112.npy,7,False,True,False,45.03033889159049,44100,1.0,44100,1.0,audio/phone_recordings/small_pc_room/A1plus_r5.wav,audio/inferred_rirs/small_pc_room/A1plus_r5.wav,runs/matched_reg_1s/hybrid_shoebox_mit_but_ace_1000ms_full_c1_vm_seed42001/model_updates20000.pt,fa83b4108777231ef557379e8f7478aea1ab63f3e95449382edeaf85442d87fc,all normal protocol events; existing selected_for_demo flag retained,ddb9460ace377c39ce339b0c161618680f7702020bcda166be6a538928a7d3f3,9ec2f5feb6ffd0bfaea6ecf79616325b81b59546d95dfb891ca92fe3a47e99d6
room04_P1_r1_event00,4,Bathroom,bathroom,P1,1,0,Bathroom.m4a,reports/phone_clap_demo/results/segments/m4a/room04_Bathroom_m4a_ev00_P1_r1.wav,runs/e6_phone_raw_cache/raw_v1_seed42001_batch120.npy,0,False,False,False,46.5140418777067,44100,1.0,44100,1.0,audio/phone_recordings/bathroom/P1_r1.wav,audio/inferred_rirs/bathroom/P1_r1.wav,runs/matched_reg_1s/hybrid_shoebox_mit_but_ace_1000ms_full_c1_vm_seed42001/model_updates20000.pt,fa83b4108777231ef557379e8f7478aea1ab63f3e95449382edeaf85442d87fc,all normal protocol events; existing selected_for_demo flag retained,903eb0709a0ba60b69889de2a30f683f5156fcad824a4696d583fc27d918f954,9b484c26fb3550b323192c5ce0e38d75fde349ff1e92581951db9637171ee017
room04_P1_r2_event01,4,Bathroom,bathroom,P1,2,1,Bathroom.m4a,reports/phone_clap_demo/results/segments/m4a/room04_Bathroom_m4a_ev01_P1_r2.wav,runs/e6_phone_raw_cache/raw_v1_seed42001_batch120.npy,1,False,False,False,49.08417379202047,44100,1.0,44100,1.0,audio/phone_recordings/bathroom/P1_r2.wav,audio/inferred_rirs/bathroom/P1_r2.wav,runs/matched_reg_1s/hybrid_shoebox_mit_but_ace_1000ms_full_c1_vm_seed42001/model_updates20000.pt,fa83b4108777231ef557379e8f7478aea1ab63f3e95449382edeaf85442d87fc,all normal protocol events; existing selected_for_demo flag retained,902bb525e8eb5f45e2ba837da696849e65494f095b64d09b497990f847596350,fbc97ef01190176f9d37b7c0ce98ffc2c78c786432487efc1d1fbfa638a55ec6
room04_P1_r3_event02,4,Bathroom,bathroom,P1,3,2,Bathroom.m4a,reports/phone_clap_demo/results/segments/m4a/room04_Bathroom_m4a_ev02_P1_r3.wav,runs/e6_phone_raw_cache/raw_v1_seed42001_batch120.npy,2,False,True,False,50.98812340982222,44100,1.0,44100,1.0,audio/phone_recordings/bathroom/P1_r3.wav,audio/inferred_rirs/bathroom/P1_r3.wav,runs/matched_reg_1s/hybrid_shoebox_mit_but_ace_1000ms_full_c1_vm_seed42001/model_updates20000.pt,fa83b4108777231ef557379e8f7478aea1ab63f3e95449382edeaf85442d87fc,all normal protocol events; existing selected_for_demo flag retained,9485122428fd824bc1cf17037aac78d1323968011803f91b7a32b996a5c0b3b0,b02b02da357071a78cbf31bc439e298020502adf810ef0ea143c533c7906b28d
room04_P1_r4_event03,4,Bathroom,bathroom,P1,4,3,Bathroom.m4a,reports/phone_clap_demo/results/segments/m4a/room04_Bathroom_m4a_ev03_P1_r4.wav,runs/e6_phone_raw_cache/raw_v1_seed42001_batch120.npy,3,False,False,False,49.20327746545268,44100,1.0,44100,1.0,audio/phone_recordings/bathroom/P1_r4.wav,audio/inferred_rirs/bathroom/P1_r4.wav,runs/matched_reg_1s/hybrid_shoebox_mit_but_ace_1000ms_full_c1_vm_seed42001/model_updates20000.pt,fa83b4108777231ef557379e8f7478aea1ab63f3e95449382edeaf85442d87fc,all normal protocol events; existing selected_for_demo flag retained,f05553db9080f857bbf2fcc1abef3e68a5a3f4807fd48fa23523b6a6fc6cb894,7b1d39037ff9fc18b3d84c2b52c5f4245ef394dd7ab9a4f74b82e697d7f1cb1f
room04_P1_r5_event04,4,Bathroom,bathroom,P1,5,4,Bathroom.m4a,reports/phone_clap_demo/results/segments/m4a/room04_Bathroom_m4a_ev04_P1_r5.wav,runs/e6_phone_raw_cache/raw_v1_seed42001_batch120.npy,4,False,False,False,49.38803215084525,44100,1.0,44100,1.0,audio/phone_recordings/bathroom/P1_r5.wav,audio/inferred_rirs/bathroom/P1_r5.wav,runs/matched_reg_1s/hybrid_shoebox_mit_but_ace_1000ms_full_c1_vm_seed42001/model_updates20000.pt,fa83b4108777231ef557379e8f7478aea1ab63f3e95449382edeaf85442d87fc,all normal protocol events; existing selected_for_demo flag retained,ef8ccd1a000312665aaeb9f4773459d8e110ea45c73a2b186dbde807b7f0de22,a4b849be7b27fdccd16b5ef4da106f1aff8be8ba7609118b1959c87d8db9c5d6
room04_P2_r1_event05,4,Bathroom,bathroom,P2,1,5,Bathroom.m4a,reports/phone_clap_demo/results/segments/m4a/room04_Bathroom_m4a_ev05_P2_r1.wav,runs/e6_phone_raw_cache/raw_v1_seed42001_batch120.npy,5,False,False,True,46.85956441746021,44100,1.0,44100,1.0,audio/phone_recordings/bathroom/P2_r1.wav,audio/inferred_rirs/bathroom/P2_r1.wav,runs/matched_reg_1s/hybrid_shoebox_mit_but_ace_1000ms_full_c1_vm_seed42001/model_updates20000.pt,fa83b4108777231ef557379e8f7478aea1ab63f3e95449382edeaf85442d87fc,all normal protocol events; existing selected_for_demo flag retained,be5111b7b33f33368fa0d00263d790d6440be2c1ccc727e2d90eae82e497cffa,3d3383083db51cb3217a9b38ffb016085049f08fbcebf10332f945de479698e3
room04_P2_r2_event06,4,Bathroom,bathroom,P2,2,6,Bathroom.m4a,reports/phone_clap_demo/results/segments/m4a/room04_Bathroom_m4a_ev06_P2_r2.wav,runs/e6_phone_raw_cache/raw_v1_seed42001_batch120.npy,6,False,False,False,48.6612124594796,44100,1.0,44100,1.0,audio/phone_recordings/bathroom/P2_r2.wav,audio/inferred_rirs/bathroom/P2_r2.wav,runs/matched_reg_1s/hybrid_shoebox_mit_but_ace_1000ms_full_c1_vm_seed42001/model_updates20000.pt,fa83b4108777231ef557379e8f7478aea1ab63f3e95449382edeaf85442d87fc,all normal protocol events; existing selected_for_demo flag retained,4ff7f315445326ac4b2ad98f3e7dd9be671e97fbb8f70933eadc896d6a91c273,20b2e6d543ccf6d9afccf90ce44ec3f19978b5a7319fdc23cfcac433489062cb
room04_P2_r3_event07,4,Bathroom,bathroom,P2,3,7,Bathroom.m4a,reports/phone_clap_demo/results/segments/m4a/room04_Bathroom_m4a_ev07_P2_r3.wav,runs/e6_phone_raw_cache/raw_v1_seed42001_batch120.npy,7,False,False,False,46.46313748356999,44100,1.0,44100,1.0,audio/phone_recordings/bathroom/P2_r3.wav,audio/inferred_rirs/bathroom/P2_r3.wav,runs/matched_reg_1s/hybrid_shoebox_mit_but_ace_1000ms_full_c1_vm_seed42001/model_updates20000.pt,fa83b4108777231ef557379e8f7478aea1ab63f3e95449382edeaf85442d87fc,all normal protocol events; existing selected_for_demo flag retained,c11c5459b54eb33424b14a8b5466921c1dd59a81b11c2deb7cb9a380449171b4,792d95cc339982df3e1a28f383da46f86ba3176627ba499e3687720f12e5f5b8
room04_P2_r4_event08,4,Bathroom,bathroom,P2,4,8,Bathroom.m4a,reports/phone_clap_demo/results/segments/m4a/room04_Bathroom_m4a_ev08_P2_r4.wav,runs/e6_phone_raw_cache/raw_v1_seed42001_batch128.npy,0,False,True,False,50.167381879497846,44100,1.0,44100,1.0,audio/phone_recordings/bathroom/P2_r4.wav,audio/inferred_rirs/bathroom/P2_r4.wav,runs/matched_reg_1s/hybrid_shoebox_mit_but_ace_1000ms_full_c1_vm_seed42001/model_updates20000.pt,fa83b4108777231ef557379e8f7478aea1ab63f3e95449382edeaf85442d87fc,all normal protocol events; existing selected_for_demo flag retained,e65f898df1cb289a7688f1bccc53c3adc8d0d468c2205e8139c77fdda560004b,6b1ccd9a9642881f269f8fb60d91557b51f58d5e4b3bc41ebbb267a00919db53
room04_P2_r5_event09,4,Bathroom,bathroom,P2,5,9,Bathroom.m4a,reports/phone_clap_demo/results/segments/m4a/room04_Bathroom_m4a_ev09_P2_r5.wav,runs/e6_phone_raw_cache/raw_v1_seed42001_batch128.npy,1,False,False,False,46.07950614504773,44100,1.0,44100,1.0,audio/phone_recordings/bathroom/P2_r5.wav,audio/inferred_rirs/bathroom/P2_r5.wav,runs/matched_reg_1s/hybrid_shoebox_mit_but_ace_1000ms_full_c1_vm_seed42001/model_updates20000.pt,fa83b4108777231ef557379e8f7478aea1ab63f3e95449382edeaf85442d87fc,all normal protocol events; existing selected_for_demo flag retained,f5dafd220e8ff81823db3c443004c275b55a07087b48691fc751827dfd916cb2,662d316ce05c34597cabd084d78290784e92371a14c9f28c4c817ab75d8a6fd3
room04_P3_r1_event10,4,Bathroom,bathroom,P3,1,10,Bathroom.m4a,reports/phone_clap_demo/results/segments/m4a/room04_Bathroom_m4a_ev10_P3_r1.wav,runs/e6_phone_raw_cache/raw_v1_seed42001_batch128.npy,2,False,False,False,50.15838257870607,44100,1.0,44100,1.0,audio/phone_recordings/bathroom/P3_r1.wav,audio/inferred_rirs/bathroom/P3_r1.wav,runs/matched_reg_1s/hybrid_shoebox_mit_but_ace_1000ms_full_c1_vm_seed42001/model_updates20000.pt,fa83b4108777231ef557379e8f7478aea1ab63f3e95449382edeaf85442d87fc,all normal protocol events; existing selected_for_demo flag retained,c1857c4cef60ed038c5e32296d868fdd841f14fc1997c68d56c710702d9b859e,7bc9ad323a52d3f3d4aedbe83370b982a2019bf2e0294b14f9507e76aaad80c0
room04_P3_r2_event11,4,Bathroom,bathroom,P3,2,11,Bathroom.m4a,reports/phone_clap_demo/results/segments/m4a/room04_Bathroom_m4a_ev11_P3_r2.wav,runs/e6_phone_raw_cache/raw_v1_seed42001_batch128.npy,3,False,False,False,49.375785597363816,44100,1.0,44100,1.0,audio/phone_recordings/bathroom/P3_r2.wav,audio/inferred_rirs/bathroom/P3_r2.wav,runs/matched_reg_1s/hybrid_shoebox_mit_but_ace_1000ms_full_c1_vm_seed42001/model_updates20000.pt,fa83b4108777231ef557379e8f7478aea1ab63f3e95449382edeaf85442d87fc,all normal protocol events; existing selected_for_demo flag retained,8e0726599b0fa7053f23f7cf38a6b41d343d7813e1902e1695c09fa31f920dcd,25ab895a0330a0b2ec5585ad5f493918c38891ec91a13ad7ad028264f90d8a73
room04_P3_r3_event12,4,Bathroom,bathroom,P3,3,12,Bathroom.m4a,reports/phone_clap_demo/results/segments/m4a/room04_Bathroom_m4a_ev12_P3_r3.wav,runs/e6_phone_raw_cache/raw_v1_seed42001_batch128.npy,4,False,False,False,50.821233475642174,44100,1.0,44100,1.0,audio/phone_recordings/bathroom/P3_r3.wav,audio/inferred_rirs/bathroom/P3_r3.wav,runs/matched_reg_1s/hybrid_shoebox_mit_but_ace_1000ms_full_c1_vm_seed42001/model_updates20000.pt,fa83b4108777231ef557379e8f7478aea1ab63f3e95449382edeaf85442d87fc,all normal protocol events; existing selected_for_demo flag retained,a1ef047421f33cb60f839150936ae2b21a2a5e060aa5d7585af835b43221132d,73692240ec707a93eb3bdd63169786b66cc689ebde3bbf90e417c90d3dcf4fd4
room04_P3_r4_event13,4,Bathroom,bathroom,P3,4,13,Bathroom.m4a,reports/phone_clap_demo/results/segments/m4a/room04_Bathroom_m4a_ev13_P3_r4.wav,runs/e6_phone_raw_cache/raw_v1_seed42001_batch128.npy,5,False,True,False,52.465632075211865,44100,1.0,44100,1.0,audio/phone_recordings/bathroom/P3_r4.wav,audio/inferred_rirs/bathroom/P3_r4.wav,runs/matched_reg_1s/hybrid_shoebox_mit_but_ace_1000ms_full_c1_vm_seed42001/model_updates20000.pt,fa83b4108777231ef557379e8f7478aea1ab63f3e95449382edeaf85442d87fc,all normal protocol events; existing selected_for_demo flag retained,b92b8b53bdc17c052977735dfc59d08254b38cca33fe6e4dd5063a67ac6aca10,310b668f33e68c9c2aab15de219e9acac8f812450c8ce97087b94c504eaf59e0
room04_P3_r5_event14,4,Bathroom,bathroom,P3,5,14,Bathroom.m4a,reports/phone_clap_demo/results/segments/m4a/room04_Bathroom_m4a_ev14_P3_r5.wav,runs/e6_phone_raw_cache/raw_v1_seed42001_batch128.npy,6,False,False,False,51.950965251039605,44100,1.0,44100,1.0,audio/phone_recordings/bathroom/P3_r5.wav,audio/inferred_rirs/bathroom/P3_r5.wav,runs/matched_reg_1s/hybrid_shoebox_mit_but_ace_1000ms_full_c1_vm_seed42001/model_updates20000.pt,fa83b4108777231ef557379e8f7478aea1ab63f3e95449382edeaf85442d87fc,all normal protocol events; existing selected_for_demo flag retained,c6b972cbc0a4cc12ebcab1a96de34151cb1a07bdd9961321b277e95eb6bf084a,2181f57c4764e8c8bfff704f04a3f71334b57238128f82d9d7a3374fdeaf47cc
room04_A1_r1_event15,4,Bathroom,bathroom,A1,1,15,Bathroom.m4a,reports/phone_clap_demo/results/segments/m4a/room04_Bathroom_m4a_ev15_A1_r1.wav,runs/e6_phone_raw_cache/raw_v1_seed42001_batch128.npy,7,False,False,False,49.41202286781095,44100,1.0,44100,1.0,audio/phone_recordings/bathroom/A1_r1.wav,audio/inferred_rirs/bathroom/A1_r1.wav,runs/matched_reg_1s/hybrid_shoebox_mit_but_ace_1000ms_full_c1_vm_seed42001/model_updates20000.pt,fa83b4108777231ef557379e8f7478aea1ab63f3e95449382edeaf85442d87fc,all normal protocol events; existing selected_for_demo flag retained,c653a7a4ae4e9e0e109b3efbf61d64a88dd9d72e4d66142d9ef27748f0791bec,a555aa90603d56f949a1bfe30d92ce3813b9addb7b6eb8a41dbff92d28131ab1
room04_A1_r2_event16,4,Bathroom,bathroom,A1,2,16,Bathroom.m4a,reports/phone_clap_demo/results/segments/m4a/room04_Bathroom_m4a_ev16_A1_r2.wav,runs/e6_phone_raw_cache/raw_v1_seed42001_batch136.npy,0,False,False,False,49.241211513122494,44100,1.0,44100,1.0,audio/phone_recordings/bathroom/A1_r2.wav,audio/inferred_rirs/bathroom/A1_r2.wav,runs/matched_reg_1s/hybrid_shoebox_mit_but_ace_1000ms_full_c1_vm_seed42001/model_updates20000.pt,fa83b4108777231ef557379e8f7478aea1ab63f3e95449382edeaf85442d87fc,all normal protocol events; existing selected_for_demo flag retained,954e410a8c3747762b71f707d3e14c998a6d8239ce169bd74694ffb2bf3c0eae,19bea58e7e8a0be225ce9c61c511f066bceafce53c6f47b78738ce2f5c38f334
room04_A1_r3_event17,4,Bathroom,bathroom,A1,3,17,Bathroom.m4a,reports/phone_clap_demo/results/segments/m4a/room04_Bathroom_m4a_ev17_A1_r3.wav,runs/e6_phone_raw_cache/raw_v1_seed42001_batch136.npy,1,False,True,False,52.56662559684163,44100,1.0,44100,1.0,audio/phone_recordings/bathroom/A1_r3.wav,audio/inferred_rirs/bathroom/A1_r3.wav,runs/matched_reg_1s/hybrid_shoebox_mit_but_ace_1000ms_full_c1_vm_seed42001/model_updates20000.pt,fa83b4108777231ef557379e8f7478aea1ab63f3e95449382edeaf85442d87fc,all normal protocol events; existing selected_for_demo flag retained,5aa9b256089998c97d260a222cd4c2ff2e43574870b40c6a11336f5e6a4b7bc1,cd9f06826005bea906484af542caab373a5faac7b49dad52e4692a388f8f9f19
room04_A1_r4_event18,4,Bathroom,bathroom,A1,4,18,Bathroom.m4a,reports/phone_clap_demo/results/segments/m4a/room04_Bathroom_m4a_ev18_A1_r4.wav,runs/e6_phone_raw_cache/raw_v1_seed42001_batch136.npy,2,False,False,False,52.197525601045314,44100,1.0,44100,1.0,audio/phone_recordings/bathroom/A1_r4.wav,audio/inferred_rirs/bathroom/A1_r4.wav,runs/matched_reg_1s/hybrid_shoebox_mit_but_ace_1000ms_full_c1_vm_seed42001/model_updates20000.pt,fa83b4108777231ef557379e8f7478aea1ab63f3e95449382edeaf85442d87fc,all normal protocol events; existing selected_for_demo flag retained,a4883534179fcb5c4eee5e065f123b211e323bf14007b76abc467a443a0eeb17,5ec99040d467a8c312ce205175c5ed6bdc56d1cdfbadc85904b3cb7ad7382913
room04_A1_r5_event19,4,Bathroom,bathroom,A1,5,19,Bathroom.m4a,reports/phone_clap_demo/results/segments/m4a/room04_Bathroom_m4a_ev19_A1_r5.wav,runs/e6_phone_raw_cache/raw_v1_seed42001_batch136.npy,3,False,False,False,50.04492642156517,44100,1.0,44100,1.0,audio/phone_recordings/bathroom/A1_r5.wav,audio/inferred_rirs/bathroom/A1_r5.wav,runs/matched_reg_1s/hybrid_shoebox_mit_but_ace_1000ms_full_c1_vm_seed42001/model_updates20000.pt,fa83b4108777231ef557379e8f7478aea1ab63f3e95449382edeaf85442d87fc,all normal protocol events; existing selected_for_demo flag retained,6c63579748416de12bb06a669cdc6eb4ed9b1bb45c5b11df0d4c317469cb0426,c8e24460524a9152887d20ba233fda584c867fa6502120ad747886c1b11669eb
room04_A2_r1_event20,4,Bathroom,bathroom,A2,1,20,Bathroom.m4a,reports/phone_clap_demo/results/segments/m4a/room04_Bathroom_m4a_ev20_A2_r1.wav,runs/e6_phone_raw_cache/raw_v1_seed42001_batch136.npy,4,False,False,False,43.395527877126696,44100,1.0,44100,1.0,audio/phone_recordings/bathroom/A2_r1.wav,audio/inferred_rirs/bathroom/A2_r1.wav,runs/matched_reg_1s/hybrid_shoebox_mit_but_ace_1000ms_full_c1_vm_seed42001/model_updates20000.pt,fa83b4108777231ef557379e8f7478aea1ab63f3e95449382edeaf85442d87fc,all normal protocol events; existing selected_for_demo flag retained,35843da508b8648c623050635ea88b9f9184b495e5e427dda08e972b2b22e5f6,4a46059716c60d2d2cad1250f2399994f38ca09a3d051131a739fc3657f23ee5
room04_A2_r2_event21,4,Bathroom,bathroom,A2,2,21,Bathroom.m4a,reports/phone_clap_demo/results/segments/m4a/room04_Bathroom_m4a_ev21_A2_r2.wav,runs/e6_phone_raw_cache/raw_v1_seed42001_batch136.npy,5,False,False,False,50.65212707386501,44100,1.0,44100,1.0,audio/phone_recordings/bathroom/A2_r2.wav,audio/inferred_rirs/bathroom/A2_r2.wav,runs/matched_reg_1s/hybrid_shoebox_mit_but_ace_1000ms_full_c1_vm_seed42001/model_updates20000.pt,fa83b4108777231ef557379e8f7478aea1ab63f3e95449382edeaf85442d87fc,all normal protocol events; existing selected_for_demo flag retained,67e616c08bd09246e1b6adb4fc2d0a6a32bb2ca82a13148795284f9e4f6f5a65,7bf10134fe976710de550fad0d1595b9c99bba4107c411c2f991c64a1e84943e
room04_A2_r3_event22,4,Bathroom,bathroom,A2,3,22,Bathroom.m4a,reports/phone_clap_demo/results/segments/m4a/room04_Bathroom_m4a_ev22_A2_r3.wav,runs/e6_phone_raw_cache/raw_v1_seed42001_batch136.npy,6,False,True,False,51.04454302208413,44100,1.0,44100,1.0,audio/phone_recordings/bathroom/A2_r3.wav,audio/inferred_rirs/bathroom/A2_r3.wav,runs/matched_reg_1s/hybrid_shoebox_mit_but_ace_1000ms_full_c1_vm_seed42001/model_updates20000.pt,fa83b4108777231ef557379e8f7478aea1ab63f3e95449382edeaf85442d87fc,all normal protocol events; existing selected_for_demo flag retained,952f69ced31a75e8a192acb863f1549055adfb9b71f3bb1e696e050bca010481,c06c7f44f14260569e5053d33c352cbe39d891e734b09558be7442a896ef1e9b
room04_A2_r4_event23,4,Bathroom,bathroom,A2,4,23,Bathroom.m4a,reports/phone_clap_demo/results/segments/m4a/room04_Bathroom_m4a_ev23_A2_r4.wav,runs/e6_phone_raw_cache/raw_v1_seed42001_batch136.npy,7,False,False,False,48.68284549925917,44100,1.0,44100,1.0,audio/phone_recordings/bathroom/A2_r4.wav,audio/inferred_rirs/bathroom/A2_r4.wav,runs/matched_reg_1s/hybrid_shoebox_mit_but_ace_1000ms_full_c1_vm_seed42001/model_updates20000.pt,fa83b4108777231ef557379e8f7478aea1ab63f3e95449382edeaf85442d87fc,all normal protocol events; existing selected_for_demo flag retained,05aec881cc85dea267fd858576138902eb5fa21d03c53f54c47b3bb2404bd191,491a811fd156cf9e667729559d8dae69f77aebd29cd32e8056b7eb330b9105fd
room04_A2_r5_event24,4,Bathroom,bathroom,A2,5,24,Bathroom.m4a,reports/phone_clap_demo/results/segments/m4a/room04_Bathroom_m4a_ev24_A2_r5.wav,runs/e6_phone_raw_cache/raw_v1_seed42001_batch144.npy,0,False,False,False,49.996484005690064,44100,1.0,44100,1.0,audio/phone_recordings/bathroom/A2_r5.wav,audio/inferred_rirs/bathroom/A2_r5.wav,runs/matched_reg_1s/hybrid_shoebox_mit_but_ace_1000ms_full_c1_vm_seed42001/model_updates20000.pt,fa83b4108777231ef557379e8f7478aea1ab63f3e95449382edeaf85442d87fc,all normal protocol events; existing selected_for_demo flag retained,604de68d1523db170a152397c8c6c9588681e32f14797d047f5c8fa67cf5f9cd,3f7ca3b17c0d5bcdeea2e38a396cfae39bf7761a0a23d86927f14c52a3ea27f8
room04_A3_r1_event25,4,Bathroom,bathroom,A3,1,25,Bathroom.m4a,reports/phone_clap_demo/results/segments/m4a/room04_Bathroom_m4a_ev25_A3_r1.wav,runs/e6_phone_raw_cache/raw_v1_seed42001_batch144.npy,1,False,False,False,44.5040899830625,44100,1.0,44100,1.0,audio/phone_recordings/bathroom/A3_r1.wav,audio/inferred_rirs/bathroom/A3_r1.wav,runs/matched_reg_1s/hybrid_shoebox_mit_but_ace_1000ms_full_c1_vm_seed42001/model_updates20000.pt,fa83b4108777231ef557379e8f7478aea1ab63f3e95449382edeaf85442d87fc,all normal protocol events; existing selected_for_demo flag retained,2cb785f6b27941606322a351e46c2abe9fe6c85ba3fac33f8e8cd3d3fc11c3a0,2e3359825cdc6c2054ecfe1749fbe98eebc80d14dc740d81d8160ea5a01926fb
room04_A3_r2_event26,4,Bathroom,bathroom,A3,2,26,Bathroom.m4a,reports/phone_clap_demo/results/segments/m4a/room04_Bathroom_m4a_ev26_A3_r2.wav,runs/e6_phone_raw_cache/raw_v1_seed42001_batch144.npy,2,False,False,True,48.86841363322942,44100,1.0,44100,1.0,audio/phone_recordings/bathroom/A3_r2.wav,audio/inferred_rirs/bathroom/A3_r2.wav,runs/matched_reg_1s/hybrid_shoebox_mit_but_ace_1000ms_full_c1_vm_seed42001/model_updates20000.pt,fa83b4108777231ef557379e8f7478aea1ab63f3e95449382edeaf85442d87fc,all normal protocol events; existing selected_for_demo flag retained,9114131b820062091369560bdf2f3a91ee0840548b908c326cad04b22d49f1e5,e0df2c46a5ad7c6a64b33a5c8f73218a2b6266743c8409dfb6a4719a2486be5d
room04_A3_r3_event27,4,Bathroom,bathroom,A3,3,27,Bathroom.m4a,reports/phone_clap_demo/results/segments/m4a/room04_Bathroom_m4a_ev27_A3_r3.wav,runs/e6_phone_raw_cache/raw_v1_seed42001_batch144.npy,3,False,True,False,47.056389898043285,44100,1.0,44100,1.0,audio/phone_recordings/bathroom/A3_r3.wav,audio/inferred_rirs/bathroom/A3_r3.wav,runs/matched_reg_1s/hybrid_shoebox_mit_but_ace_1000ms_full_c1_vm_seed42001/model_updates20000.pt,fa83b4108777231ef557379e8f7478aea1ab63f3e95449382edeaf85442d87fc,all normal protocol events; existing selected_for_demo flag retained,4bdf68300efe1a8c8a59d95e711bf53797a225f6a3f6085328894d5d0f78ce37,a8b40bf9648c141f78405a650217a155b9020df49d61df11d6547e25554357ea
room04_A3_r4_event28,4,Bathroom,bathroom,A3,4,28,Bathroom.m4a,reports/phone_clap_demo/results/segments/m4a/room04_Bathroom_m4a_ev28_A3_r4.wav,runs/e6_phone_raw_cache/raw_v1_seed42001_batch144.npy,4,False,False,False,46.93074866465306,44100,1.0,44100,1.0,audio/phone_recordings/bathroom/A3_r4.wav,audio/inferred_rirs/bathroom/A3_r4.wav,runs/matched_reg_1s/hybrid_shoebox_mit_but_ace_1000ms_full_c1_vm_seed42001/model_updates20000.pt,fa83b4108777231ef557379e8f7478aea1ab63f3e95449382edeaf85442d87fc,all normal protocol events; existing selected_for_demo flag retained,2f344deca836a0807099e7452c3dcaa4d3f874251411d68ff4b8568c3bafbb5b,d7ceee188065300743c6db3c49af822c57f5c041974d7b172f444494fb8c0deb
room04_A3_r5_event29,4,Bathroom,bathroom,A3,5,29,Bathroom.m4a,reports/phone_clap_demo/results/segments/m4a/room04_Bathroom_m4a_ev29_A3_r5.wav,runs/e6_phone_raw_cache/raw_v1_seed42001_batch144.npy,5,False,False,False,46.7838254197369,44100,1.0,44100,1.0,audio/phone_recordings/bathroom/A3_r5.wav,audio/inferred_rirs/bathroom/A3_r5.wav,runs/matched_reg_1s/hybrid_shoebox_mit_but_ace_1000ms_full_c1_vm_seed42001/model_updates20000.pt,fa83b4108777231ef557379e8f7478aea1ab63f3e95449382edeaf85442d87fc,all normal protocol events; existing selected_for_demo flag retained,74298cc27b4c2d3fb920533c6109fe51a17aed083aafc756b10ffa2a4f97295e,78f4ff3a9eda407a8ad4ec31a59206d73133226aa0b6537b54f7c9bbcb0aef20
room04_A1minus_r1_event30,4,Bathroom,bathroom,A1-,1,30,Bathroom.m4a,reports/phone_clap_demo/results/segments/m4a/room04_Bathroom_m4a_ev30_A1m_r1.wav,runs/e6_phone_raw_cache/raw_v1_seed42001_batch144.npy,6,False,False,True,47.80034947011676,44100,1.0,44100,1.0,audio/phone_recordings/bathroom/A1minus_r1.wav,audio/inferred_rirs/bathroom/A1minus_r1.wav,runs/matched_reg_1s/hybrid_shoebox_mit_but_ace_1000ms_full_c1_vm_seed42001/model_updates20000.pt,fa83b4108777231ef557379e8f7478aea1ab63f3e95449382edeaf85442d87fc,all normal protocol events; existing selected_for_demo flag retained,c1fb79eaf62d336e3c9e4224b04ff7df776e4f5e2933215355f955f02d892db9,f271b88f2ffbe81ef98051edc4e36651f6429d6503945bcc97b9847c27ee432e
room04_A1minus_r2_event31,4,Bathroom,bathroom,A1-,2,31,Bathroom.m4a,reports/phone_clap_demo/results/segments/m4a/room04_Bathroom_m4a_ev31_A1m_r2.wav,runs/e6_phone_raw_cache/raw_v1_seed42001_batch144.npy,7,False,False,False,45.428907812903624,44100,1.0,44100,1.0,audio/phone_recordings/bathroom/A1minus_r2.wav,audio/inferred_rirs/bathroom/A1minus_r2.wav,runs/matched_reg_1s/hybrid_shoebox_mit_but_ace_1000ms_full_c1_vm_seed42001/model_updates20000.pt,fa83b4108777231ef557379e8f7478aea1ab63f3e95449382edeaf85442d87fc,all normal protocol events; existing selected_for_demo flag retained,6b8c4bd5c276bd95eb750fd02966134906ff0c64c16310cc854898da5d1e2fdb,48557d6a9d2aae9559644c37d2351b4baabd018562bff40dbea44f57a67b9918
room04_A1minus_r3_event32,4,Bathroom,bathroom,A1-,3,32,Bathroom.m4a,reports/phone_clap_demo/results/segments/m4a/room04_Bathroom_m4a_ev32_A1m_r3.wav,runs/e6_phone_raw_cache/raw_v1_seed42001_batch152.npy,0,False,False,False,44.81314045810181,44100,1.0,44100,1.0,audio/phone_recordings/bathroom/A1minus_r3.wav,audio/inferred_rirs/bathroom/A1minus_r3.wav,runs/matched_reg_1s/hybrid_shoebox_mit_but_ace_1000ms_full_c1_vm_seed42001/model_updates20000.pt,fa83b4108777231ef557379e8f7478aea1ab63f3e95449382edeaf85442d87fc,all normal protocol events; existing selected_for_demo flag retained,0a28092889c763b644026b44c78b6a3b897d3792ea972bfd4c81966d5e1f1132,6829fad1a664366264fcfb7e25ebdc629c0c8f5a8ce2fcd02d68ab205e9b19b1
room04_A1minus_r4_event33,4,Bathroom,bathroom,A1-,4,33,Bathroom.m4a,reports/phone_clap_demo/results/segments/m4a/room04_Bathroom_m4a_ev33_A1m_r4.wav,runs/e6_phone_raw_cache/raw_v1_seed42001_batch152.npy,1,False,False,False,47.19799821321971,44100,1.0,44100,1.0,audio/phone_recordings/bathroom/A1minus_r4.wav,audio/inferred_rirs/bathroom/A1minus_r4.wav,runs/matched_reg_1s/hybrid_shoebox_mit_but_ace_1000ms_full_c1_vm_seed42001/model_updates20000.pt,fa83b4108777231ef557379e8f7478aea1ab63f3e95449382edeaf85442d87fc,all normal protocol events; existing selected_for_demo flag retained,8a6ad299bec8a546681aeaae8e99fca462e62aad6280b78b1814b2a167451463,c5b5c308d34c63aafbce26f3c78c99cb84dc1a63a0b03075254d352af3503781
room04_A1minus_r5_event34,4,Bathroom,bathroom,A1-,5,34,Bathroom.m4a,reports/phone_clap_demo/results/segments/m4a/room04_Bathroom_m4a_ev34_A1m_r5.wav,runs/e6_phone_raw_cache/raw_v1_seed42001_batch152.npy,2,False,True,False,48.172763652370946,44100,1.0,44100,1.0,audio/phone_recordings/bathroom/A1minus_r5.wav,audio/inferred_rirs/bathroom/A1minus_r5.wav,runs/matched_reg_1s/hybrid_shoebox_mit_but_ace_1000ms_full_c1_vm_seed42001/model_updates20000.pt,fa83b4108777231ef557379e8f7478aea1ab63f3e95449382edeaf85442d87fc,all normal protocol events; existing selected_for_demo flag retained,a984a1f6495b714745adee3000e5b5b427650f7ffdb0d516fd9d2b199269cff8,aaf1f4cc844b981538aa836b1edde8e71b96e8473503483205c30094e68c05df
room04_A1plus_r1_event35,4,Bathroom,bathroom,A1+,1,35,Bathroom.m4a,reports/phone_clap_demo/results/segments/m4a/room04_Bathroom_m4a_ev35_A1p_r1.wav,runs/e6_phone_raw_cache/raw_v1_seed42001_batch152.npy,3,False,False,False,50.53209261637719,44100,1.0,44100,1.0,audio/phone_recordings/bathroom/A1plus_r1.wav,audio/inferred_rirs/bathroom/A1plus_r1.wav,runs/matched_reg_1s/hybrid_shoebox_mit_but_ace_1000ms_full_c1_vm_seed42001/model_updates20000.pt,fa83b4108777231ef557379e8f7478aea1ab63f3e95449382edeaf85442d87fc,all normal protocol events; existing selected_for_demo flag retained,b1b63c1aacbdbce7308cdcde6dd510c4beaed6fa94b63f76e23bf46e1116c6fa,40a995894c537f4ee0449e1b1401656fce8a19b87109daaa28037101b740da47
room04_A1plus_r2_event36,4,Bathroom,bathroom,A1+,2,36,Bathroom.m4a,reports/phone_clap_demo/results/segments/m4a/room04_Bathroom_m4a_ev36_A1p_r2.wav,runs/e6_phone_raw_cache/raw_v1_seed42001_batch152.npy,4,False,False,False,49.75721680625003,44100,1.0,44100,1.0,audio/phone_recordings/bathroom/A1plus_r2.wav,audio/inferred_rirs/bathroom/A1plus_r2.wav,runs/matched_reg_1s/hybrid_shoebox_mit_but_ace_1000ms_full_c1_vm_seed42001/model_updates20000.pt,fa83b4108777231ef557379e8f7478aea1ab63f3e95449382edeaf85442d87fc,all normal protocol events; existing selected_for_demo flag retained,ceec1e9b5e17ad8e3d4a6fd1ac89a4b58d2c559b4030680a193f511df580d198,0a71ade321fc11b8f9639c97acbd053b9c868933961bbb274bee06e00dee5749
room04_A1plus_r3_event37,4,Bathroom,bathroom,A1+,3,37,Bathroom.m4a,reports/phone_clap_demo/results/segments/m4a/room04_Bathroom_m4a_ev37_A1p_r3.wav,runs/e6_phone_raw_cache/raw_v1_seed42001_batch152.npy,5,False,True,False,54.81136999311663,44100,1.0,44100,1.0,audio/phone_recordings/bathroom/A1plus_r3.wav,audio/inferred_rirs/bathroom/A1plus_r3.wav,runs/matched_reg_1s/hybrid_shoebox_mit_but_ace_1000ms_full_c1_vm_seed42001/model_updates20000.pt,fa83b4108777231ef557379e8f7478aea1ab63f3e95449382edeaf85442d87fc,all normal protocol events; existing selected_for_demo flag retained,5a3763c7f01440c06377a7ce1a0d4d2aa79665e06d3b54a7059369ba72145fd4,12f833289a8532a0fbcb4399080df18e4b54cc168d88437d55e0d3fbf71ecbe0
room04_A1plus_r4_event38,4,Bathroom,bathroom,A1+,4,38,Bathroom.m4a,reports/phone_clap_demo/results/segments/m4a/room04_Bathroom_m4a_ev38_A1p_r4.wav,runs/e6_phone_raw_cache/raw_v1_seed42001_batch152.npy,6,False,False,False,47.09921420283479,44100,1.0,44100,1.0,audio/phone_recordings/bathroom/A1plus_r4.wav,audio/inferred_rirs/bathroom/A1plus_r4.wav,runs/matched_reg_1s/hybrid_shoebox_mit_but_ace_1000ms_full_c1_vm_seed42001/model_updates20000.pt,fa83b4108777231ef557379e8f7478aea1ab63f3e95449382edeaf85442d87fc,all normal protocol events; existing selected_for_demo flag retained,e59cfd1ef48cae66e120ffc4155c834f1bba2d061ab636c02d0156090f23dd7c,6b3ebdfd5587e8e85044a0b67d0bede72b698c9690b7a6ed2d718c6de1dfd95d
room04_A1plus_r5_event39,4,Bathroom,bathroom,A1+,5,39,Bathroom.m4a,reports/phone_clap_demo/results/segments/m4a/room04_Bathroom_m4a_ev39_A1p_r5.wav,runs/e6_phone_raw_cache/raw_v1_seed42001_batch152.npy,7,False,False,False,52.26156402286792,44100,1.0,44100,1.0,audio/phone_recordings/bathroom/A1plus_r5.wav,audio/inferred_rirs/bathroom/A1plus_r5.wav,runs/matched_reg_1s/hybrid_shoebox_mit_but_ace_1000ms_full_c1_vm_seed42001/model_updates20000.pt,fa83b4108777231ef557379e8f7478aea1ab63f3e95449382edeaf85442d87fc,all normal protocol events; existing selected_for_demo flag retained,3781c67f8a3e51797ce0136dcc38cbfb07ed64e2c70dfc50a56776cf647d2d02,720f05d0564e0333ba0f3b2c67a972b33b51e9c73bd180ec288e3a006d83b41e
room05_P1_r1_event00,5,Medium clubroom,medium_clubroom,P1,1,0,Clubroom 2 .m4a,reports/phone_clap_demo/results/segments/m4a/room05_ClubroomMedium_m4a_ev00_P1_r1.wav,runs/e6_phone_raw_cache/raw_v1_seed42001_batch160.npy,0,False,False,False,28.328755498944858,44100,1.0,44100,1.0,audio/phone_recordings/medium_clubroom/P1_r1.wav,audio/inferred_rirs/medium_clubroom/P1_r1.wav,runs/matched_reg_1s/hybrid_shoebox_mit_but_ace_1000ms_full_c1_vm_seed42001/model_updates20000.pt,fa83b4108777231ef557379e8f7478aea1ab63f3e95449382edeaf85442d87fc,all normal protocol events; existing selected_for_demo flag retained,2e5f6040cbf3db9d675cacb30119a21dd58d15ee5c1cef35ba454a7bc1d9f448,cbd5846f6c8e7aebacd16b27ec3689f40f59f56f7ee92690fd43b2087102e97d
room05_P1_r2_event01,5,Medium clubroom,medium_clubroom,P1,2,1,Clubroom 2 .m4a,reports/phone_clap_demo/results/segments/m4a/room05_ClubroomMedium_m4a_ev01_P1_r2.wav,runs/e6_phone_raw_cache/raw_v1_seed42001_batch160.npy,1,False,False,False,26.11142013692904,44100,1.0,44100,1.0,audio/phone_recordings/medium_clubroom/P1_r2.wav,audio/inferred_rirs/medium_clubroom/P1_r2.wav,runs/matched_reg_1s/hybrid_shoebox_mit_but_ace_1000ms_full_c1_vm_seed42001/model_updates20000.pt,fa83b4108777231ef557379e8f7478aea1ab63f3e95449382edeaf85442d87fc,all normal protocol events; existing selected_for_demo flag retained,26e722809b90c9c9ec5b8d493626b5162b6b39efdadf1e970fec8d9d7e78374e,111f509a70c8a6bffe152253bfa6e876be5ff291e107ff81b28663c4637bfd29
room05_P1_r3_event02,5,Medium clubroom,medium_clubroom,P1,3,2,Clubroom 2 .m4a,reports/phone_clap_demo/results/segments/m4a/room05_ClubroomMedium_m4a_ev02_P1_r3.wav,runs/e6_phone_raw_cache/raw_v1_seed42001_batch160.npy,2,False,True,False,31.581383128762617,44100,1.0,44100,1.0,audio/phone_recordings/medium_clubroom/P1_r3.wav,audio/inferred_rirs/medium_clubroom/P1_r3.wav,runs/matched_reg_1s/hybrid_shoebox_mit_but_ace_1000ms_full_c1_vm_seed42001/model_updates20000.pt,fa83b4108777231ef557379e8f7478aea1ab63f3e95449382edeaf85442d87fc,all normal protocol events; existing selected_for_demo flag retained,c732e9bad4d70b4c41945861b753cbfc46c6238838cc558d9456fc4067c1c9a8,a03ba1babb3982f2ff0b65b08c0c7143c97e34fa29369fe75c5e842dfd196d6b
room05_P1_r4_event03,5,Medium clubroom,medium_clubroom,P1,4,3,Clubroom 2 .m4a,reports/phone_clap_demo/results/segments/m4a/room05_ClubroomMedium_m4a_ev03_P1_r4.wav,runs/e6_phone_raw_cache/raw_v1_seed42001_batch160.npy,3,False,False,False,29.183356559282963,44100,1.0,44100,1.0,audio/phone_recordings/medium_clubroom/P1_r4.wav,audio/inferred_rirs/medium_clubroom/P1_r4.wav,runs/matched_reg_1s/hybrid_shoebox_mit_but_ace_1000ms_full_c1_vm_seed42001/model_updates20000.pt,fa83b4108777231ef557379e8f7478aea1ab63f3e95449382edeaf85442d87fc,all normal protocol events; existing selected_for_demo flag retained,bb92235750c4036913ad01cfd3553ef37dff0dcfc3583ee5efa629779bed3bdc,b488fd1f3301b91161afadd6db075e46e88c92de89fd2d8f35ad74539c1de71d
room05_P1_r5_event04,5,Medium clubroom,medium_clubroom,P1,5,4,Clubroom 2 .m4a,reports/phone_clap_demo/results/segments/m4a/room05_ClubroomMedium_m4a_ev04_P1_r5.wav,runs/e6_phone_raw_cache/raw_v1_seed42001_batch160.npy,4,False,False,False,28.58003851843879,44100,1.0,44100,1.0,audio/phone_recordings/medium_clubroom/P1_r5.wav,audio/inferred_rirs/medium_clubroom/P1_r5.wav,runs/matched_reg_1s/hybrid_shoebox_mit_but_ace_1000ms_full_c1_vm_seed42001/model_updates20000.pt,fa83b4108777231ef557379e8f7478aea1ab63f3e95449382edeaf85442d87fc,all normal protocol events; existing selected_for_demo flag retained,a4920a9eebdc5591f8d7c9548acf35a8c94ef8e15176da93710f81b18e27d25b,340d35dfaeaf21215ba34aa404ab0852e69fc60b24df76858250e206689c85e3
room05_P2_r1_event05,5,Medium clubroom,medium_clubroom,P2,1,5,Clubroom 2 .m4a,reports/phone_clap_demo/results/segments/m4a/room05_ClubroomMedium_m4a_ev05_P2_r1.wav,runs/e6_phone_raw_cache/raw_v1_seed42001_batch160.npy,5,False,False,False,29.22591773335397,44100,1.0,44100,1.0,audio/phone_recordings/medium_clubroom/P2_r1.wav,audio/inferred_rirs/medium_clubroom/P2_r1.wav,runs/matched_reg_1s/hybrid_shoebox_mit_but_ace_1000ms_full_c1_vm_seed42001/model_updates20000.pt,fa83b4108777231ef557379e8f7478aea1ab63f3e95449382edeaf85442d87fc,all normal protocol events; existing selected_for_demo flag retained,7d0ee7fce16798d6c557112c881aafbd2b9944b0ff1ae5d6469c352f3eeee67c,d0e934831539037d4b3253287e1bc92bbace340e02a9a79b42e94f1fb7e9d25b
room05_P2_r2_event06,5,Medium clubroom,medium_clubroom,P2,2,6,Clubroom 2 .m4a,reports/phone_clap_demo/results/segments/m4a/room05_ClubroomMedium_m4a_ev06_P2_r2.wav,runs/e6_phone_raw_cache/raw_v1_seed42001_batch160.npy,6,False,False,False,25.486469390224773,44100,1.0,44100,1.0,audio/phone_recordings/medium_clubroom/P2_r2.wav,audio/inferred_rirs/medium_clubroom/P2_r2.wav,runs/matched_reg_1s/hybrid_shoebox_mit_but_ace_1000ms_full_c1_vm_seed42001/model_updates20000.pt,fa83b4108777231ef557379e8f7478aea1ab63f3e95449382edeaf85442d87fc,all normal protocol events; existing selected_for_demo flag retained,a0a7391b6e9b2468a4c315e940d70d035cdc4a2eb6af26174d30bcaac2054c00,08c05f3dd958d736512a4df4f29dee650fea9ddecc06a7d3e9a1866ae1e8051b
room05_P2_r3_event07,5,Medium clubroom,medium_clubroom,P2,3,7,Clubroom 2 .m4a,reports/phone_clap_demo/results/segments/m4a/room05_ClubroomMedium_m4a_ev07_P2_r3.wav,runs/e6_phone_raw_cache/raw_v1_seed42001_batch160.npy,7,False,False,False,26.76391981796527,44100,1.0,44100,1.0,audio/phone_recordings/medium_clubroom/P2_r3.wav,audio/inferred_rirs/medium_clubroom/P2_r3.wav,runs/matched_reg_1s/hybrid_shoebox_mit_but_ace_1000ms_full_c1_vm_seed42001/model_updates20000.pt,fa83b4108777231ef557379e8f7478aea1ab63f3e95449382edeaf85442d87fc,all normal protocol events; existing selected_for_demo flag retained,d29d950619ed835503d05bd0e9eb0370ecb6b9b1912d686fba0926d4157b2a9d,c7db1f8d995343799a4fde0a5de02e22e7d12b7d953acfffca1cefad68b37177
room05_P2_r4_event08,5,Medium clubroom,medium_clubroom,P2,4,8,Clubroom 2 .m4a,reports/phone_clap_demo/results/segments/m4a/room05_ClubroomMedium_m4a_ev08_P2_r4.wav,runs/e6_phone_raw_cache/raw_v1_seed42001_batch168.npy,0,False,False,False,28.35873739721786,44100,1.0,44100,1.0,audio/phone_recordings/medium_clubroom/P2_r4.wav,audio/inferred_rirs/medium_clubroom/P2_r4.wav,runs/matched_reg_1s/hybrid_shoebox_mit_but_ace_1000ms_full_c1_vm_seed42001/model_updates20000.pt,fa83b4108777231ef557379e8f7478aea1ab63f3e95449382edeaf85442d87fc,all normal protocol events; existing selected_for_demo flag retained,4bb45b87c65c98dde6974e36143776f4b5333a6d051ab0fda2b99f726a68052f,379ef5007f3cf2b8494183b6b752a538dfde178694d94e4e92064d5d5536dcf8
room05_P2_r5_event09,5,Medium clubroom,medium_clubroom,P2,5,9,Clubroom 2 .m4a,reports/phone_clap_demo/results/segments/m4a/room05_ClubroomMedium_m4a_ev09_P2_r5.wav,runs/e6_phone_raw_cache/raw_v1_seed42001_batch168.npy,1,False,True,False,29.356626245799546,44100,1.0,44100,1.0,audio/phone_recordings/medium_clubroom/P2_r5.wav,audio/inferred_rirs/medium_clubroom/P2_r5.wav,runs/matched_reg_1s/hybrid_shoebox_mit_but_ace_1000ms_full_c1_vm_seed42001/model_updates20000.pt,fa83b4108777231ef557379e8f7478aea1ab63f3e95449382edeaf85442d87fc,all normal protocol events; existing selected_for_demo flag retained,4c1ca2656a38d855cde385c798b8405ebccc28cfa760cf21971c464de88fe84e,b3087f92c211c15e8b9a3a44cd77ba162321a0724f7ec37a230a7b1e21a56d8a
room05_P3_r1_event10,5,Medium clubroom,medium_clubroom,P3,1,10,Clubroom 2 .m4a,reports/phone_clap_demo/results/segments/m4a/room05_ClubroomMedium_m4a_ev10_P3_r1.wav,runs/e6_phone_raw_cache/raw_v1_seed42001_batch168.npy,2,False,False,False,28.109489201350833,44100,1.0,44100,1.0,audio/phone_recordings/medium_clubroom/P3_r1.wav,audio/inferred_rirs/medium_clubroom/P3_r1.wav,runs/matched_reg_1s/hybrid_shoebox_mit_but_ace_1000ms_full_c1_vm_seed42001/model_updates20000.pt,fa83b4108777231ef557379e8f7478aea1ab63f3e95449382edeaf85442d87fc,all normal protocol events; existing selected_for_demo flag retained,b1007be2bd3d6dd626cb9acfee14db0a9ed7801b83f71d19a46ee4da810ea386,b6dddc30d5e825bca96887060e22f4938d3df2f073fba1b32114542287a49c5f
room05_P3_r2_event11,5,Medium clubroom,medium_clubroom,P3,2,11,Clubroom 2 .m4a,reports/phone_clap_demo/results/segments/m4a/room05_ClubroomMedium_m4a_ev11_P3_r2.wav,runs/e6_phone_raw_cache/raw_v1_seed42001_batch168.npy,3,False,False,False,27.000437563985617,44100,1.0,44100,1.0,audio/phone_recordings/medium_clubroom/P3_r2.wav,audio/inferred_rirs/medium_clubroom/P3_r2.wav,runs/matched_reg_1s/hybrid_shoebox_mit_but_ace_1000ms_full_c1_vm_seed42001/model_updates20000.pt,fa83b4108777231ef557379e8f7478aea1ab63f3e95449382edeaf85442d87fc,all normal protocol events; existing selected_for_demo flag retained,14cdf66f445c6d6715061fdc10e91d9b3fb6d4c50358c2b08d529bea2719fbbf,dc27e61f8142e79d0ffd50ed4364fd4aa51c2f7daf71d0f40c6df0e68b288982
room05_P3_r3_event12,5,Medium clubroom,medium_clubroom,P3,3,12,Clubroom 2 .m4a,reports/phone_clap_demo/results/segments/m4a/room05_ClubroomMedium_m4a_ev12_P3_r3.wav,runs/e6_phone_raw_cache/raw_v1_seed42001_batch168.npy,4,False,False,False,26.17294459191075,44100,1.0,44100,1.0,audio/phone_recordings/medium_clubroom/P3_r3.wav,audio/inferred_rirs/medium_clubroom/P3_r3.wav,runs/matched_reg_1s/hybrid_shoebox_mit_but_ace_1000ms_full_c1_vm_seed42001/model_updates20000.pt,fa83b4108777231ef557379e8f7478aea1ab63f3e95449382edeaf85442d87fc,all normal protocol events; existing selected_for_demo flag retained,448e0f2d4adaf91d23b96478876517c66e4f41f2a8c7f5ebf92309ed1e2e3750,6a7460758a033bc9cabc3ad49a9a1f0601833cc62e6b4d48811f2a06bdbe9006
room05_P3_r4_event13,5,Medium clubroom,medium_clubroom,P3,4,13,Clubroom 2 .m4a,reports/phone_clap_demo/results/segments/m4a/room05_ClubroomMedium_m4a_ev13_P3_r4.wav,runs/e6_phone_raw_cache/raw_v1_seed42001_batch168.npy,5,False,False,False,26.328478690370247,44100,1.0,44100,1.0,audio/phone_recordings/medium_clubroom/P3_r4.wav,audio/inferred_rirs/medium_clubroom/P3_r4.wav,runs/matched_reg_1s/hybrid_shoebox_mit_but_ace_1000ms_full_c1_vm_seed42001/model_updates20000.pt,fa83b4108777231ef557379e8f7478aea1ab63f3e95449382edeaf85442d87fc,all normal protocol events; existing selected_for_demo flag retained,0f295103681b1c631d09347eb4868cd4697ea3877812d976bc7119d4eff2f5be,97bed8c3c2b1988af306742767126f08d946a71db1dd03b9b5df73340b44f7ce
room05_P3_r5_event14,5,Medium clubroom,medium_clubroom,P3,5,14,Clubroom 2 .m4a,reports/phone_clap_demo/results/segments/m4a/room05_ClubroomMedium_m4a_ev14_P3_r5.wav,runs/e6_phone_raw_cache/raw_v1_seed42001_batch168.npy,6,False,True,False,29.16789733077689,44100,1.0,44100,1.0,audio/phone_recordings/medium_clubroom/P3_r5.wav,audio/inferred_rirs/medium_clubroom/P3_r5.wav,runs/matched_reg_1s/hybrid_shoebox_mit_but_ace_1000ms_full_c1_vm_seed42001/model_updates20000.pt,fa83b4108777231ef557379e8f7478aea1ab63f3e95449382edeaf85442d87fc,all normal protocol events; existing selected_for_demo flag retained,0cbe214dd31e752cf656c977075cd87c0d2a2adf9a9d8ca41224f69212e167b4,1de8225f3bbe17b27f5427c31491318d4ff67a5128b27f2c430f302b77fce99c
room05_A1_r1_event15,5,Medium clubroom,medium_clubroom,A1,1,15,Clubroom 2 .m4a,reports/phone_clap_demo/results/segments/m4a/room05_ClubroomMedium_m4a_ev15_A1_r1.wav,runs/e6_phone_raw_cache/raw_v1_seed42001_batch168.npy,7,False,False,False,26.259965016374267,44100,1.0,44100,1.0,audio/phone_recordings/medium_clubroom/A1_r1.wav,audio/inferred_rirs/medium_clubroom/A1_r1.wav,runs/matched_reg_1s/hybrid_shoebox_mit_but_ace_1000ms_full_c1_vm_seed42001/model_updates20000.pt,fa83b4108777231ef557379e8f7478aea1ab63f3e95449382edeaf85442d87fc,all normal protocol events; existing selected_for_demo flag retained,1586aae0a893c64982920fa15287fce51ce0a478dcd94fa3e8263eb305e99f7c,41762206b28615c2a95419d11611fe74867a6527b5d371acb13e59c50b08e433
room05_A1_r2_event16,5,Medium clubroom,medium_clubroom,A1,2,16,Clubroom 2 .m4a,reports/phone_clap_demo/results/segments/m4a/room05_ClubroomMedium_m4a_ev16_A1_r2.wav,runs/e6_phone_raw_cache/raw_v1_seed42001_batch176.npy,0,False,False,False,25.55011974515095,44100,1.0,44100,1.0,audio/phone_recordings/medium_clubroom/A1_r2.wav,audio/inferred_rirs/medium_clubroom/A1_r2.wav,runs/matched_reg_1s/hybrid_shoebox_mit_but_ace_1000ms_full_c1_vm_seed42001/model_updates20000.pt,fa83b4108777231ef557379e8f7478aea1ab63f3e95449382edeaf85442d87fc,all normal protocol events; existing selected_for_demo flag retained,0a3648eaa2e636813b2c6cd60b6d1eb89090414fb595da5f1b4de4e54f03de21,8061a9fcddf36d06c6ccbf86f7221642414732ad7f80fbce066204274e509935
room05_A1_r3_event17,5,Medium clubroom,medium_clubroom,A1,3,17,Clubroom 2 .m4a,reports/phone_clap_demo/results/segments/m4a/room05_ClubroomMedium_m4a_ev17_A1_r3.wav,runs/e6_phone_raw_cache/raw_v1_seed42001_batch176.npy,1,False,True,False,30.64409863893275,44100,1.0,44100,1.0,audio/phone_recordings/medium_clubroom/A1_r3.wav,audio/inferred_rirs/medium_clubroom/A1_r3.wav,runs/matched_reg_1s/hybrid_shoebox_mit_but_ace_1000ms_full_c1_vm_seed42001/model_updates20000.pt,fa83b4108777231ef557379e8f7478aea1ab63f3e95449382edeaf85442d87fc,all normal protocol events; existing selected_for_demo flag retained,13bd1db975f64d43e7fd28783a4ee43d541938b63921dd0183d0e089b6473a00,04b4442df9634373e27b09ff700c0defe4c7dd0e6c354e0fd30c1f4412d24cf3
room05_A1_r4_event18,5,Medium clubroom,medium_clubroom,A1,4,18,Clubroom 2 .m4a,reports/phone_clap_demo/results/segments/m4a/room05_ClubroomMedium_m4a_ev18_A1_r4.wav,runs/e6_phone_raw_cache/raw_v1_seed42001_batch176.npy,2,False,False,False,30.133070025932508,44100,1.0,44100,1.0,audio/phone_recordings/medium_clubroom/A1_r4.wav,audio/inferred_rirs/medium_clubroom/A1_r4.wav,runs/matched_reg_1s/hybrid_shoebox_mit_but_ace_1000ms_full_c1_vm_seed42001/model_updates20000.pt,fa83b4108777231ef557379e8f7478aea1ab63f3e95449382edeaf85442d87fc,all normal protocol events; existing selected_for_demo flag retained,189a81181b3e1cfcc690e394bc2c25d8d27068c8cace9f1b2f8925d45e6a334b,7a3193091195baddc3872b12be4a0ec350cdb49fb1a7f741e150008e95fa17ca
room05_A1_r5_event19,5,Medium clubroom,medium_clubroom,A1,5,19,Clubroom 2 .m4a,reports/phone_clap_demo/results/segments/m4a/room05_ClubroomMedium_m4a_ev19_A1_r5.wav,runs/e6_phone_raw_cache/raw_v1_seed42001_batch176.npy,3,False,False,False,30.211394480435278,44100,1.0,44100,1.0,audio/phone_recordings/medium_clubroom/A1_r5.wav,audio/inferred_rirs/medium_clubroom/A1_r5.wav,runs/matched_reg_1s/hybrid_shoebox_mit_but_ace_1000ms_full_c1_vm_seed42001/model_updates20000.pt,fa83b4108777231ef557379e8f7478aea1ab63f3e95449382edeaf85442d87fc,all normal protocol events; existing selected_for_demo flag retained,7abe838016b214c1f048601f3bc066f51747207acefcc58869e4fb041bdba5ae,e16d78e3006d582b485dcdad7cd07bbf2b602771e14537cef2af2131cf944960
room05_A2_r1_event20,5,Medium clubroom,medium_clubroom,A2,1,20,Clubroom 2 .m4a,reports/phone_clap_demo/results/segments/m4a/room05_ClubroomMedium_m4a_ev20_A2_r1.wav,runs/e6_phone_raw_cache/raw_v1_seed42001_batch176.npy,4,False,True,False,34.69536764067497,44100,1.0,44100,1.0,audio/phone_recordings/medium_clubroom/A2_r1.wav,audio/inferred_rirs/medium_clubroom/A2_r1.wav,runs/matched_reg_1s/hybrid_shoebox_mit_but_ace_1000ms_full_c1_vm_seed42001/model_updates20000.pt,fa83b4108777231ef557379e8f7478aea1ab63f3e95449382edeaf85442d87fc,all normal protocol events; existing selected_for_demo flag retained,331771027d712d5a1effe89c4011dfdd4c0e43df152539b739999315bda76f05,82e94f736f5ca27e1f4dd273481bfad3e4a01902dd241ae301a27b12da6504bd
room05_A2_r2_event21,5,Medium clubroom,medium_clubroom,A2,2,21,Clubroom 2 .m4a,reports/phone_clap_demo/results/segments/m4a/room05_ClubroomMedium_m4a_ev21_A2_r2.wav,runs/e6_phone_raw_cache/raw_v1_seed42001_batch176.npy,5,False,False,False,31.091020362720638,44100,1.0,44100,1.0,audio/phone_recordings/medium_clubroom/A2_r2.wav,audio/inferred_rirs/medium_clubroom/A2_r2.wav,runs/matched_reg_1s/hybrid_shoebox_mit_but_ace_1000ms_full_c1_vm_seed42001/model_updates20000.pt,fa83b4108777231ef557379e8f7478aea1ab63f3e95449382edeaf85442d87fc,all normal protocol events; existing selected_for_demo flag retained,b608e13703bae8e51bd0753164b0a053d887bf79a0499d65b1af0e988552f60a,550ffba8899939a954353c98aeaf30390e985b4351092b2cf495283fb1c5dfe2
room05_A2_r3_event22,5,Medium clubroom,medium_clubroom,A2,3,22,Clubroom 2 .m4a,reports/phone_clap_demo/results/segments/m4a/room05_ClubroomMedium_m4a_ev22_A2_r3.wav,runs/e6_phone_raw_cache/raw_v1_seed42001_batch176.npy,6,False,False,False,32.2138932596317,44100,1.0,44100,1.0,audio/phone_recordings/medium_clubroom/A2_r3.wav,audio/inferred_rirs/medium_clubroom/A2_r3.wav,runs/matched_reg_1s/hybrid_shoebox_mit_but_ace_1000ms_full_c1_vm_seed42001/model_updates20000.pt,fa83b4108777231ef557379e8f7478aea1ab63f3e95449382edeaf85442d87fc,all normal protocol events; existing selected_for_demo flag retained,4167245954a3ac3e9e95af024a95872cfa252f73f8fc8c3ec7f134ea42ecc2e2,34e2c7ccb491e7dbbc041f17d30d2609db1b981a1ac29ab441931a2c3da2768c
room05_A2_r4_event23,5,Medium clubroom,medium_clubroom,A2,4,23,Clubroom 2 .m4a,reports/phone_clap_demo/results/segments/m4a/room05_ClubroomMedium_m4a_ev23_A2_r4.wav,runs/e6_phone_raw_cache/raw_v1_seed42001_batch176.npy,7,False,False,False,31.39316295273754,44100,1.0,44100,1.0,audio/phone_recordings/medium_clubroom/A2_r4.wav,audio/inferred_rirs/medium_clubroom/A2_r4.wav,runs/matched_reg_1s/hybrid_shoebox_mit_but_ace_1000ms_full_c1_vm_seed42001/model_updates20000.pt,fa83b4108777231ef557379e8f7478aea1ab63f3e95449382edeaf85442d87fc,all normal protocol events; existing selected_for_demo flag retained,73d4c73fc83cd7a5c51ebb98dc004d9a7382273539a4e4f8d7b42b03b228a29d,779fc40ea82371347879ecdfbc15a04b9eaed8955750c56a914114403710f019
room05_A2_r5_event24,5,Medium clubroom,medium_clubroom,A2,5,24,Clubroom 2 .m4a,reports/phone_clap_demo/results/segments/m4a/room05_ClubroomMedium_m4a_ev24_A2_r5.wav,runs/e6_phone_raw_cache/raw_v1_seed42001_batch184.npy,0,False,False,False,28.503224812966696,44100,1.0,44100,1.0,audio/phone_recordings/medium_clubroom/A2_r5.wav,audio/inferred_rirs/medium_clubroom/A2_r5.wav,runs/matched_reg_1s/hybrid_shoebox_mit_but_ace_1000ms_full_c1_vm_seed42001/model_updates20000.pt,fa83b4108777231ef557379e8f7478aea1ab63f3e95449382edeaf85442d87fc,all normal protocol events; existing selected_for_demo flag retained,8e159710a7d0f7bfa79386275a8b1abd08835707d4e754f14d1b53e7c7f6aa06,8d0badad2e221d9af38fae7d4fc5f29fcc680fffd390cfe9255d2dd445712859
room05_A3_r1_event25,5,Medium clubroom,medium_clubroom,A3,1,25,Clubroom 2 .m4a,reports/phone_clap_demo/results/segments/m4a/room05_ClubroomMedium_m4a_ev25_A3_r1.wav,runs/e6_phone_raw_cache/raw_v1_seed42001_batch184.npy,1,False,False,False,22.440547883530776,44100,1.0,44100,1.0,audio/phone_recordings/medium_clubroom/A3_r1.wav,audio/inferred_rirs/medium_clubroom/A3_r1.wav,runs/matched_reg_1s/hybrid_shoebox_mit_but_ace_1000ms_full_c1_vm_seed42001/model_updates20000.pt,fa83b4108777231ef557379e8f7478aea1ab63f3e95449382edeaf85442d87fc,all normal protocol events; existing selected_for_demo flag retained,f842113dd302ae70de2d72bb6cf8c55e1a5e627b6a4d1eece5a5ff2337dfcbca,65855dbc3df8964818ccf1546dcacbb9390c4ae3b32831da4c40d559ba5ccada
room05_A3_r2_event26,5,Medium clubroom,medium_clubroom,A3,2,26,Clubroom 2 .m4a,reports/phone_clap_demo/results/segments/m4a/room05_ClubroomMedium_m4a_ev26_A3_r2.wav,runs/e6_phone_raw_cache/raw_v1_seed42001_batch184.npy,2,False,True,False,28.203405630450018,44100,1.0,44100,1.0,audio/phone_recordings/medium_clubroom/A3_r2.wav,audio/inferred_rirs/medium_clubroom/A3_r2.wav,runs/matched_reg_1s/hybrid_shoebox_mit_but_ace_1000ms_full_c1_vm_seed42001/model_updates20000.pt,fa83b4108777231ef557379e8f7478aea1ab63f3e95449382edeaf85442d87fc,all normal protocol events; existing selected_for_demo flag retained,4593b6a96a1f3073a2b67309f9f86726473d8759d67d4ef191b67b7758c57acc,13f55ee6d0978e5e899d707b2e3fcfc3600a0aee73f4734a66935fe57d685751
room05_A3_r3_event27,5,Medium clubroom,medium_clubroom,A3,3,27,Clubroom 2 .m4a,reports/phone_clap_demo/results/segments/m4a/room05_ClubroomMedium_m4a_ev27_A3_r3.wav,runs/e6_phone_raw_cache/raw_v1_seed42001_batch184.npy,3,False,False,False,18.462215860999635,44100,1.0,44100,1.0,audio/phone_recordings/medium_clubroom/A3_r3.wav,audio/inferred_rirs/medium_clubroom/A3_r3.wav,runs/matched_reg_1s/hybrid_shoebox_mit_but_ace_1000ms_full_c1_vm_seed42001/model_updates20000.pt,fa83b4108777231ef557379e8f7478aea1ab63f3e95449382edeaf85442d87fc,all normal protocol events; existing selected_for_demo flag retained,33d48e1118256b9e64b80818041452b56cf7a75502f96cc6944f6b9a861554ca,c786eafa86fd6b743e0799062252121d7eaada0ad5f0a43564670b70c72ed530
room05_A3_r4_event28,5,Medium clubroom,medium_clubroom,A3,4,28,Clubroom 2 .m4a,reports/phone_clap_demo/results/segments/m4a/room05_ClubroomMedium_m4a_ev28_A3_r4.wav,runs/e6_phone_raw_cache/raw_v1_seed42001_batch184.npy,4,False,False,False,26.966408535227224,44100,1.0,44100,1.0,audio/phone_recordings/medium_clubroom/A3_r4.wav,audio/inferred_rirs/medium_clubroom/A3_r4.wav,runs/matched_reg_1s/hybrid_shoebox_mit_but_ace_1000ms_full_c1_vm_seed42001/model_updates20000.pt,fa83b4108777231ef557379e8f7478aea1ab63f3e95449382edeaf85442d87fc,all normal protocol events; existing selected_for_demo flag retained,a9fac67ebc9c11ba423c0b56959c30f712cf2735ca79cad4b88798fad46691e4,05ec942d69b3d69dc4e73b7a18985c8ab1ec7cdf0d289de31eefb76cf4a54777
room05_A3_r5_event29,5,Medium clubroom,medium_clubroom,A3,5,29,Clubroom 2 .m4a,reports/phone_clap_demo/results/segments/m4a/room05_ClubroomMedium_m4a_ev29_A3_r5.wav,runs/e6_phone_raw_cache/raw_v1_seed42001_batch184.npy,5,False,False,False,26.454126751929707,44100,1.0,44100,1.0,audio/phone_recordings/medium_clubroom/A3_r5.wav,audio/inferred_rirs/medium_clubroom/A3_r5.wav,runs/matched_reg_1s/hybrid_shoebox_mit_but_ace_1000ms_full_c1_vm_seed42001/model_updates20000.pt,fa83b4108777231ef557379e8f7478aea1ab63f3e95449382edeaf85442d87fc,all normal protocol events; existing selected_for_demo flag retained,6bd2b535ec678a98bed311ab5967aaac0c9e707477ae287e7f303ed190505d43,d8915ba6d8e0d97168721388fb2a48a1bd34d2109c8b451f01d3d2e7ead931b1
room05_A1minus_r1_event30,5,Medium clubroom,medium_clubroom,A1-,1,30,Clubroom 2 .m4a,reports/phone_clap_demo/results/segments/m4a/room05_ClubroomMedium_m4a_ev30_A1m_r1.wav,runs/e6_phone_raw_cache/raw_v1_seed42001_batch184.npy,6,False,False,False,31.149517601276415,44100,1.0,44100,1.0,audio/phone_recordings/medium_clubroom/A1minus_r1.wav,audio/inferred_rirs/medium_clubroom/A1minus_r1.wav,runs/matched_reg_1s/hybrid_shoebox_mit_but_ace_1000ms_full_c1_vm_seed42001/model_updates20000.pt,fa83b4108777231ef557379e8f7478aea1ab63f3e95449382edeaf85442d87fc,all normal protocol events; existing selected_for_demo flag retained,00d754be98393a962e88d543823d20f8edb031408e07dd2e02eb364f8b989541,fce59573dee0dcc5b516e30ef25c6c99979e1cad9738124f783ec982560af118
room05_A1minus_r2_event31,5,Medium clubroom,medium_clubroom,A1-,2,31,Clubroom 2 .m4a,reports/phone_clap_demo/results/segments/m4a/room05_ClubroomMedium_m4a_ev31_A1m_r2.wav,runs/e6_phone_raw_cache/raw_v1_seed42001_batch184.npy,7,False,False,False,29.58539352343449,44100,1.0,44100,1.0,audio/phone_recordings/medium_clubroom/A1minus_r2.wav,audio/inferred_rirs/medium_clubroom/A1minus_r2.wav,runs/matched_reg_1s/hybrid_shoebox_mit_but_ace_1000ms_full_c1_vm_seed42001/model_updates20000.pt,fa83b4108777231ef557379e8f7478aea1ab63f3e95449382edeaf85442d87fc,all normal protocol events; existing selected_for_demo flag retained,0916393cf647ab009227cdc789fbfb2109dfbc7cd3aebddf2843c73603a91dfb,56f38f7ef9a6bb0e2816f630937763fa2d5a79babf07bb7297e0f80ecbbc5a65
room05_A1minus_r3_event32,5,Medium clubroom,medium_clubroom,A1-,3,32,Clubroom 2 .m4a,reports/phone_clap_demo/results/segments/m4a/room05_ClubroomMedium_m4a_ev32_A1m_r3.wav,runs/e6_phone_raw_cache/raw_v1_seed42001_batch192.npy,0,False,True,False,33.40950325908986,44100,1.0,44100,1.0,audio/phone_recordings/medium_clubroom/A1minus_r3.wav,audio/inferred_rirs/medium_clubroom/A1minus_r3.wav,runs/matched_reg_1s/hybrid_shoebox_mit_but_ace_1000ms_full_c1_vm_seed42001/model_updates20000.pt,fa83b4108777231ef557379e8f7478aea1ab63f3e95449382edeaf85442d87fc,all normal protocol events; existing selected_for_demo flag retained,58d875cbb6e1336a8da91ce992a1caf964b4845dff47c9fc299db4c56f926184,5d85ff2ad8ee1302717e7089ccc0b2a145529fee6a15793703b209f35529e020
room05_A1minus_r4_event33,5,Medium clubroom,medium_clubroom,A1-,4,33,Clubroom 2 .m4a,reports/phone_clap_demo/results/segments/m4a/room05_ClubroomMedium_m4a_ev33_A1m_r4.wav,runs/e6_phone_raw_cache/raw_v1_seed42001_batch192.npy,1,False,False,True,31.569586049023236,44100,1.0,44100,1.0,audio/phone_recordings/medium_clubroom/A1minus_r4.wav,audio/inferred_rirs/medium_clubroom/A1minus_r4.wav,runs/matched_reg_1s/hybrid_shoebox_mit_but_ace_1000ms_full_c1_vm_seed42001/model_updates20000.pt,fa83b4108777231ef557379e8f7478aea1ab63f3e95449382edeaf85442d87fc,all normal protocol events; existing selected_for_demo flag retained,17c98894c17d0483def2777b53a85991ab3828b016072a4e73a22175aafe8aa6,6203d5e1021e1dae311bed792cfbdda842f3ba2fe89ecd0d66760514ae0a8f4c
room05_A1minus_r5_event34,5,Medium clubroom,medium_clubroom,A1-,5,34,Clubroom 2 .m4a,reports/phone_clap_demo/results/segments/m4a/room05_ClubroomMedium_m4a_ev34_A1m_r5.wav,runs/e6_phone_raw_cache/raw_v1_seed42001_batch192.npy,2,False,False,False,30.476533046987225,44100,1.0,44100,1.0,audio/phone_recordings/medium_clubroom/A1minus_r5.wav,audio/inferred_rirs/medium_clubroom/A1minus_r5.wav,runs/matched_reg_1s/hybrid_shoebox_mit_but_ace_1000ms_full_c1_vm_seed42001/model_updates20000.pt,fa83b4108777231ef557379e8f7478aea1ab63f3e95449382edeaf85442d87fc,all normal protocol events; existing selected_for_demo flag retained,5ab5844b8177f11c6d50ff6f1f65802462075f8ddc954ad7a1f94a7e4b68bcce,e5d41fb94de0fd181079aed2354a61a6bdd694d1a5f8c0738c5201a54712dcf6
room05_A1plus_r1_event35,5,Medium clubroom,medium_clubroom,A1+,1,35,Clubroom 2 .m4a,reports/phone_clap_demo/results/segments/m4a/room05_ClubroomMedium_m4a_ev35_A1p_r1.wav,runs/e6_phone_raw_cache/raw_v1_seed42001_batch192.npy,3,False,False,False,31.745592605941148,44100,1.0,44100,1.0,audio/phone_recordings/medium_clubroom/A1plus_r1.wav,audio/inferred_rirs/medium_clubroom/A1plus_r1.wav,runs/matched_reg_1s/hybrid_shoebox_mit_but_ace_1000ms_full_c1_vm_seed42001/model_updates20000.pt,fa83b4108777231ef557379e8f7478aea1ab63f3e95449382edeaf85442d87fc,all normal protocol events; existing selected_for_demo flag retained,c862aa61b5aa3a421b2ec9fc6f246b64eecfaeb149bacfa7bcd26ff5aad3200a,61f1970eb02e75ff46bee5eb3d2fd4eec2135f5ac14f173b6f1555f65354e469
room05_A1plus_r2_event36,5,Medium clubroom,medium_clubroom,A1+,2,36,Clubroom 2 .m4a,reports/phone_clap_demo/results/segments/m4a/room05_ClubroomMedium_m4a_ev36_A1p_r2.wav,runs/e6_phone_raw_cache/raw_v1_seed42001_batch192.npy,4,False,False,False,30.862273885051533,44100,1.0,44100,1.0,audio/phone_recordings/medium_clubroom/A1plus_r2.wav,audio/inferred_rirs/medium_clubroom/A1plus_r2.wav,runs/matched_reg_1s/hybrid_shoebox_mit_but_ace_1000ms_full_c1_vm_seed42001/model_updates20000.pt,fa83b4108777231ef557379e8f7478aea1ab63f3e95449382edeaf85442d87fc,all normal protocol events; existing selected_for_demo flag retained,006b664a7a0cfe13388ab813fd3ec9a7496e73834c75b7ebbf15a6c0c03d1a9a,f410dfa224270908df7880602571230fbb4e9cba177c0baae6664e42c15edc8d
room05_A1plus_r3_event37,5,Medium clubroom,medium_clubroom,A1+,3,37,Clubroom 2 .m4a,reports/phone_clap_demo/results/segments/m4a/room05_ClubroomMedium_m4a_ev37_A1p_r3.wav,runs/e6_phone_raw_cache/raw_v1_seed42001_batch192.npy,5,False,True,False,34.48296192546172,44100,1.0,44100,1.0,audio/phone_recordings/medium_clubroom/A1plus_r3.wav,audio/inferred_rirs/medium_clubroom/A1plus_r3.wav,runs/matched_reg_1s/hybrid_shoebox_mit_but_ace_1000ms_full_c1_vm_seed42001/model_updates20000.pt,fa83b4108777231ef557379e8f7478aea1ab63f3e95449382edeaf85442d87fc,all normal protocol events; existing selected_for_demo flag retained,3f504cee32e96ba4c53ecb3e3d13c1d28a22e40883d6040a5317f49d5545ad48,ac8723e5307f45d7388d5f645387e5f4ebc187ee5fa4a47e41f3515aad1c010f
room05_A1plus_r4_event38,5,Medium clubroom,medium_clubroom,A1+,4,38,Clubroom 2 .m4a,reports/phone_clap_demo/results/segments/m4a/room05_ClubroomMedium_m4a_ev38_A1p_r4.wav,runs/e6_phone_raw_cache/raw_v1_seed42001_batch192.npy,6,False,False,False,32.952672654025605,44100,1.0,44100,1.0,audio/phone_recordings/medium_clubroom/A1plus_r4.wav,audio/inferred_rirs/medium_clubroom/A1plus_r4.wav,runs/matched_reg_1s/hybrid_shoebox_mit_but_ace_1000ms_full_c1_vm_seed42001/model_updates20000.pt,fa83b4108777231ef557379e8f7478aea1ab63f3e95449382edeaf85442d87fc,all normal protocol events; existing selected_for_demo flag retained,d0907f808fccc0d40d168978e646c6424e2f1f7d7aad048cb7957db9493006a3,ec8ce639ba787c43248fdde60d130b8f528e9da9ffd360a964cef134e4d48bb2
room05_A1plus_r5_event39,5,Medium clubroom,medium_clubroom,A1+,5,39,Clubroom 2 .m4a,reports/phone_clap_demo/results/segments/m4a/room05_ClubroomMedium_m4a_ev39_A1p_r5.wav,runs/e6_phone_raw_cache/raw_v1_seed42001_batch192.npy,7,False,False,False,33.549047186747444,44100,1.0,44100,1.0,audio/phone_recordings/medium_clubroom/A1plus_r5.wav,audio/inferred_rirs/medium_clubroom/A1plus_r5.wav,runs/matched_reg_1s/hybrid_shoebox_mit_but_ace_1000ms_full_c1_vm_seed42001/model_updates20000.pt,fa83b4108777231ef557379e8f7478aea1ab63f3e95449382edeaf85442d87fc,all normal protocol events; existing selected_for_demo flag retained,85587a74576df6402cc2da04b587630789f0a73089f245ee3d9a3f023c69b4aa,7a002ecac4e084a763323abcb44b2047b93b956a16908e6e6cec7b94886a76e2
room06_P1_r1_event01,6,Small clubroom,small_clubroom,P1,1,1,Clubroom 3.m4a,reports/phone_clap_demo/results/segments/m4a/room06_ClubroomSmall_m4a_ev01_P1_r1.wav,runs/e6_phone_raw_cache/raw_v1_seed42001_batch200.npy,0,False,False,False,33.7644874440946,44100,1.0,44100,1.0,audio/phone_recordings/small_clubroom/P1_r1.wav,audio/inferred_rirs/small_clubroom/P1_r1.wav,runs/matched_reg_1s/hybrid_shoebox_mit_but_ace_1000ms_full_c1_vm_seed42001/model_updates20000.pt,fa83b4108777231ef557379e8f7478aea1ab63f3e95449382edeaf85442d87fc,all normal protocol events; existing selected_for_demo flag retained,68a6a1613b47eac0c61d71d908d2ac5bc548f7e137cf42bd79b448f6b2509927,ba3b6553174e90884e4095e2cc59908b3ba0982f90beede18b9ed3c0a47d5ae3
room06_P1_r2_event02,6,Small clubroom,small_clubroom,P1,2,2,Clubroom 3.m4a,reports/phone_clap_demo/results/segments/m4a/room06_ClubroomSmall_m4a_ev02_P1_r2.wav,runs/e6_phone_raw_cache/raw_v1_seed42001_batch200.npy,1,False,False,False,34.50985186285399,44100,1.0,44100,1.0,audio/phone_recordings/small_clubroom/P1_r2.wav,audio/inferred_rirs/small_clubroom/P1_r2.wav,runs/matched_reg_1s/hybrid_shoebox_mit_but_ace_1000ms_full_c1_vm_seed42001/model_updates20000.pt,fa83b4108777231ef557379e8f7478aea1ab63f3e95449382edeaf85442d87fc,all normal protocol events; existing selected_for_demo flag retained,28e12a4543d104db84da83be652965fb7eeefbf5da38bcf513f036893e787d5d,473443eab3f752ea4772b189c85f9fbf30830cb45b43d43f015ea40405fac287
room06_P1_r3_event03,6,Small clubroom,small_clubroom,P1,3,3,Clubroom 3.m4a,reports/phone_clap_demo/results/segments/m4a/room06_ClubroomSmall_m4a_ev03_P1_r3.wav,runs/e6_phone_raw_cache/raw_v1_seed42001_batch200.npy,2,False,True,False,35.17172135465768,44100,1.0,44100,1.0,audio/phone_recordings/small_clubroom/P1_r3.wav,audio/inferred_rirs/small_clubroom/P1_r3.wav,runs/matched_reg_1s/hybrid_shoebox_mit_but_ace_1000ms_full_c1_vm_seed42001/model_updates20000.pt,fa83b4108777231ef557379e8f7478aea1ab63f3e95449382edeaf85442d87fc,all normal protocol events; existing selected_for_demo flag retained,fa8c04c237825b08d46ff5d50fed2310c76857a46930ea789165f2e6f6bece09,f6080dee2c666d2938c04c8e14f0b9f744d3c0413e87e8ee62c516ac3327a225
room06_P1_r4_event04,6,Small clubroom,small_clubroom,P1,4,4,Clubroom 3.m4a,reports/phone_clap_demo/results/segments/m4a/room06_ClubroomSmall_m4a_ev04_P1_r4.wav,runs/e6_phone_raw_cache/raw_v1_seed42001_batch200.npy,3,False,False,False,31.578977387731772,44100,1.0,44100,1.0,audio/phone_recordings/small_clubroom/P1_r4.wav,audio/inferred_rirs/small_clubroom/P1_r4.wav,runs/matched_reg_1s/hybrid_shoebox_mit_but_ace_1000ms_full_c1_vm_seed42001/model_updates20000.pt,fa83b4108777231ef557379e8f7478aea1ab63f3e95449382edeaf85442d87fc,all normal protocol events; existing selected_for_demo flag retained,d4482bc574f2f30d2740d0e2d98ef36e650062081852b19cb7e8ca0bb66923d1,7cc1c81b04ef3e236a65be27dbc55b98e06ec6a5e2e8334c7b90097ee22b814c
room06_P1_r5_event05,6,Small clubroom,small_clubroom,P1,5,5,Clubroom 3.m4a,reports/phone_clap_demo/results/segments/m4a/room06_ClubroomSmall_m4a_ev05_P1_r5.wav,runs/e6_phone_raw_cache/raw_v1_seed42001_batch200.npy,4,False,False,False,34.51021648312707,44100,1.0,44100,1.0,audio/phone_recordings/small_clubroom/P1_r5.wav,audio/inferred_rirs/small_clubroom/P1_r5.wav,runs/matched_reg_1s/hybrid_shoebox_mit_but_ace_1000ms_full_c1_vm_seed42001/model_updates20000.pt,fa83b4108777231ef557379e8f7478aea1ab63f3e95449382edeaf85442d87fc,all normal protocol events; existing selected_for_demo flag retained,b1c729e549bb5388b084d911f1cd5c5773450672ac2ddfe928bcdc14f10fd6a4,2c62284bd9728258ec020f68af5616ab44356d11a7224681c4db521dacdcc979
room06_P2_r1_event06,6,Small clubroom,small_clubroom,P2,1,6,Clubroom 3.m4a,reports/phone_clap_demo/results/segments/m4a/room06_ClubroomSmall_m4a_ev06_P2_r1.wav,runs/e6_phone_raw_cache/raw_v1_seed42001_batch200.npy,5,False,False,False,32.97943599797154,44100,1.0,44100,1.0,audio/phone_recordings/small_clubroom/P2_r1.wav,audio/inferred_rirs/small_clubroom/P2_r1.wav,runs/matched_reg_1s/hybrid_shoebox_mit_but_ace_1000ms_full_c1_vm_seed42001/model_updates20000.pt,fa83b4108777231ef557379e8f7478aea1ab63f3e95449382edeaf85442d87fc,all normal protocol events; existing selected_for_demo flag retained,2f5d73ca2fe72b92cfdd6fb5f04a46a49b529be39cc163def0ba247ec79311da,b5503f16a9af73fd9ccc426d08d1564b02a5ee69a684b539943c17329609f821
room06_P2_r2_event07,6,Small clubroom,small_clubroom,P2,2,7,Clubroom 3.m4a,reports/phone_clap_demo/results/segments/m4a/room06_ClubroomSmall_m4a_ev07_P2_r2.wav,runs/e6_phone_raw_cache/raw_v1_seed42001_batch200.npy,6,False,False,False,34.895024146129785,44100,1.0,44100,1.0,audio/phone_recordings/small_clubroom/P2_r2.wav,audio/inferred_rirs/small_clubroom/P2_r2.wav,runs/matched_reg_1s/hybrid_shoebox_mit_but_ace_1000ms_full_c1_vm_seed42001/model_updates20000.pt,fa83b4108777231ef557379e8f7478aea1ab63f3e95449382edeaf85442d87fc,all normal protocol events; existing selected_for_demo flag retained,c6343a28aaa44fba907c141dfb4433980a1b6815b59703faf8d6fb46cf3b8f76,744bccbf7332716e2a0480749036c222e341ee7f680f10fc8a7b8fbbb874141d
room06_P2_r3_event08,6,Small clubroom,small_clubroom,P2,3,8,Clubroom 3.m4a,reports/phone_clap_demo/results/segments/m4a/room06_ClubroomSmall_m4a_ev08_P2_r3.wav,runs/e6_phone_raw_cache/raw_v1_seed42001_batch200.npy,7,False,False,False,33.07036775126868,44100,1.0,44100,1.0,audio/phone_recordings/small_clubroom/P2_r3.wav,audio/inferred_rirs/small_clubroom/P2_r3.wav,runs/matched_reg_1s/hybrid_shoebox_mit_but_ace_1000ms_full_c1_vm_seed42001/model_updates20000.pt,fa83b4108777231ef557379e8f7478aea1ab63f3e95449382edeaf85442d87fc,all normal protocol events; existing selected_for_demo flag retained,2ea59015d685b9addb04659c6005031717e67762a679cbd7d21fb2a835312d41,47f0a29cbe93f469f995421ecebacd6ee5b2fb026386547f4958bfa9706922d4
room06_P2_r4_event09,6,Small clubroom,small_clubroom,P2,4,9,Clubroom 3.m4a,reports/phone_clap_demo/results/segments/m4a/room06_ClubroomSmall_m4a_ev09_P2_r4.wav,runs/e6_phone_raw_cache/raw_v1_seed42001_batch208.npy,0,False,True,False,36.627447364868,44100,1.0,44100,1.0,audio/phone_recordings/small_clubroom/P2_r4.wav,audio/inferred_rirs/small_clubroom/P2_r4.wav,runs/matched_reg_1s/hybrid_shoebox_mit_but_ace_1000ms_full_c1_vm_seed42001/model_updates20000.pt,fa83b4108777231ef557379e8f7478aea1ab63f3e95449382edeaf85442d87fc,all normal protocol events; existing selected_for_demo flag retained,071e5e96b220aff04ca48c054de00efc1b41efcacefabf369d45e46928e4a1b7,fac89d53a7bbfdfa88392c485898a74dd50554344af0e520504a676d533746b4
room06_P2_r5_event10,6,Small clubroom,small_clubroom,P2,5,10,Clubroom 3.m4a,reports/phone_clap_demo/results/segments/m4a/room06_ClubroomSmall_m4a_ev10_P2_r5.wav,runs/e6_phone_raw_cache/raw_v1_seed42001_batch208.npy,1,False,False,False,34.91073283094251,44100,1.0,44100,1.0,audio/phone_recordings/small_clubroom/P2_r5.wav,audio/inferred_rirs/small_clubroom/P2_r5.wav,runs/matched_reg_1s/hybrid_shoebox_mit_but_ace_1000ms_full_c1_vm_seed42001/model_updates20000.pt,fa83b4108777231ef557379e8f7478aea1ab63f3e95449382edeaf85442d87fc,all normal protocol events; existing selected_for_demo flag retained,a6f9a8b942e65cb01832f603a56e693e9c8ae517653785fd5402a115c61abd35,2f6e7c179ae2212e3d88e516cd6c86e66ec5693cb95b3ba4a8533877f6f4f12d
room06_P3_r1_event11,6,Small clubroom,small_clubroom,P3,1,11,Clubroom 3.m4a,reports/phone_clap_demo/results/segments/m4a/room06_ClubroomSmall_m4a_ev11_P3_r1.wav,runs/e6_phone_raw_cache/raw_v1_seed42001_batch208.npy,2,False,True,False,35.168814231338615,44100,1.0,44100,1.0,audio/phone_recordings/small_clubroom/P3_r1.wav,audio/inferred_rirs/small_clubroom/P3_r1.wav,runs/matched_reg_1s/hybrid_shoebox_mit_but_ace_1000ms_full_c1_vm_seed42001/model_updates20000.pt,fa83b4108777231ef557379e8f7478aea1ab63f3e95449382edeaf85442d87fc,all normal protocol events; existing selected_for_demo flag retained,fb854be5706e6bab81875676e145471c272cdaba62ad3e72653072e9c5d3ea22,b5f6d05cf756ab97d547cfb5d40300cf58a9d2cb647fb62e5be860bad4ff196d
room06_P3_r2_event12,6,Small clubroom,small_clubroom,P3,2,12,Clubroom 3.m4a,reports/phone_clap_demo/results/segments/m4a/room06_ClubroomSmall_m4a_ev12_P3_r2.wav,runs/e6_phone_raw_cache/raw_v1_seed42001_batch208.npy,3,False,False,False,34.77720458753927,44100,1.0,44100,1.0,audio/phone_recordings/small_clubroom/P3_r2.wav,audio/inferred_rirs/small_clubroom/P3_r2.wav,runs/matched_reg_1s/hybrid_shoebox_mit_but_ace_1000ms_full_c1_vm_seed42001/model_updates20000.pt,fa83b4108777231ef557379e8f7478aea1ab63f3e95449382edeaf85442d87fc,all normal protocol events; existing selected_for_demo flag retained,12389bac3bb968d457e5786cb00d69033fecba1ae4d635509b3f5944c5857bc9,e2d5588ba2418b4655ba7736549f946288b6170754b94be7d094ba84b8eb3511
room06_P3_r3_event13,6,Small clubroom,small_clubroom,P3,3,13,Clubroom 3.m4a,reports/phone_clap_demo/results/segments/m4a/room06_ClubroomSmall_m4a_ev13_P3_r3.wav,runs/e6_phone_raw_cache/raw_v1_seed42001_batch208.npy,4,False,False,False,34.56062014154975,44100,1.0,44100,1.0,audio/phone_recordings/small_clubroom/P3_r3.wav,audio/inferred_rirs/small_clubroom/P3_r3.wav,runs/matched_reg_1s/hybrid_shoebox_mit_but_ace_1000ms_full_c1_vm_seed42001/model_updates20000.pt,fa83b4108777231ef557379e8f7478aea1ab63f3e95449382edeaf85442d87fc,all normal protocol events; existing selected_for_demo flag retained,5f30e9913e4e13f12208a932c23c077a2c86251be1d515c7a02e07df82f78083,0ed8dacc7b9c693282b7d43d53940e6441f93a3597112a260158f6b3d07ce354
room06_P3_r4_event14,6,Small clubroom,small_clubroom,P3,4,14,Clubroom 3.m4a,reports/phone_clap_demo/results/segments/m4a/room06_ClubroomSmall_m4a_ev14_P3_r4.wav,runs/e6_phone_raw_cache/raw_v1_seed42001_batch208.npy,5,False,False,False,32.905033602230915,44100,1.0,44100,1.0,audio/phone_recordings/small_clubroom/P3_r4.wav,audio/inferred_rirs/small_clubroom/P3_r4.wav,runs/matched_reg_1s/hybrid_shoebox_mit_but_ace_1000ms_full_c1_vm_seed42001/model_updates20000.pt,fa83b4108777231ef557379e8f7478aea1ab63f3e95449382edeaf85442d87fc,all normal protocol events; existing selected_for_demo flag retained,d91576e9c5b042c1048d14a89e6f5b07ba94462f809630f1e8c7ab3d27996fd2,b05e9190b81457ac68276f4e84b5aa0278e32981593167402cc093ee7b40f660
room06_P3_r5_event15,6,Small clubroom,small_clubroom,P3,5,15,Clubroom 3.m4a,reports/phone_clap_demo/results/segments/m4a/room06_ClubroomSmall_m4a_ev15_P3_r5.wav,runs/e6_phone_raw_cache/raw_v1_seed42001_batch208.npy,6,False,False,False,32.18397125498659,44100,1.0,44100,1.0,audio/phone_recordings/small_clubroom/P3_r5.wav,audio/inferred_rirs/small_clubroom/P3_r5.wav,runs/matched_reg_1s/hybrid_shoebox_mit_but_ace_1000ms_full_c1_vm_seed42001/model_updates20000.pt,fa83b4108777231ef557379e8f7478aea1ab63f3e95449382edeaf85442d87fc,all normal protocol events; existing selected_for_demo flag retained,6e1e8e013808919d8f8056c0f90516fa0390b6fa423af17fc990f57756825d08,96b05518ed7231814fc5ab9122a89056f6f58b4505832d5fb1773e4906a3fba2
room06_A1_r1_event16,6,Small clubroom,small_clubroom,A1,1,16,Clubroom 3.m4a,reports/phone_clap_demo/results/segments/m4a/room06_ClubroomSmall_m4a_ev16_A1_r1.wav,runs/e6_phone_raw_cache/raw_v1_seed42001_batch208.npy,7,False,False,False,34.540952203785416,44100,1.0,44100,1.0,audio/phone_recordings/small_clubroom/A1_r1.wav,audio/inferred_rirs/small_clubroom/A1_r1.wav,runs/matched_reg_1s/hybrid_shoebox_mit_but_ace_1000ms_full_c1_vm_seed42001/model_updates20000.pt,fa83b4108777231ef557379e8f7478aea1ab63f3e95449382edeaf85442d87fc,all normal protocol events; existing selected_for_demo flag retained,8817399c69467ca10ccb4b50046af0e01807169438975d45c49694f5d0ec4413,42d62efb78fe34db1fd6fb58b390b22d1a0890f4f8c5f8bfec328332b30f5945
room06_A1_r2_event17,6,Small clubroom,small_clubroom,A1,2,17,Clubroom 3.m4a,reports/phone_clap_demo/results/segments/m4a/room06_ClubroomSmall_m4a_ev17_A1_r2.wav,runs/e6_phone_raw_cache/raw_v1_seed42001_batch216.npy,0,False,True,False,40.57674705072823,44100,1.0,44100,1.0,audio/phone_recordings/small_clubroom/A1_r2.wav,audio/inferred_rirs/small_clubroom/A1_r2.wav,runs/matched_reg_1s/hybrid_shoebox_mit_but_ace_1000ms_full_c1_vm_seed42001/model_updates20000.pt,fa83b4108777231ef557379e8f7478aea1ab63f3e95449382edeaf85442d87fc,all normal protocol events; existing selected_for_demo flag retained,59627823b3889e21ce6076c1244219993832887e51b0adf5ae4ae9d5eeb8a7aa,7fbc2b179d49881c5c5f8c206f5261e1c72b45ed477c7b78f63270e1f6a6b001
room06_A1_r3_event18,6,Small clubroom,small_clubroom,A1,3,18,Clubroom 3.m4a,reports/phone_clap_demo/results/segments/m4a/room06_ClubroomSmall_m4a_ev18_A1_r3.wav,runs/e6_phone_raw_cache/raw_v1_seed42001_batch216.npy,1,False,False,False,39.20991722869561,44100,1.0,44100,1.0,audio/phone_recordings/small_clubroom/A1_r3.wav,audio/inferred_rirs/small_clubroom/A1_r3.wav,runs/matched_reg_1s/hybrid_shoebox_mit_but_ace_1000ms_full_c1_vm_seed42001/model_updates20000.pt,fa83b4108777231ef557379e8f7478aea1ab63f3e95449382edeaf85442d87fc,all normal protocol events; existing selected_for_demo flag retained,51b202dc5efb526bbb2dfd0e6c79d7b8730db8f44edc49d9b1d92cbb489c47e9,03df533e889a66ae5b2e9dfadb90356f3ae6334fec2a21670d1f43fc39ec0832
room06_A1_r4_event19,6,Small clubroom,small_clubroom,A1,4,19,Clubroom 3.m4a,reports/phone_clap_demo/results/segments/m4a/room06_ClubroomSmall_m4a_ev19_A1_r4.wav,runs/e6_phone_raw_cache/raw_v1_seed42001_batch216.npy,2,False,False,False,32.84462513422828,44100,1.0,44100,1.0,audio/phone_recordings/small_clubroom/A1_r4.wav,audio/inferred_rirs/small_clubroom/A1_r4.wav,runs/matched_reg_1s/hybrid_shoebox_mit_but_ace_1000ms_full_c1_vm_seed42001/model_updates20000.pt,fa83b4108777231ef557379e8f7478aea1ab63f3e95449382edeaf85442d87fc,all normal protocol events; existing selected_for_demo flag retained,fda6a65e3b753aa46d5fb7d87769de61f6dbcbfb1b91771d92b486a99b91fc66,14d6313222ab778446296231aaff5999b7c6aa7db773b79355e1be1b6864d430
room06_A1_r5_event20,6,Small clubroom,small_clubroom,A1,5,20,Clubroom 3.m4a,reports/phone_clap_demo/results/segments/m4a/room06_ClubroomSmall_m4a_ev20_A1_r5.wav,runs/e6_phone_raw_cache/raw_v1_seed42001_batch216.npy,3,False,False,False,36.90495841353014,44100,1.0,44100,1.0,audio/phone_recordings/small_clubroom/A1_r5.wav,audio/inferred_rirs/small_clubroom/A1_r5.wav,runs/matched_reg_1s/hybrid_shoebox_mit_but_ace_1000ms_full_c1_vm_seed42001/model_updates20000.pt,fa83b4108777231ef557379e8f7478aea1ab63f3e95449382edeaf85442d87fc,all normal protocol events; existing selected_for_demo flag retained,10ec717b677310ba4221171c929a967800f73e939b2cd6d354b0bface090a2ba,13218a81952e6754123dde7bbaaa9b8fe6bb022ca328873144a4a476193bbd1f
room06_A2_r1_event21,6,Small clubroom,small_clubroom,A2,1,21,Clubroom 3.m4a,reports/phone_clap_demo/results/segments/m4a/room06_ClubroomSmall_m4a_ev21_A2_r1.wav,runs/e6_phone_raw_cache/raw_v1_seed42001_batch216.npy,4,False,False,False,33.74939359171099,44100,1.0,44100,1.0,audio/phone_recordings/small_clubroom/A2_r1.wav,audio/inferred_rirs/small_clubroom/A2_r1.wav,runs/matched_reg_1s/hybrid_shoebox_mit_but_ace_1000ms_full_c1_vm_seed42001/model_updates20000.pt,fa83b4108777231ef557379e8f7478aea1ab63f3e95449382edeaf85442d87fc,all normal protocol events; existing selected_for_demo flag retained,d8c297523cdbd2890aad69c8d4340ef199d763f16e93a6c6d36df1a866ca6265,67b706253c127b24c60b6ab6aeb45c1fc7981a39fb12a574e2c5c441570838a8
room06_A2_r2_event22,6,Small clubroom,small_clubroom,A2,2,22,Clubroom 3.m4a,reports/phone_clap_demo/results/segments/m4a/room06_ClubroomSmall_m4a_ev22_A2_r2.wav,runs/e6_phone_raw_cache/raw_v1_seed42001_batch216.npy,5,False,False,False,34.269822270802614,44100,1.0,44100,1.0,audio/phone_recordings/small_clubroom/A2_r2.wav,audio/inferred_rirs/small_clubroom/A2_r2.wav,runs/matched_reg_1s/hybrid_shoebox_mit_but_ace_1000ms_full_c1_vm_seed42001/model_updates20000.pt,fa83b4108777231ef557379e8f7478aea1ab63f3e95449382edeaf85442d87fc,all normal protocol events; existing selected_for_demo flag retained,76781d83fe40cafe5a2790fa591c580a5387745342da867538b6f967b007849f,920fa7824316f4ef4264f3aa070b6f9dfbd460478f07ab8e774d817445ea3b08
room06_A2_r3_event23,6,Small clubroom,small_clubroom,A2,3,23,Clubroom 3.m4a,reports/phone_clap_demo/results/segments/m4a/room06_ClubroomSmall_m4a_ev23_A2_r3.wav,runs/e6_phone_raw_cache/raw_v1_seed42001_batch216.npy,6,False,False,False,32.64258597715552,44100,1.0,44100,1.0,audio/phone_recordings/small_clubroom/A2_r3.wav,audio/inferred_rirs/small_clubroom/A2_r3.wav,runs/matched_reg_1s/hybrid_shoebox_mit_but_ace_1000ms_full_c1_vm_seed42001/model_updates20000.pt,fa83b4108777231ef557379e8f7478aea1ab63f3e95449382edeaf85442d87fc,all normal protocol events; existing selected_for_demo flag retained,9d44612c729bf3bd693e465570dc411edc9d9cffbf482cea2e1e0358e6a2e32b,95c0f7dd6a16ec40d61f62ff0bb4d5c66baa28f4202b91e4beabff696fb4a628
room06_A2_r4_event24,6,Small clubroom,small_clubroom,A2,4,24,Clubroom 3.m4a,reports/phone_clap_demo/results/segments/m4a/room06_ClubroomSmall_m4a_ev24_A2_r4.wav,runs/e6_phone_raw_cache/raw_v1_seed42001_batch216.npy,7,False,False,False,36.40379371597928,44100,1.0,44100,1.0,audio/phone_recordings/small_clubroom/A2_r4.wav,audio/inferred_rirs/small_clubroom/A2_r4.wav,runs/matched_reg_1s/hybrid_shoebox_mit_but_ace_1000ms_full_c1_vm_seed42001/model_updates20000.pt,fa83b4108777231ef557379e8f7478aea1ab63f3e95449382edeaf85442d87fc,all normal protocol events; existing selected_for_demo flag retained,33b3cf9d6d32310734924c78bc8d5a71be6b884c52de56cbf3d297106506fe06,76d16628550c72424eefec06f0d42324b44eb51af77c3920402ee4528042fbf1
room06_A2_r5_event25,6,Small clubroom,small_clubroom,A2,5,25,Clubroom 3.m4a,reports/phone_clap_demo/results/segments/m4a/room06_ClubroomSmall_m4a_ev25_A2_r5.wav,runs/e6_phone_raw_cache/raw_v1_seed42001_batch224.npy,0,False,True,False,36.94123985171743,44100,1.0,44100,1.0,audio/phone_recordings/small_clubroom/A2_r5.wav,audio/inferred_rirs/small_clubroom/A2_r5.wav,runs/matched_reg_1s/hybrid_shoebox_mit_but_ace_1000ms_full_c1_vm_seed42001/model_updates20000.pt,fa83b4108777231ef557379e8f7478aea1ab63f3e95449382edeaf85442d87fc,all normal protocol events; existing selected_for_demo flag retained,bdc890685b0123970837dc6ac2a23279e8e31c35e7b16d1612dbdb7b60630357,d516bcd6cd8fce27ab74e046233bd8396f64dd6247933f97de9701979ddb7c7b
room06_A3_r1_event26,6,Small clubroom,small_clubroom,A3,1,26,Clubroom 3.m4a,reports/phone_clap_demo/results/segments/m4a/room06_ClubroomSmall_m4a_ev26_A3_r1.wav,runs/e6_phone_raw_cache/raw_v1_seed42001_batch224.npy,1,False,False,False,34.86204066348858,44100,1.0,44100,1.0,audio/phone_recordings/small_clubroom/A3_r1.wav,audio/inferred_rirs/small_clubroom/A3_r1.wav,runs/matched_reg_1s/hybrid_shoebox_mit_but_ace_1000ms_full_c1_vm_seed42001/model_updates20000.pt,fa83b4108777231ef557379e8f7478aea1ab63f3e95449382edeaf85442d87fc,all normal protocol events; existing selected_for_demo flag retained,e4990d9900b721d356c93bf3682885d62efbd97db3b778737d157c5541b8a05c,12ed9a2ad05b949b6e7e88f0b835f6f77d4bc38ed536bf258302beea01b340a7
room06_A3_r2_event27,6,Small clubroom,small_clubroom,A3,2,27,Clubroom 3.m4a,reports/phone_clap_demo/results/segments/m4a/room06_ClubroomSmall_m4a_ev27_A3_r2.wav,runs/e6_phone_raw_cache/raw_v1_seed42001_batch224.npy,2,False,True,False,35.76693793697671,44100,1.0,44100,1.0,audio/phone_recordings/small_clubroom/A3_r2.wav,audio/inferred_rirs/small_clubroom/A3_r2.wav,runs/matched_reg_1s/hybrid_shoebox_mit_but_ace_1000ms_full_c1_vm_seed42001/model_updates20000.pt,fa83b4108777231ef557379e8f7478aea1ab63f3e95449382edeaf85442d87fc,all normal protocol events; existing selected_for_demo flag retained,1c50c6c1c66c5a42440f934027c3489f42a1420b2c76b9e1d03e1a2fc74111d4,deaa867b504c2cdb79291724c129270ffa456dda21ede924fb2905564dfdbc78
room06_A3_r3_event28,6,Small clubroom,small_clubroom,A3,3,28,Clubroom 3.m4a,reports/phone_clap_demo/results/segments/m4a/room06_ClubroomSmall_m4a_ev28_A3_r3.wav,runs/e6_phone_raw_cache/raw_v1_seed42001_batch224.npy,3,False,False,False,33.838364278743086,44100,1.0,44100,1.0,audio/phone_recordings/small_clubroom/A3_r3.wav,audio/inferred_rirs/small_clubroom/A3_r3.wav,runs/matched_reg_1s/hybrid_shoebox_mit_but_ace_1000ms_full_c1_vm_seed42001/model_updates20000.pt,fa83b4108777231ef557379e8f7478aea1ab63f3e95449382edeaf85442d87fc,all normal protocol events; existing selected_for_demo flag retained,273997d5f80c96c3d28c6a0aea2ef848d856e7b1c098668301404a4f37bdba7d,e7243304b5210d4bad7a7c991b5b7622f86d9f167a84ee7fd99c68e7e094de07
room06_A3_r4_event29,6,Small clubroom,small_clubroom,A3,4,29,Clubroom 3.m4a,reports/phone_clap_demo/results/segments/m4a/room06_ClubroomSmall_m4a_ev29_A3_r4.wav,runs/e6_phone_raw_cache/raw_v1_seed42001_batch224.npy,4,False,False,False,35.263169099740416,44100,1.0,44100,1.0,audio/phone_recordings/small_clubroom/A3_r4.wav,audio/inferred_rirs/small_clubroom/A3_r4.wav,runs/matched_reg_1s/hybrid_shoebox_mit_but_ace_1000ms_full_c1_vm_seed42001/model_updates20000.pt,fa83b4108777231ef557379e8f7478aea1ab63f3e95449382edeaf85442d87fc,all normal protocol events; existing selected_for_demo flag retained,fe2bcf1f08bf5f69ed0cf466ab14bb1590c37c65de0e90debb1bf34fa5383bd4,00fcf3c32fa7e8adbc97d9cc7eb821c1fda78fb5d92d3ef92ed731356b15b966
room06_A3_r5_event30,6,Small clubroom,small_clubroom,A3,5,30,Clubroom 3.m4a,reports/phone_clap_demo/results/segments/m4a/room06_ClubroomSmall_m4a_ev30_A3_r5.wav,runs/e6_phone_raw_cache/raw_v1_seed42001_batch224.npy,5,False,False,False,34.75547421962143,44100,1.0,44100,1.0,audio/phone_recordings/small_clubroom/A3_r5.wav,audio/inferred_rirs/small_clubroom/A3_r5.wav,runs/matched_reg_1s/hybrid_shoebox_mit_but_ace_1000ms_full_c1_vm_seed42001/model_updates20000.pt,fa83b4108777231ef557379e8f7478aea1ab63f3e95449382edeaf85442d87fc,all normal protocol events; existing selected_for_demo flag retained,e10327bb8859a3d1ad69fe712aafd714892fe02d5f9cab36f714474bbe2cf01a,48822cae35da68a2179870ca362c0bffa476253d32dd0834312db1958d0aaab0
room06_A1minus_r1_event31,6,Small clubroom,small_clubroom,A1-,1,31,Clubroom 3.m4a,reports/phone_clap_demo/results/segments/m4a/room06_ClubroomSmall_m4a_ev31_A1m_r1.wav,runs/e6_phone_raw_cache/raw_v1_seed42001_batch224.npy,6,False,True,False,36.75252115443234,44100,1.0,44100,1.0,audio/phone_recordings/small_clubroom/A1minus_r1.wav,audio/inferred_rirs/small_clubroom/A1minus_r1.wav,runs/matched_reg_1s/hybrid_shoebox_mit_but_ace_1000ms_full_c1_vm_seed42001/model_updates20000.pt,fa83b4108777231ef557379e8f7478aea1ab63f3e95449382edeaf85442d87fc,all normal protocol events; existing selected_for_demo flag retained,e01b23115f16b44a036659a645f076bf92238c59506ef88929effbc3fb4bb2ac,54346a5b141d02ace3487673e10bb640ae47f5772a304488579f4b4d1c6f30b4
room06_A1minus_r2_event32,6,Small clubroom,small_clubroom,A1-,2,32,Clubroom 3.m4a,reports/phone_clap_demo/results/segments/m4a/room06_ClubroomSmall_m4a_ev32_A1m_r2.wav,runs/e6_phone_raw_cache/raw_v1_seed42001_batch224.npy,7,False,False,False,34.041235176199486,44100,1.0,44100,1.0,audio/phone_recordings/small_clubroom/A1minus_r2.wav,audio/inferred_rirs/small_clubroom/A1minus_r2.wav,runs/matched_reg_1s/hybrid_shoebox_mit_but_ace_1000ms_full_c1_vm_seed42001/model_updates20000.pt,fa83b4108777231ef557379e8f7478aea1ab63f3e95449382edeaf85442d87fc,all normal protocol events; existing selected_for_demo flag retained,7e543ad0f0ca443e9c31c03890f6457181fd8b697778160d676cb4802158b4c0,cfaf0c832b954f651db41b6e693ae017ca4ba8d304d475f9b57c5e56730ac22f
room06_A1minus_r3_event33,6,Small clubroom,small_clubroom,A1-,3,33,Clubroom 3.m4a,reports/phone_clap_demo/results/segments/m4a/room06_ClubroomSmall_m4a_ev33_A1m_r3.wav,runs/e6_phone_raw_cache/raw_v1_seed42001_batch232.npy,0,False,False,False,32.713091298378465,44100,1.0,44100,1.0,audio/phone_recordings/small_clubroom/A1minus_r3.wav,audio/inferred_rirs/small_clubroom/A1minus_r3.wav,runs/matched_reg_1s/hybrid_shoebox_mit_but_ace_1000ms_full_c1_vm_seed42001/model_updates20000.pt,fa83b4108777231ef557379e8f7478aea1ab63f3e95449382edeaf85442d87fc,all normal protocol events; existing selected_for_demo flag retained,5f975b77d8dd980fe243a1ba24da4d384521618faf0aab83b71db4b34e6e1827,9374e9cd24867f0670f92c46379e45e120fab895828f1c5de9ae4855d0507828
room06_A1minus_r4_event34,6,Small clubroom,small_clubroom,A1-,4,34,Clubroom 3.m4a,reports/phone_clap_demo/results/segments/m4a/room06_ClubroomSmall_m4a_ev34_A1m_r4.wav,runs/e6_phone_raw_cache/raw_v1_seed42001_batch232.npy,1,False,False,False,36.06925769176782,43243,0.9805668934240362,44100,1.0,audio/phone_recordings/small_clubroom/A1minus_r4.wav,audio/inferred_rirs/small_clubroom/A1minus_r4.wav,runs/matched_reg_1s/hybrid_shoebox_mit_but_ace_1000ms_full_c1_vm_seed42001/model_updates20000.pt,fa83b4108777231ef557379e8f7478aea1ab63f3e95449382edeaf85442d87fc,all normal protocol events; existing selected_for_demo flag retained,fcdd670b14627446391f8ccedf423ce661cc30cd60c6cb6dda396202ca22cca7,3f6cf9606fd8fde430f9037328299ac4da387c2a101b90419e3d3b0146a8fd5a
room06_A1minus_r5_event35,6,Small clubroom,small_clubroom,A1-,5,35,Clubroom 3.m4a,reports/phone_clap_demo/results/segments/m4a/room06_ClubroomSmall_m4a_ev35_A1m_r5.wav,runs/e6_phone_raw_cache/raw_v1_seed42001_batch232.npy,2,False,False,False,36.190095429047226,44100,1.0,44100,1.0,audio/phone_recordings/small_clubroom/A1minus_r5.wav,audio/inferred_rirs/small_clubroom/A1minus_r5.wav,runs/matched_reg_1s/hybrid_shoebox_mit_but_ace_1000ms_full_c1_vm_seed42001/model_updates20000.pt,fa83b4108777231ef557379e8f7478aea1ab63f3e95449382edeaf85442d87fc,all normal protocol events; existing selected_for_demo flag retained,68afbef9f65031510b4da8ef97e716d9e172498cc9bc03e828348e6e00af6880,56cbf109f097453034a432437c384b2aca2458c094bb4a26a365efcf992cea44
room06_A1plus_r1_event36,6,Small clubroom,small_clubroom,A1+,1,36,Clubroom 3.m4a,reports/phone_clap_demo/results/segments/m4a/room06_ClubroomSmall_m4a_ev36_A1p_r1.wav,runs/e6_phone_raw_cache/raw_v1_seed42001_batch232.npy,3,False,False,False,36.51624982172524,44100,1.0,44100,1.0,audio/phone_recordings/small_clubroom/A1plus_r1.wav,audio/inferred_rirs/small_clubroom/A1plus_r1.wav,runs/matched_reg_1s/hybrid_shoebox_mit_but_ace_1000ms_full_c1_vm_seed42001/model_updates20000.pt,fa83b4108777231ef557379e8f7478aea1ab63f3e95449382edeaf85442d87fc,all normal protocol events; existing selected_for_demo flag retained,bd22fa8109aee52c5fa37c52f9d89348f06c472affe73395f00c7b27185b637e,4d6aa01a0bd93d904be54baebdaed88db73aa9c4b6ff6668e27938ede68e9b87
room06_A1plus_r2_event37,6,Small clubroom,small_clubroom,A1+,2,37,Clubroom 3.m4a,reports/phone_clap_demo/results/segments/m4a/room06_ClubroomSmall_m4a_ev37_A1p_r2.wav,runs/e6_phone_raw_cache/raw_v1_seed42001_batch232.npy,4,False,False,True,36.76613329246581,44100,1.0,44100,1.0,audio/phone_recordings/small_clubroom/A1plus_r2.wav,audio/inferred_rirs/small_clubroom/A1plus_r2.wav,runs/matched_reg_1s/hybrid_shoebox_mit_but_ace_1000ms_full_c1_vm_seed42001/model_updates20000.pt,fa83b4108777231ef557379e8f7478aea1ab63f3e95449382edeaf85442d87fc,all normal protocol events; existing selected_for_demo flag retained,4bbfc568306b6290076938b571a69a31c341dff232691091de568ed5c3baa643,a4b657f7c86d0036a982e935a064bb0a121799147bd4d5d6a27e1b5bd1b91394
room06_A1plus_r3_event38,6,Small clubroom,small_clubroom,A1+,3,38,Clubroom 3.m4a,reports/phone_clap_demo/results/segments/m4a/room06_ClubroomSmall_m4a_ev38_A1p_r3.wav,runs/e6_phone_raw_cache/raw_v1_seed42001_batch232.npy,5,False,True,False,37.80196022327934,44100,1.0,44100,1.0,audio/phone_recordings/small_clubroom/A1plus_r3.wav,audio/inferred_rirs/small_clubroom/A1plus_r3.wav,runs/matched_reg_1s/hybrid_shoebox_mit_but_ace_1000ms_full_c1_vm_seed42001/model_updates20000.pt,fa83b4108777231ef557379e8f7478aea1ab63f3e95449382edeaf85442d87fc,all normal protocol events; existing selected_for_demo flag retained,96a17ac59533c7acc052502b3d7b4f769cfe392691301df9959e0769195a7900,cb630adf69d7a96eb532089cb2f6edd2dc034bf85173462d62e70251f564a9f0
room06_A1plus_r4_event39,6,Small clubroom,small_clubroom,A1+,4,39,Clubroom 3.m4a,reports/phone_clap_demo/results/segments/m4a/room06_ClubroomSmall_m4a_ev39_A1p_r4.wav,runs/e6_phone_raw_cache/raw_v1_seed42001_batch232.npy,6,False,False,False,37.30559990923666,44100,1.0,44100,1.0,audio/phone_recordings/small_clubroom/A1plus_r4.wav,audio/inferred_rirs/small_clubroom/A1plus_r4.wav,runs/matched_reg_1s/hybrid_shoebox_mit_but_ace_1000ms_full_c1_vm_seed42001/model_updates20000.pt,fa83b4108777231ef557379e8f7478aea1ab63f3e95449382edeaf85442d87fc,all normal protocol events; existing selected_for_demo flag retained,6910c7380b2f01dc0bab8c3719e3919bb0c14ef0b549f967829cb5646eb211a5,107ba3664cd9f0f488ce35c6773b28a48f0d1b4d16aa47eabf91e9590759e0c2
room06_A1plus_r5_event40,6,Small clubroom,small_clubroom,A1+,5,40,Clubroom 3.m4a,reports/phone_clap_demo/results/segments/m4a/room06_ClubroomSmall_m4a_ev40_A1p_r5.wav,runs/e6_phone_raw_cache/raw_v1_seed42001_batch232.npy,7,False,False,False,36.889863985388956,44100,1.0,44100,1.0,audio/phone_recordings/small_clubroom/A1plus_r5.wav,audio/inferred_rirs/small_clubroom/A1plus_r5.wav,runs/matched_reg_1s/hybrid_shoebox_mit_but_ace_1000ms_full_c1_vm_seed42001/model_updates20000.pt,fa83b4108777231ef557379e8f7478aea1ab63f3e95449382edeaf85442d87fc,all normal protocol events; existing selected_for_demo flag retained,1dcbd3a039893471a834dfec71db18bbf914712fb8f87c11a6b0170aa1c1fa8c,6f9682a1fb6e2b7619fd70b34d28fb6bb423a251ae589403ce05890f6dfbb774
room07_P1_r1_event01,7,Elevator,elevator,P1,1,1,Elevator.m4a,reports/phone_clap_demo/results/segments/m4a/room07_Elevator_m4a_ev01_P1_r1.wav,runs/e6_phone_raw_cache/raw_v1_seed42001_batch240.npy,0,False,False,False,37.39039824768403,44100,1.0,44100,1.0,audio/phone_recordings/elevator/P1_r1.wav,audio/inferred_rirs/elevator/P1_r1.wav,runs/matched_reg_1s/hybrid_shoebox_mit_but_ace_1000ms_full_c1_vm_seed42001/model_updates20000.pt,fa83b4108777231ef557379e8f7478aea1ab63f3e95449382edeaf85442d87fc,all normal protocol events; existing selected_for_demo flag retained,9b51e17043bf7d0f6c1a3e641a801e4d59a73a5838d1d9a974f033dcff180165,8ea0555e050a449f43adab38eed1fc3feb2bfd926e0aa80b9327c3f82d64c1f7
room07_P1_r2_event02,7,Elevator,elevator,P1,2,2,Elevator.m4a,reports/phone_clap_demo/results/segments/m4a/room07_Elevator_m4a_ev02_P1_r2.wav,runs/e6_phone_raw_cache/raw_v1_seed42001_batch240.npy,1,False,False,False,39.85949359180898,44100,1.0,44100,1.0,audio/phone_recordings/elevator/P1_r2.wav,audio/inferred_rirs/elevator/P1_r2.wav,runs/matched_reg_1s/hybrid_shoebox_mit_but_ace_1000ms_full_c1_vm_seed42001/model_updates20000.pt,fa83b4108777231ef557379e8f7478aea1ab63f3e95449382edeaf85442d87fc,all normal protocol events; existing selected_for_demo flag retained,3c381d6cd337299c93656bf0eb8ca8f480d88e0802b5e865a2dbb62ad0ecfc75,a5290f1baf775dd0673ab3456ebc7e51b94ee8f330512c9ac09608d62f681ce3
room07_P1_r3_event03,7,Elevator,elevator,P1,3,3,Elevator.m4a,reports/phone_clap_demo/results/segments/m4a/room07_Elevator_m4a_ev03_P1_r3.wav,runs/e6_phone_raw_cache/raw_v1_seed42001_batch240.npy,2,False,False,False,37.388204917541415,44100,1.0,44100,1.0,audio/phone_recordings/elevator/P1_r3.wav,audio/inferred_rirs/elevator/P1_r3.wav,runs/matched_reg_1s/hybrid_shoebox_mit_but_ace_1000ms_full_c1_vm_seed42001/model_updates20000.pt,fa83b4108777231ef557379e8f7478aea1ab63f3e95449382edeaf85442d87fc,all normal protocol events; existing selected_for_demo flag retained,b1bf6baef3ea522abfd078379779405dea0fc9fbc1a13d14ab755e75e66b78bd,39202c4113b948b3acac0a228fcf4e798f3c18c6e4beb5f6e3626a14aa8bdc1f
room07_P1_r4_event04,7,Elevator,elevator,P1,4,4,Elevator.m4a,reports/phone_clap_demo/results/segments/m4a/room07_Elevator_m4a_ev04_P1_r4.wav,runs/e6_phone_raw_cache/raw_v1_seed42001_batch240.npy,3,False,False,False,41.49147934864011,44100,1.0,44100,1.0,audio/phone_recordings/elevator/P1_r4.wav,audio/inferred_rirs/elevator/P1_r4.wav,runs/matched_reg_1s/hybrid_shoebox_mit_but_ace_1000ms_full_c1_vm_seed42001/model_updates20000.pt,fa83b4108777231ef557379e8f7478aea1ab63f3e95449382edeaf85442d87fc,all normal protocol events; existing selected_for_demo flag retained,2e132f6d107801d7a42c46ea06a8a475efd74daa474a26cb443534af5d4a0968,d0868847f85254c6f8e356056c92b4749a78c6b6d626c0e12d474385ce942a5a
room07_P1_r5_event05,7,Elevator,elevator,P1,5,5,Elevator.m4a,reports/phone_clap_demo/results/segments/m4a/room07_Elevator_m4a_ev05_P1_r5.wav,runs/e6_phone_raw_cache/raw_v1_seed42001_batch240.npy,4,False,True,False,42.9492327609877,44100,1.0,44100,1.0,audio/phone_recordings/elevator/P1_r5.wav,audio/inferred_rirs/elevator/P1_r5.wav,runs/matched_reg_1s/hybrid_shoebox_mit_but_ace_1000ms_full_c1_vm_seed42001/model_updates20000.pt,fa83b4108777231ef557379e8f7478aea1ab63f3e95449382edeaf85442d87fc,all normal protocol events; existing selected_for_demo flag retained,5cb31f9fb717b4131a9f2c56dac0fb37d638ac7f96b915d5820b5b096b767b9d,ef643f6faa12b84a8ba7e0c639332977474d970f146a27deda550781399b50c6
room07_P2_r1_event06,7,Elevator,elevator,P2,1,6,Elevator.m4a,reports/phone_clap_demo/results/segments/m4a/room07_Elevator_m4a_ev06_P2_r1.wav,runs/e6_phone_raw_cache/raw_v1_seed42001_batch240.npy,5,False,False,False,35.5061285279245,44100,1.0,44100,1.0,audio/phone_recordings/elevator/P2_r1.wav,audio/inferred_rirs/elevator/P2_r1.wav,runs/matched_reg_1s/hybrid_shoebox_mit_but_ace_1000ms_full_c1_vm_seed42001/model_updates20000.pt,fa83b4108777231ef557379e8f7478aea1ab63f3e95449382edeaf85442d87fc,all normal protocol events; existing selected_for_demo flag retained,b3ae250c3bc24c1431b712214ac92deeba3ab40a7a43a3ce5907afdfda191abc,075305deae25ddbe8d28563aead489b08209044a3eb8aef3e60babd91c89b97f
room07_P2_r2_event07,7,Elevator,elevator,P2,2,7,Elevator.m4a,reports/phone_clap_demo/results/segments/m4a/room07_Elevator_m4a_ev07_P2_r2.wav,runs/e6_phone_raw_cache/raw_v1_seed42001_batch240.npy,6,False,False,False,38.71263234474465,44100,1.0,44100,1.0,audio/phone_recordings/elevator/P2_r2.wav,audio/inferred_rirs/elevator/P2_r2.wav,runs/matched_reg_1s/hybrid_shoebox_mit_but_ace_1000ms_full_c1_vm_seed42001/model_updates20000.pt,fa83b4108777231ef557379e8f7478aea1ab63f3e95449382edeaf85442d87fc,all normal protocol events; existing selected_for_demo flag retained,4ab1e6c1f1e48948ff11f7e59b5d58789786cdd75f30c88b55a4b13cf2083096,45271f7d9086fd50f30a89d0a0d54b4eeb5aca423d913a5f5838546237c019e5
room07_P2_r3_event08,7,Elevator,elevator,P2,3,8,Elevator.m4a,reports/phone_clap_demo/results/segments/m4a/room07_Elevator_m4a_ev08_P2_r3.wav,runs/e6_phone_raw_cache/raw_v1_seed42001_batch240.npy,7,False,False,False,38.710829077894985,44100,1.0,44100,1.0,audio/phone_recordings/elevator/P2_r3.wav,audio/inferred_rirs/elevator/P2_r3.wav,runs/matched_reg_1s/hybrid_shoebox_mit_but_ace_1000ms_full_c1_vm_seed42001/model_updates20000.pt,fa83b4108777231ef557379e8f7478aea1ab63f3e95449382edeaf85442d87fc,all normal protocol events; existing selected_for_demo flag retained,a4ba9fd97560599a2f5843d1af004ce4dd75ab142400da5b7ca21208dd07e5c2,18c30c4c4b68b1d362e74303a936c08758e6d3a232d066240ed19e0ddee29273
room07_P2_r4_event09,7,Elevator,elevator,P2,4,9,Elevator.m4a,reports/phone_clap_demo/results/segments/m4a/room07_Elevator_m4a_ev09_P2_r4.wav,runs/e6_phone_raw_cache/raw_v1_seed42001_batch248.npy,0,False,True,False,40.67350395137976,44100,1.0,44100,1.0,audio/phone_recordings/elevator/P2_r4.wav,audio/inferred_rirs/elevator/P2_r4.wav,runs/matched_reg_1s/hybrid_shoebox_mit_but_ace_1000ms_full_c1_vm_seed42001/model_updates20000.pt,fa83b4108777231ef557379e8f7478aea1ab63f3e95449382edeaf85442d87fc,all normal protocol events; existing selected_for_demo flag retained,347355db95fb1d97a0e85d5768abcd4f34d5eca91104fa975486fee6116efcd6,0cda6fbe1b72e8be4cf26fae823a9d59cc3c1f13581875e29ae69249e7d20bf6
room07_P2_r5_event10,7,Elevator,elevator,P2,5,10,Elevator.m4a,reports/phone_clap_demo/results/segments/m4a/room07_Elevator_m4a_ev10_P2_r5.wav,runs/e6_phone_raw_cache/raw_v1_seed42001_batch248.npy,1,False,False,False,37.19629226345829,44100,1.0,44100,1.0,audio/phone_recordings/elevator/P2_r5.wav,audio/inferred_rirs/elevator/P2_r5.wav,runs/matched_reg_1s/hybrid_shoebox_mit_but_ace_1000ms_full_c1_vm_seed42001/model_updates20000.pt,fa83b4108777231ef557379e8f7478aea1ab63f3e95449382edeaf85442d87fc,all normal protocol events; existing selected_for_demo flag retained,e5115b618fe0a4e31a6ee15e46536094ebcdaa06b1f694c45891e11b381b9c66,1218b07434760410eccf83df89ec8402b7e3b85f88c850a40a80030a0ad37521
room07_P3_r1_event11,7,Elevator,elevator,P3,1,11,Elevator.m4a,reports/phone_clap_demo/results/segments/m4a/room07_Elevator_m4a_ev11_P3_r1.wav,runs/e6_phone_raw_cache/raw_v1_seed42001_batch248.npy,2,False,False,False,37.778030337015025,44100,1.0,44100,1.0,audio/phone_recordings/elevator/P3_r1.wav,audio/inferred_rirs/elevator/P3_r1.wav,runs/matched_reg_1s/hybrid_shoebox_mit_but_ace_1000ms_full_c1_vm_seed42001/model_updates20000.pt,fa83b4108777231ef557379e8f7478aea1ab63f3e95449382edeaf85442d87fc,all normal protocol events; existing selected_for_demo flag retained,004ed8e199475ee83e50a4ebf0e1e432c51f55947f230c5afdc2181c039f6728,c3af80f11aeca06c02b21ee639dbdde97a79530ecd74c465db3dabdcec5bc737
room07_P3_r2_event12,7,Elevator,elevator,P3,2,12,Elevator.m4a,reports/phone_clap_demo/results/segments/m4a/room07_Elevator_m4a_ev12_P3_r2.wav,runs/e6_phone_raw_cache/raw_v1_seed42001_batch248.npy,3,False,False,False,36.60193321075826,44100,1.0,44100,1.0,audio/phone_recordings/elevator/P3_r2.wav,audio/inferred_rirs/elevator/P3_r2.wav,runs/matched_reg_1s/hybrid_shoebox_mit_but_ace_1000ms_full_c1_vm_seed42001/model_updates20000.pt,fa83b4108777231ef557379e8f7478aea1ab63f3e95449382edeaf85442d87fc,all normal protocol events; existing selected_for_demo flag retained,7667578744a27e085e6b64d5e3c4af77fd6469367de7ead835d80240ab6fb266,127982fd8bdcee89dedcc809ea6e0a941ebf75804bb09bc75b2901dd9d23c887
room07_P3_r3_event13,7,Elevator,elevator,P3,3,13,Elevator.m4a,reports/phone_clap_demo/results/segments/m4a/room07_Elevator_m4a_ev13_P3_r3.wav,runs/e6_phone_raw_cache/raw_v1_seed42001_batch248.npy,4,False,False,False,40.37883203601875,44100,1.0,44100,1.0,audio/phone_recordings/elevator/P3_r3.wav,audio/inferred_rirs/elevator/P3_r3.wav,runs/matched_reg_1s/hybrid_shoebox_mit_but_ace_1000ms_full_c1_vm_seed42001/model_updates20000.pt,fa83b4108777231ef557379e8f7478aea1ab63f3e95449382edeaf85442d87fc,all normal protocol events; existing selected_for_demo flag retained,e6f71e45b110f2021058039c2cf4f517701e74e1809da16ed2cbb6a0dffac396,7451835a77de564a90583d233f73154924882ca75e188d4dc4644c65f6ad221f
room07_P3_r4_event14,7,Elevator,elevator,P3,4,14,Elevator.m4a,reports/phone_clap_demo/results/segments/m4a/room07_Elevator_m4a_ev14_P3_r4.wav,runs/e6_phone_raw_cache/raw_v1_seed42001_batch248.npy,5,False,False,False,41.304677590269065,44100,1.0,44100,1.0,audio/phone_recordings/elevator/P3_r4.wav,audio/inferred_rirs/elevator/P3_r4.wav,runs/matched_reg_1s/hybrid_shoebox_mit_but_ace_1000ms_full_c1_vm_seed42001/model_updates20000.pt,fa83b4108777231ef557379e8f7478aea1ab63f3e95449382edeaf85442d87fc,all normal protocol events; existing selected_for_demo flag retained,0ceecba6fc2e9d497f9a3e084ab1169002cacebd44b6a079931482cd48139987,9cded19d783dbef2a7f890eb91cd82a85e43ff1d1e964de54f444817a592ec92
room07_P3_r5_event15,7,Elevator,elevator,P3,5,15,Elevator.m4a,reports/phone_clap_demo/results/segments/m4a/room07_Elevator_m4a_ev15_P3_r5.wav,runs/e6_phone_raw_cache/raw_v1_seed42001_batch248.npy,6,False,True,False,41.825944528189936,44100,1.0,44100,1.0,audio/phone_recordings/elevator/P3_r5.wav,audio/inferred_rirs/elevator/P3_r5.wav,runs/matched_reg_1s/hybrid_shoebox_mit_but_ace_1000ms_full_c1_vm_seed42001/model_updates20000.pt,fa83b4108777231ef557379e8f7478aea1ab63f3e95449382edeaf85442d87fc,all normal protocol events; existing selected_for_demo flag retained,4522a4ad08491434f647da0a5445c36ab8a9d1bfb6240e59b01620f296eee392,810d96fc91c8d666751c4eab6dd804a4f7eec59735465339c15e051d109c9170
room07_A1_r1_event16,7,Elevator,elevator,A1,1,16,Elevator.m4a,reports/phone_clap_demo/results/segments/m4a/room07_Elevator_m4a_ev16_A1_r1.wav,runs/e6_phone_raw_cache/raw_v1_seed42001_batch248.npy,7,False,False,False,37.36455179865206,44100,1.0,44100,1.0,audio/phone_recordings/elevator/A1_r1.wav,audio/inferred_rirs/elevator/A1_r1.wav,runs/matched_reg_1s/hybrid_shoebox_mit_but_ace_1000ms_full_c1_vm_seed42001/model_updates20000.pt,fa83b4108777231ef557379e8f7478aea1ab63f3e95449382edeaf85442d87fc,all normal protocol events; existing selected_for_demo flag retained,bd5a09a31d1baee9ca2f4c9fceb330b86a0e0dcd82ff3cb3e46e13f0531221f2,5df7b576a4a3b963fd642edd8a74298d28e290fb7479a684bb8fb07751c56264
room07_A1_r2_event17,7,Elevator,elevator,A1,2,17,Elevator.m4a,reports/phone_clap_demo/results/segments/m4a/room07_Elevator_m4a_ev17_A1_r2.wav,runs/e6_phone_raw_cache/raw_v1_seed42001_batch256.npy,0,False,False,False,38.49904575899071,44100,1.0,44100,1.0,audio/phone_recordings/elevator/A1_r2.wav,audio/inferred_rirs/elevator/A1_r2.wav,runs/matched_reg_1s/hybrid_shoebox_mit_but_ace_1000ms_full_c1_vm_seed42001/model_updates20000.pt,fa83b4108777231ef557379e8f7478aea1ab63f3e95449382edeaf85442d87fc,all normal protocol events; existing selected_for_demo flag retained,339b866ec4f4ce4502537f105682b1d5677686876b37e5a600d6a0006d648964,2f9791f64b45363c935d19a7e2a0505972c9ff52b994f9f6a8eaf9f4bd90dbb9
room07_A1_r3_event18,7,Elevator,elevator,A1,3,18,Elevator.m4a,reports/phone_clap_demo/results/segments/m4a/room07_Elevator_m4a_ev18_A1_r3.wav,runs/e6_phone_raw_cache/raw_v1_seed42001_batch256.npy,1,False,False,False,37.72504720800143,44100,1.0,44100,1.0,audio/phone_recordings/elevator/A1_r3.wav,audio/inferred_rirs/elevator/A1_r3.wav,runs/matched_reg_1s/hybrid_shoebox_mit_but_ace_1000ms_full_c1_vm_seed42001/model_updates20000.pt,fa83b4108777231ef557379e8f7478aea1ab63f3e95449382edeaf85442d87fc,all normal protocol events; existing selected_for_demo flag retained,2ba4403f96eb2c004c4a2f54c310604755bc58402b68ff2eb10c1d061939e37c,6fc215b3f5ba1d2893f04239e3e12683b77d182428097c75e482e65ea20f4e49
room07_A1_r4_event19,7,Elevator,elevator,A1,4,19,Elevator.m4a,reports/phone_clap_demo/results/segments/m4a/room07_Elevator_m4a_ev19_A1_r4.wav,runs/e6_phone_raw_cache/raw_v1_seed42001_batch256.npy,2,False,True,False,40.01362056215127,44100,1.0,44100,1.0,audio/phone_recordings/elevator/A1_r4.wav,audio/inferred_rirs/elevator/A1_r4.wav,runs/matched_reg_1s/hybrid_shoebox_mit_but_ace_1000ms_full_c1_vm_seed42001/model_updates20000.pt,fa83b4108777231ef557379e8f7478aea1ab63f3e95449382edeaf85442d87fc,all normal protocol events; existing selected_for_demo flag retained,762b5bcf6cd3ae409a32c3010be5259562f12f7d350e260d5eb4e45fdf5ebaa2,1d212e7ad58b55fb43bd7ab9724c25d1d917e75b9ad2a7cd42268cb753088ea8
room07_A1_r5_event20,7,Elevator,elevator,A1,5,20,Elevator.m4a,reports/phone_clap_demo/results/segments/m4a/room07_Elevator_m4a_ev20_A1_r5.wav,runs/e6_phone_raw_cache/raw_v1_seed42001_batch256.npy,3,False,False,False,38.289088400726975,44100,1.0,44100,1.0,audio/phone_recordings/elevator/A1_r5.wav,audio/inferred_rirs/elevator/A1_r5.wav,runs/matched_reg_1s/hybrid_shoebox_mit_but_ace_1000ms_full_c1_vm_seed42001/model_updates20000.pt,fa83b4108777231ef557379e8f7478aea1ab63f3e95449382edeaf85442d87fc,all normal protocol events; existing selected_for_demo flag retained,9ceba0f825295400ab1d7aba24bb2c116b2d029d28ddb581c74600918fab90a1,b3e5fc324602fe1d9036e63c69367f25cb675ed314590fa805ae945e9c1fd617
room07_A2_r1_event21,7,Elevator,elevator,A2,1,21,Elevator.m4a,reports/phone_clap_demo/results/segments/m4a/room07_Elevator_m4a_ev21_A2_r1.wav,runs/e6_phone_raw_cache/raw_v1_seed42001_batch256.npy,4,False,False,False,39.32321224381267,44100,1.0,44100,1.0,audio/phone_recordings/elevator/A2_r1.wav,audio/inferred_rirs/elevator/A2_r1.wav,runs/matched_reg_1s/hybrid_shoebox_mit_but_ace_1000ms_full_c1_vm_seed42001/model_updates20000.pt,fa83b4108777231ef557379e8f7478aea1ab63f3e95449382edeaf85442d87fc,all normal protocol events; existing selected_for_demo flag retained,e56c071a9b774c616389cac8e05cbd0ce86f8f21b37e8cebbe356fe5f5c966a4,823622abfff0c9ba771134ee106a96d9760f369bcaebd799de2a04f14bde9f7f
room07_A2_r2_event22,7,Elevator,elevator,A2,2,22,Elevator.m4a,reports/phone_clap_demo/results/segments/m4a/room07_Elevator_m4a_ev22_A2_r2.wav,runs/e6_phone_raw_cache/raw_v1_seed42001_batch256.npy,5,False,False,False,42.15844507853185,44100,1.0,44100,1.0,audio/phone_recordings/elevator/A2_r2.wav,audio/inferred_rirs/elevator/A2_r2.wav,runs/matched_reg_1s/hybrid_shoebox_mit_but_ace_1000ms_full_c1_vm_seed42001/model_updates20000.pt,fa83b4108777231ef557379e8f7478aea1ab63f3e95449382edeaf85442d87fc,all normal protocol events; existing selected_for_demo flag retained,aa53235f630507474df461d5028a0295685241c880cf26c507d3cb7c0db1345b,3e6915db078b25795153cc954ac1f6a3fce4a4829d51abe5b39df19fe25a368f
room07_A2_r3_event23,7,Elevator,elevator,A2,3,23,Elevator.m4a,reports/phone_clap_demo/results/segments/m4a/room07_Elevator_m4a_ev23_A2_r3.wav,runs/e6_phone_raw_cache/raw_v1_seed42001_batch256.npy,6,False,True,False,44.6877444151,44100,1.0,44100,1.0,audio/phone_recordings/elevator/A2_r3.wav,audio/inferred_rirs/elevator/A2_r3.wav,runs/matched_reg_1s/hybrid_shoebox_mit_but_ace_1000ms_full_c1_vm_seed42001/model_updates20000.pt,fa83b4108777231ef557379e8f7478aea1ab63f3e95449382edeaf85442d87fc,all normal protocol events; existing selected_for_demo flag retained,3d49253ac09304757eebe078196f4a23e355cef16aff324376f5e32c4f4c9b73,394a25fcb4d9fe77114e2c9b3c89065efbb426b232ee3df0498d814b9a69212c
room07_A2_r4_event24,7,Elevator,elevator,A2,4,24,Elevator.m4a,reports/phone_clap_demo/results/segments/m4a/room07_Elevator_m4a_ev24_A2_r4.wav,runs/e6_phone_raw_cache/raw_v1_seed42001_batch256.npy,7,False,False,False,43.364953384667736,44100,1.0,44100,1.0,audio/phone_recordings/elevator/A2_r4.wav,audio/inferred_rirs/elevator/A2_r4.wav,runs/matched_reg_1s/hybrid_shoebox_mit_but_ace_1000ms_full_c1_vm_seed42001/model_updates20000.pt,fa83b4108777231ef557379e8f7478aea1ab63f3e95449382edeaf85442d87fc,all normal protocol events; existing selected_for_demo flag retained,e947e09083cf51e6b2a0a830393f04b5fe17104883c4129c5cb3ffa57f6f1dd4,efea3fdc298d15f40d9cd0d5d026e31fb0b1fde3bd9daec1f0c7833f093b7e04
room07_A2_r5_event25,7,Elevator,elevator,A2,5,25,Elevator.m4a,reports/phone_clap_demo/results/segments/m4a/room07_Elevator_m4a_ev25_A2_r5.wav,runs/e6_phone_raw_cache/raw_v1_seed42001_batch264.npy,0,False,False,False,41.60449681241731,44100,1.0,44100,1.0,audio/phone_recordings/elevator/A2_r5.wav,audio/inferred_rirs/elevator/A2_r5.wav,runs/matched_reg_1s/hybrid_shoebox_mit_but_ace_1000ms_full_c1_vm_seed42001/model_updates20000.pt,fa83b4108777231ef557379e8f7478aea1ab63f3e95449382edeaf85442d87fc,all normal protocol events; existing selected_for_demo flag retained,a6cb5f37ed0e28210fbcda3a0004904a32ddf08d8db05ba3b47941b6772c7ace,bfe43019deb5baf58fd6f3fdd5d04217e5bbaa9adf94fdd3597ebcf0c04e803c
room07_A3_r1_event26,7,Elevator,elevator,A3,1,26,Elevator.m4a,reports/phone_clap_demo/results/segments/m4a/room07_Elevator_m4a_ev26_A3_r1.wav,runs/e6_phone_raw_cache/raw_v1_seed42001_batch264.npy,1,False,False,False,35.98142993393903,44100,1.0,44100,1.0,audio/phone_recordings/elevator/A3_r1.wav,audio/inferred_rirs/elevator/A3_r1.wav,runs/matched_reg_1s/hybrid_shoebox_mit_but_ace_1000ms_full_c1_vm_seed42001/model_updates20000.pt,fa83b4108777231ef557379e8f7478aea1ab63f3e95449382edeaf85442d87fc,all normal protocol events; existing selected_for_demo flag retained,bb08223fb12a2a877e6cb669127ec793ed5c38ccf63c6af6f8c8a2cd7e4730b5,58cf249e8447b712b7c113f013ca70018012b35c4c601b0030a163dc5f047f41
room07_A3_r2_event27,7,Elevator,elevator,A3,2,27,Elevator.m4a,reports/phone_clap_demo/results/segments/m4a/room07_Elevator_m4a_ev27_A3_r2.wav,runs/e6_phone_raw_cache/raw_v1_seed42001_batch264.npy,2,False,True,False,40.555967041278656,44100,1.0,44100,1.0,audio/phone_recordings/elevator/A3_r2.wav,audio/inferred_rirs/elevator/A3_r2.wav,runs/matched_reg_1s/hybrid_shoebox_mit_but_ace_1000ms_full_c1_vm_seed42001/model_updates20000.pt,fa83b4108777231ef557379e8f7478aea1ab63f3e95449382edeaf85442d87fc,all normal protocol events; existing selected_for_demo flag retained,5eb942eeb6afd0b081336b5d9d0c34d3496165495030f0c2fb5d3f115dbe6cf1,0940278793bed7cbbdde7e34e0ef2f68020fc35c6757cd1c0193a0d9ce40fd46
room07_A3_r3_event28,7,Elevator,elevator,A3,3,28,Elevator.m4a,reports/phone_clap_demo/results/segments/m4a/room07_Elevator_m4a_ev28_A3_r3.wav,runs/e6_phone_raw_cache/raw_v1_seed42001_batch264.npy,3,False,False,False,37.84301071502544,44100,1.0,44100,1.0,audio/phone_recordings/elevator/A3_r3.wav,audio/inferred_rirs/elevator/A3_r3.wav,runs/matched_reg_1s/hybrid_shoebox_mit_but_ace_1000ms_full_c1_vm_seed42001/model_updates20000.pt,fa83b4108777231ef557379e8f7478aea1ab63f3e95449382edeaf85442d87fc,all normal protocol events; existing selected_for_demo flag retained,4261d59fc47fbe2457f8b183ede45a55672ff41f5ae321fa2f07be0ec31d6714,5ca844e531c2ca4942970d14b677c5c25f790711768f1e1eb12a8f606f80b823
room07_A3_r4_event29,7,Elevator,elevator,A3,4,29,Elevator.m4a,reports/phone_clap_demo/results/segments/m4a/room07_Elevator_m4a_ev29_A3_r4.wav,runs/e6_phone_raw_cache/raw_v1_seed42001_batch264.npy,4,False,False,False,35.24372390484948,44100,1.0,44100,1.0,audio/phone_recordings/elevator/A3_r4.wav,audio/inferred_rirs/elevator/A3_r4.wav,runs/matched_reg_1s/hybrid_shoebox_mit_but_ace_1000ms_full_c1_vm_seed42001/model_updates20000.pt,fa83b4108777231ef557379e8f7478aea1ab63f3e95449382edeaf85442d87fc,all normal protocol events; existing selected_for_demo flag retained,b689b7223266d74eda99b0d01fd20f94df76de4bd971a0d261eb6d15b307769f,50db2057490903e09d3d8821ce07d09b1ec729d5db7cead8c7237aed3e011883
room07_A3_r5_event30,7,Elevator,elevator,A3,5,30,Elevator.m4a,reports/phone_clap_demo/results/segments/m4a/room07_Elevator_m4a_ev30_A3_r5.wav,runs/e6_phone_raw_cache/raw_v1_seed42001_batch264.npy,5,False,False,False,33.89849232579593,44100,1.0,44100,1.0,audio/phone_recordings/elevator/A3_r5.wav,audio/inferred_rirs/elevator/A3_r5.wav,runs/matched_reg_1s/hybrid_shoebox_mit_but_ace_1000ms_full_c1_vm_seed42001/model_updates20000.pt,fa83b4108777231ef557379e8f7478aea1ab63f3e95449382edeaf85442d87fc,all normal protocol events; existing selected_for_demo flag retained,16cf8f8e94405261a5bb14e262406685c57fe31c8858eb2993eb1619dd20033a,4b9bca25b8dd11cbafe2569f9cd11719c3f60e8499bb24881e2ab6bdd795cb49
room07_A1minus_r1_event31,7,Elevator,elevator,A1-,1,31,Elevator.m4a,reports/phone_clap_demo/results/segments/m4a/room07_Elevator_m4a_ev31_A1m_r1.wav,runs/e6_phone_raw_cache/raw_v1_seed42001_batch264.npy,6,False,False,False,40.156429500780604,44100,1.0,44100,1.0,audio/phone_recordings/elevator/A1minus_r1.wav,audio/inferred_rirs/elevator/A1minus_r1.wav,runs/matched_reg_1s/hybrid_shoebox_mit_but_ace_1000ms_full_c1_vm_seed42001/model_updates20000.pt,fa83b4108777231ef557379e8f7478aea1ab63f3e95449382edeaf85442d87fc,all normal protocol events; existing selected_for_demo flag retained,a9c8c3f5913af7d3368ecbe227604141daab31a3c4858da49565308c12e6ecd5,0b8c70bd62b762000a9c821aeeaf45b6b95c4f2cfa4117e2091eea357db9f9db
room07_A1minus_r2_event32,7,Elevator,elevator,A1-,2,32,Elevator.m4a,reports/phone_clap_demo/results/segments/m4a/room07_Elevator_m4a_ev32_A1m_r2.wav,runs/e6_phone_raw_cache/raw_v1_seed42001_batch264.npy,7,False,False,False,38.54620684119676,44100,1.0,44100,1.0,audio/phone_recordings/elevator/A1minus_r2.wav,audio/inferred_rirs/elevator/A1minus_r2.wav,runs/matched_reg_1s/hybrid_shoebox_mit_but_ace_1000ms_full_c1_vm_seed42001/model_updates20000.pt,fa83b4108777231ef557379e8f7478aea1ab63f3e95449382edeaf85442d87fc,all normal protocol events; existing selected_for_demo flag retained,7d1886dc977b5775828fbb57071838774423be8cb96adaa6df94e6ba64a56d45,d5c10cf278d99ccb76df3a3f1890102ba39bbdc99a1208c2f1710719c37307d9
room07_A1minus_r3_event33,7,Elevator,elevator,A1-,3,33,Elevator.m4a,reports/phone_clap_demo/results/segments/m4a/room07_Elevator_m4a_ev33_A1m_r3.wav,runs/e6_phone_raw_cache/raw_v1_seed42001_batch272.npy,0,False,False,False,36.241380545744164,44100,1.0,44100,1.0,audio/phone_recordings/elevator/A1minus_r3.wav,audio/inferred_rirs/elevator/A1minus_r3.wav,runs/matched_reg_1s/hybrid_shoebox_mit_but_ace_1000ms_full_c1_vm_seed42001/model_updates20000.pt,fa83b4108777231ef557379e8f7478aea1ab63f3e95449382edeaf85442d87fc,all normal protocol events; existing selected_for_demo flag retained,90da322233af2a28b66f3f6367ff2a0ef16ad1ef0d7ec77c5e571c1690f56bf8,f240def43d1a19c502a6eff96c81e7299fbbc06e4be11f9e5adf7b001f9a6251
room07_A1minus_r4_event34,7,Elevator,elevator,A1-,4,34,Elevator.m4a,reports/phone_clap_demo/results/segments/m4a/room07_Elevator_m4a_ev34_A1m_r4.wav,runs/e6_phone_raw_cache/raw_v1_seed42001_batch272.npy,1,False,True,False,43.43333058033825,44100,1.0,44100,1.0,audio/phone_recordings/elevator/A1minus_r4.wav,audio/inferred_rirs/elevator/A1minus_r4.wav,runs/matched_reg_1s/hybrid_shoebox_mit_but_ace_1000ms_full_c1_vm_seed42001/model_updates20000.pt,fa83b4108777231ef557379e8f7478aea1ab63f3e95449382edeaf85442d87fc,all normal protocol events; existing selected_for_demo flag retained,dd4d6a6285987b439b03dca3c88a191bcf85956fa45b73c2fd8b393fc93f1856,2e69ef60430603ec8573b46fe2fc871352858d0d8c3a3cca509978dc6a13e1eb
room07_A1minus_r5_event35,7,Elevator,elevator,A1-,5,35,Elevator.m4a,reports/phone_clap_demo/results/segments/m4a/room07_Elevator_m4a_ev35_A1m_r5.wav,runs/e6_phone_raw_cache/raw_v1_seed42001_batch272.npy,2,False,False,False,38.87094728826968,44100,1.0,44100,1.0,audio/phone_recordings/elevator/A1minus_r5.wav,audio/inferred_rirs/elevator/A1minus_r5.wav,runs/matched_reg_1s/hybrid_shoebox_mit_but_ace_1000ms_full_c1_vm_seed42001/model_updates20000.pt,fa83b4108777231ef557379e8f7478aea1ab63f3e95449382edeaf85442d87fc,all normal protocol events; existing selected_for_demo flag retained,f60cfd24fda89ef2c0d38cbec9e77bccc5d6303f94a50f148409ff5de3c2e0ec,f7082008283fcf8d8cc5f2b2ea7f1241bcd7e8f31f384ec02b7c86cedb0746e9
room07_A1plus_r1_event36,7,Elevator,elevator,A1+,1,36,Elevator.m4a,reports/phone_clap_demo/results/segments/m4a/room07_Elevator_m4a_ev36_A1p_r1.wav,runs/e6_phone_raw_cache/raw_v1_seed42001_batch272.npy,3,False,False,False,40.45272633258075,44100,1.0,44100,1.0,audio/phone_recordings/elevator/A1plus_r1.wav,audio/inferred_rirs/elevator/A1plus_r1.wav,runs/matched_reg_1s/hybrid_shoebox_mit_but_ace_1000ms_full_c1_vm_seed42001/model_updates20000.pt,fa83b4108777231ef557379e8f7478aea1ab63f3e95449382edeaf85442d87fc,all normal protocol events; existing selected_for_demo flag retained,5a4df711a369d45147265a8d49b26f0b45fb50f4504fd5b1f4e4a3fb13cc3ee0,8a32e47a158bdd714bb8d3fcc037728224dc0bf0da05da33423513cb6dcd4641
room07_A1plus_r2_event37,7,Elevator,elevator,A1+,2,37,Elevator.m4a,reports/phone_clap_demo/results/segments/m4a/room07_Elevator_m4a_ev37_A1p_r2.wav,runs/e6_phone_raw_cache/raw_v1_seed42001_batch272.npy,4,False,False,False,39.834018172003006,44100,1.0,44100,1.0,audio/phone_recordings/elevator/A1plus_r2.wav,audio/inferred_rirs/elevator/A1plus_r2.wav,runs/matched_reg_1s/hybrid_shoebox_mit_but_ace_1000ms_full_c1_vm_seed42001/model_updates20000.pt,fa83b4108777231ef557379e8f7478aea1ab63f3e95449382edeaf85442d87fc,all normal protocol events; existing selected_for_demo flag retained,896b3ac099784c124debe66e50a7d9342af355fd39f7940ffb1bec05c6b735c5,171e6acb7e4958c6eb2ca6b946751da3430b48c575fe8cb18561f6c56d6123ba
room07_A1plus_r3_event38,7,Elevator,elevator,A1+,3,38,Elevator.m4a,reports/phone_clap_demo/results/segments/m4a/room07_Elevator_m4a_ev38_A1p_r3.wav,runs/e6_phone_raw_cache/raw_v1_seed42001_batch272.npy,5,False,False,False,41.55852808518058,44100,1.0,44100,1.0,audio/phone_recordings/elevator/A1plus_r3.wav,audio/inferred_rirs/elevator/A1plus_r3.wav,runs/matched_reg_1s/hybrid_shoebox_mit_but_ace_1000ms_full_c1_vm_seed42001/model_updates20000.pt,fa83b4108777231ef557379e8f7478aea1ab63f3e95449382edeaf85442d87fc,all normal protocol events; existing selected_for_demo flag retained,72bf31e0b943518247157319da06387710b5147a44f664bc332b896802d7d30b,904e0c93efd5a4dbf89fa9450b2541dac0a8473a94d2e121cc18cb829f5b01b7
room07_A1plus_r4_event39,7,Elevator,elevator,A1+,4,39,Elevator.m4a,reports/phone_clap_demo/results/segments/m4a/room07_Elevator_m4a_ev39_A1p_r4.wav,runs/e6_phone_raw_cache/raw_v1_seed42001_batch272.npy,6,False,True,False,44.21937553315337,44100,1.0,44100,1.0,audio/phone_recordings/elevator/A1plus_r4.wav,audio/inferred_rirs/elevator/A1plus_r4.wav,runs/matched_reg_1s/hybrid_shoebox_mit_but_ace_1000ms_full_c1_vm_seed42001/model_updates20000.pt,fa83b4108777231ef557379e8f7478aea1ab63f3e95449382edeaf85442d87fc,all normal protocol events; existing selected_for_demo flag retained,5d09be03815f21fd445de3bff38b2d3c71d6d85451135b16133b8c6543f24e9b,4c38ef7c13981902ac0679a2e0a3ec772bc73a587447c5f6cb78570bd85cf502
room07_A1plus_r5_event40,7,Elevator,elevator,A1+,5,40,Elevator.m4a,reports/phone_clap_demo/results/segments/m4a/room07_Elevator_m4a_ev40_A1p_r5.wav,runs/e6_phone_raw_cache/raw_v1_seed42001_batch272.npy,7,False,False,False,38.95837013682442,44100,1.0,44100,1.0,audio/phone_recordings/elevator/A1plus_r5.wav,audio/inferred_rirs/elevator/A1plus_r5.wav,runs/matched_reg_1s/hybrid_shoebox_mit_but_ace_1000ms_full_c1_vm_seed42001/model_updates20000.pt,fa83b4108777231ef557379e8f7478aea1ab63f3e95449382edeaf85442d87fc,all normal protocol events; existing selected_for_demo flag retained,cb760bbcb5b2c72377f16d7ef5702c79aacdc8d1219da54a65123ee0a716e84d,0db49604459450219eb6eb60f90996bdf35a7eb6b85b13c110c8b6fbc6396a0f
