asset_id,asset_type,room,clap_mode,participant,repetition,source_path,source_array_row,source_sha256,export_path,sample_rate,duration,selected_for_paper,selected_for_demo,selection_rule,prediction_checkpoint,checkpoint_sha256,original_peak,playback_gain_db,export_sha256,source_clipped,pre_clap_snr_db,valid_input_samples,layer,release_status,notes,room_identity_documented,corresponds_to_phone_room
room01_P1_r1_event00_recorded,phone_recording,Medium-size meeting room,P1,,1,reports/phone_clap_demo/results/segments/m4a/room01_MediumSizeMeetingRoom_m4a_ev00_P1_r1.wav,,59fa47e880edd1be159b33ad1f16fed2bc2c397b56b98acde9d286c173e2c004,audio/phone_recordings/medium_size_meeting_room/P1_r1.wav,44100,1.0,False,False,all normal protocol events; existing selected_for_demo flag retained,runs/matched_reg_1s/hybrid_shoebox_mit_but_ace_1000ms_full_c1_vm_seed42001/model_updates20000.pt,fa83b4108777231ef557379e8f7478aea1ab63f3e95449382edeaf85442d87fc,0.6018978357315063,3.4095443656541953,30f3cd1c1c501a89a70790d37a693c9f3a9859738feb658e339156dda34a0f9b,False,24.05378466453417,44100,website-only extension,user-authorized project example; no separate dataset license asserted,"One-second model interval; input zero padding beyond valid support is preserved. IEEE float WAV; independent -1 dBFS playback-only gain; no additional filtering, denoising, alignment or inference.",,
room01_P1_r1_event00_inferred,inferred_rir,Medium-size meeting room,P1,,1,runs/e6_phone_raw_cache/raw_v1_seed42001_batch000.npy,0,bb07c146858689abd22be068b99af53dd83f465a1bcdc30a48d8d32bf1f8bfa3,audio/inferred_rirs/medium_size_meeting_room/P1_r1.wav,44100,1.0,False,False,all normal protocol events; existing selected_for_demo flag retained,runs/matched_reg_1s/hybrid_shoebox_mit_but_ace_1000ms_full_c1_vm_seed42001/model_updates20000.pt,fa83b4108777231ef557379e8f7478aea1ab63f3e95449382edeaf85442d87fc,0.37572181224823,7.502671831281328,9d7e6d8dedbe45499d0b80ebf451ee3ce745b4afe76cfa3432e122d208482356,False,24.05378466453417,44100,website-only extension,user-authorized project example; no separate dataset license asserted,"One-second model interval; input zero padding beyond valid support is preserved. IEEE float WAV; independent -1 dBFS playback-only gain; no additional filtering, denoising, alignment or inference.",,
room01_P1_r2_event01_recorded,phone_recording,Medium-size meeting room,P1,,2,reports/phone_clap_demo/results/segments/m4a/room01_MediumSizeMeetingRoom_m4a_ev01_P1_r2.wav,,4a55d4b6d024c6ffc2115ce6eaebf43cfca2094f29106fbcb48e5f26b80adc9e,audio/phone_recordings/medium_size_meeting_room/P1_r2.wav,44100,1.0,False,False,all normal protocol events; existing selected_for_demo flag retained,runs/matched_reg_1s/hybrid_shoebox_mit_but_ace_1000ms_full_c1_vm_seed42001/model_updates20000.pt,fa83b4108777231ef557379e8f7478aea1ab63f3e95449382edeaf85442d87fc,0.7877852916717529,1.0718426387382638,c94b13e2ff0c852d2cadeb058d4c887bae420d71c3114b657361dfcec59c9d10,False,23.376961936377107,44100,website-only extension,user-authorized project example; no separate dataset license asserted,"One-second model interval; input zero padding beyond valid support is preserved. IEEE float WAV; independent -1 dBFS playback-only gain; no additional filtering, denoising, alignment or inference.",,
room01_P1_r2_event01_inferred,inferred_rir,Medium-size meeting room,P1,,2,runs/e6_phone_raw_cache/raw_v1_seed42001_batch000.npy,1,bb07c146858689abd22be068b99af53dd83f465a1bcdc30a48d8d32bf1f8bfa3,audio/inferred_rirs/medium_size_meeting_room/P1_r2.wav,44100,1.0,False,False,all normal protocol events; existing selected_for_demo flag retained,runs/matched_reg_1s/hybrid_shoebox_mit_but_ace_1000ms_full_c1_vm_seed42001/model_updates20000.pt,fa83b4108777231ef557379e8f7478aea1ab63f3e95449382edeaf85442d87fc,0.6890790462493896,2.2346191211844864,d8ce895f8221224897d76c1535e21e1a2ce80e5d29efadc3388ebb0098987213,False,23.376961936377107,44100,website-only extension,user-authorized project example; no separate dataset license asserted,"One-second model interval; input zero padding beyond valid support is preserved. IEEE float WAV; independent -1 dBFS playback-only gain; no additional filtering, denoising, alignment or inference.",,
room01_P1_r3_event02_recorded,phone_recording,Medium-size meeting room,P1,,3,reports/phone_clap_demo/results/segments/m4a/room01_MediumSizeMeetingRoom_m4a_ev02_P1_r3.wav,,398d58b416edbefff69f9672d946e361aba65c73417df529e575eec81c7799a3,audio/phone_recordings/medium_size_meeting_room/P1_r3.wav,44100,1.0,True,True,"M4A normal protocol claps only, exclude clipped; highest existing pre-clap SNR per room/mode; event-index then filename tie break; all eight modes in protocol order",runs/matched_reg_1s/hybrid_shoebox_mit_but_ace_1000ms_full_c1_vm_seed42001/model_updates20000.pt,fa83b4108777231ef557379e8f7478aea1ab63f3e95449382edeaf85442d87fc,0.7356812953948975,1.6662057140024957,a7df4dabb7304650c019be03f84567627cd6fa8f18691ded5edac304be81bb72,False,28.60475954788771,44100,paper-linked,user-authorized project example; no separate dataset license asserted,"One-second model interval; input zero padding beyond valid support is preserved. IEEE float WAV; independent -1 dBFS playback-only gain; no additional filtering, denoising, alignment or inference.",,
room01_P1_r3_event02_inferred,inferred_rir,Medium-size meeting room,P1,,3,reports/phone_spectral_review/predictions.npz,0,5e6b726b636e0301ff942c28111a3a4c4335e8ddc1c8afb825f7ca1e7641d96e,audio/inferred_rirs/medium_size_meeting_room/P1_r3.wav,44100,1.0,True,True,"M4A normal protocol claps only, exclude clipped; highest existing pre-clap SNR per room/mode; event-index then filename tie break; all eight modes in protocol order",runs/matched_reg_1s/hybrid_shoebox_mit_but_ace_1000ms_full_c1_vm_seed42001/model_updates20000.pt,fa83b4108777231ef557379e8f7478aea1ab63f3e95449382edeaf85442d87fc,0.4404595196247101,6.121879983924088,b67830c462a800d4e59bfb5be7a5d7605cb2cc88d866051054cdc1a3d57fc459,False,28.60475954788771,44100,paper-linked,user-authorized project example; no separate dataset license asserted,"One-second model interval; input zero padding beyond valid support is preserved. IEEE float WAV; independent -1 dBFS playback-only gain; no additional filtering, denoising, alignment or inference.",,
room01_P1_r4_event03_recorded,phone_recording,Medium-size meeting room,P1,,4,reports/phone_clap_demo/results/segments/m4a/room01_MediumSizeMeetingRoom_m4a_ev03_P1_r4.wav,,33a17c0b7f095b78e07938cd45967b2500b289f846e7f71839ad8a6e30b80ab6,audio/phone_recordings/medium_size_meeting_room/P1_r4.wav,44100,1.0,False,False,all normal protocol events; existing selected_for_demo flag retained,runs/matched_reg_1s/hybrid_shoebox_mit_but_ace_1000ms_full_c1_vm_seed42001/model_updates20000.pt,fa83b4108777231ef557379e8f7478aea1ab63f3e95449382edeaf85442d87fc,0.916050374507904,-0.23838713207472065,ef3123eb9d508e57a35410b657573f441cbc851060eca1281d6d1512741c0e79,False,28.083082928836795,44100,website-only extension,user-authorized project example; no separate dataset license asserted,"One-second model interval; input zero padding beyond valid support is preserved. IEEE float WAV; independent -1 dBFS playback-only gain; no additional filtering, denoising, alignment or inference.",,
room01_P1_r4_event03_inferred,inferred_rir,Medium-size meeting room,P1,,4,runs/e6_phone_raw_cache/raw_v1_seed42001_batch000.npy,3,bb07c146858689abd22be068b99af53dd83f465a1bcdc30a48d8d32bf1f8bfa3,audio/inferred_rirs/medium_size_meeting_room/P1_r4.wav,44100,1.0,False,False,all normal protocol events; existing selected_for_demo flag retained,runs/matched_reg_1s/hybrid_shoebox_mit_but_ace_1000ms_full_c1_vm_seed42001/model_updates20000.pt,fa83b4108777231ef557379e8f7478aea1ab63f3e95449382edeaf85442d87fc,0.7305116653442383,1.72745689085155,d97552710000a493c98fa2730655e0f4b07dce0b47a87b3352cbeba94f9a3e11,False,28.083082928836795,44100,website-only extension,user-authorized project example; no separate dataset license asserted,"One-second model interval; input zero padding beyond valid support is preserved. IEEE float WAV; independent -1 dBFS playback-only gain; no additional filtering, denoising, alignment or inference.",,
room01_P1_r5_event04_recorded,phone_recording,Medium-size meeting room,P1,,5,reports/phone_clap_demo/results/segments/m4a/room01_MediumSizeMeetingRoom_m4a_ev04_P1_r5.wav,,e42fcce447dca388e1953c358ee0fe700dc1e29ffbb44e66807f7adfb93f713e,audio/phone_recordings/medium_size_meeting_room/P1_r5.wav,44100,1.0,False,False,all normal protocol events; existing selected_for_demo flag retained,runs/matched_reg_1s/hybrid_shoebox_mit_but_ace_1000ms_full_c1_vm_seed42001/model_updates20000.pt,fa83b4108777231ef557379e8f7478aea1ab63f3e95449382edeaf85442d87fc,0.8940316438674927,-0.02705781470640193,d8bce3a5512c6c6fd1b516ba87958fb0c5e99f9aa5426b53535ae1a55c2d652d,False,23.583697620014824,44100,website-only extension,user-authorized project example; no separate dataset license asserted,"One-second model interval; input zero padding beyond valid support is preserved. IEEE float WAV; independent -1 dBFS playback-only gain; no additional filtering, denoising, alignment or inference.",,
room01_P1_r5_event04_inferred,inferred_rir,Medium-size meeting room,P1,,5,runs/e6_phone_raw_cache/raw_v1_seed42001_batch000.npy,4,bb07c146858689abd22be068b99af53dd83f465a1bcdc30a48d8d32bf1f8bfa3,audio/inferred_rirs/medium_size_meeting_room/P1_r5.wav,44100,1.0,False,False,all normal protocol events; existing selected_for_demo flag retained,runs/matched_reg_1s/hybrid_shoebox_mit_but_ace_1000ms_full_c1_vm_seed42001/model_updates20000.pt,fa83b4108777231ef557379e8f7478aea1ab63f3e95449382edeaf85442d87fc,0.5048613548278809,4.9365574316968726,9947f377f847e0725802b3140c9fd27f579823671a716c5b7577aa42b3363bbe,False,23.583697620014824,44100,website-only extension,user-authorized project example; no separate dataset license asserted,"One-second model interval; input zero padding beyond valid support is preserved. IEEE float WAV; independent -1 dBFS playback-only gain; no additional filtering, denoising, alignment or inference.",,
room01_P2_r1_event05_recorded,phone_recording,Medium-size meeting room,P2,,1,reports/phone_clap_demo/results/segments/m4a/room01_MediumSizeMeetingRoom_m4a_ev05_P2_r1.wav,,507b9ad29d362d0f4c2509bcfb810f5a3ddf259f68efd118af1387cd3e6881f6,audio/phone_recordings/medium_size_meeting_room/P2_r1.wav,44100,1.0,True,True,"M4A normal protocol claps only, exclude clipped; highest existing pre-clap SNR per room/mode; event-index then filename tie break; all eight modes in protocol order",runs/matched_reg_1s/hybrid_shoebox_mit_but_ace_1000ms_full_c1_vm_seed42001/model_updates20000.pt,fa83b4108777231ef557379e8f7478aea1ab63f3e95449382edeaf85442d87fc,0.8362502455711365,0.5532748338056059,537e8b7375c12760824ad2198a28991575dcfa61c99adb454e156e6aa2d9c41c,False,26.161639128116775,44100,paper-linked,user-authorized project example; no separate dataset license asserted,"One-second model interval; input zero padding beyond valid support is preserved. IEEE float WAV; independent -1 dBFS playback-only gain; no additional filtering, denoising, alignment or inference.",,
room01_P2_r1_event05_inferred,inferred_rir,Medium-size meeting room,P2,,1,reports/phone_spectral_review/predictions.npz,1,5e6b726b636e0301ff942c28111a3a4c4335e8ddc1c8afb825f7ca1e7641d96e,audio/inferred_rirs/medium_size_meeting_room/P2_r1.wav,44100,1.0,True,True,"M4A normal protocol claps only, exclude clipped; highest existing pre-clap SNR per room/mode; event-index then filename tie break; all eight modes in protocol order",runs/matched_reg_1s/hybrid_shoebox_mit_but_ace_1000ms_full_c1_vm_seed42001/model_updates20000.pt,fa83b4108777231ef557379e8f7478aea1ab63f3e95449382edeaf85442d87fc,0.5867372751235962,3.63112640795019,6ed1810433a29ec33ead94f71fd5b1ddb64ab219c0a8d722f99aa4300da8066c,False,26.161639128116775,44100,paper-linked,user-authorized project example; no separate dataset license asserted,"One-second model interval; input zero padding beyond valid support is preserved. IEEE float WAV; independent -1 dBFS playback-only gain; no additional filtering, denoising, alignment or inference.",,
room01_P2_r2_event06_recorded,phone_recording,Medium-size meeting room,P2,,2,reports/phone_clap_demo/results/segments/m4a/room01_MediumSizeMeetingRoom_m4a_ev06_P2_r2.wav,,86a677633983c06f08a86da3edb784e44599421df974d3601fc91827b251c6dd,audio/phone_recordings/medium_size_meeting_room/P2_r2.wav,44100,1.0,False,False,all normal protocol events; existing selected_for_demo flag retained,runs/matched_reg_1s/hybrid_shoebox_mit_but_ace_1000ms_full_c1_vm_seed42001/model_updates20000.pt,fa83b4108777231ef557379e8f7478aea1ab63f3e95449382edeaf85442d87fc,0.8552974462509155,0.35765649372811614,e3370b2fb75d87ef35c724268c187a9c66c7651f08ec9ddfcf1eabb3149f867e,False,21.1604715276347,44100,website-only extension,user-authorized project example; no separate dataset license asserted,"One-second model interval; input zero padding beyond valid support is preserved. IEEE float WAV; independent -1 dBFS playback-only gain; no additional filtering, denoising, alignment or inference.",,
room01_P2_r2_event06_inferred,inferred_rir,Medium-size meeting room,P2,,2,runs/e6_phone_raw_cache/raw_v1_seed42001_batch000.npy,6,bb07c146858689abd22be068b99af53dd83f465a1bcdc30a48d8d32bf1f8bfa3,audio/inferred_rirs/medium_size_meeting_room/P2_r2.wav,44100,1.0,False,False,all normal protocol events; existing selected_for_demo flag retained,runs/matched_reg_1s/hybrid_shoebox_mit_but_ace_1000ms_full_c1_vm_seed42001/model_updates20000.pt,fa83b4108777231ef557379e8f7478aea1ab63f3e95449382edeaf85442d87fc,0.6255478858947754,3.074788786274561,33599243c933acc2f1bd6a2d001508e5a68a28cfcbcd3035f01e68618b606954,False,21.1604715276347,44100,website-only extension,user-authorized project example; no separate dataset license asserted,"One-second model interval; input zero padding beyond valid support is preserved. IEEE float WAV; independent -1 dBFS playback-only gain; no additional filtering, denoising, alignment or inference.",,
room01_P2_r3_event07_recorded,phone_recording,Medium-size meeting room,P2,,3,reports/phone_clap_demo/results/segments/m4a/room01_MediumSizeMeetingRoom_m4a_ev07_P2_r3.wav,,7b507e3c72422720535b914f73c3cc506477d829ef9a8320b6ee8fd88c88c388,audio/phone_recordings/medium_size_meeting_room/P2_r3.wav,44100,1.0,False,False,all normal protocol events; existing selected_for_demo flag retained,runs/matched_reg_1s/hybrid_shoebox_mit_but_ace_1000ms_full_c1_vm_seed42001/model_updates20000.pt,fa83b4108777231ef557379e8f7478aea1ab63f3e95449382edeaf85442d87fc,0.9569389820098877,-0.6176849285515669,983827dda59b4c8d9b5823a0e521c46b9fbf954bcb05a496da9681d9682c1e6c,False,21.344595774244688,44100,website-only extension,user-authorized project example; no separate dataset license asserted,"One-second model interval; input zero padding beyond valid support is preserved. IEEE float WAV; independent -1 dBFS playback-only gain; no additional filtering, denoising, alignment or inference.",,
room01_P2_r3_event07_inferred,inferred_rir,Medium-size meeting room,P2,,3,runs/e6_phone_raw_cache/raw_v1_seed42001_batch000.npy,7,bb07c146858689abd22be068b99af53dd83f465a1bcdc30a48d8d32bf1f8bfa3,audio/inferred_rirs/medium_size_meeting_room/P2_r3.wav,44100,1.0,False,False,all normal protocol events; existing selected_for_demo flag retained,runs/matched_reg_1s/hybrid_shoebox_mit_but_ace_1000ms_full_c1_vm_seed42001/model_updates20000.pt,fa83b4108777231ef557379e8f7478aea1ab63f3e95449382edeaf85442d87fc,0.6309080123901367,3.0006791423312036,3a26e4d53d350646c63dfb81d44d566a767d476bbacfe9c40ed3d1b1c99ec7b1,False,21.344595774244688,44100,website-only extension,user-authorized project example; no separate dataset license asserted,"One-second model interval; input zero padding beyond valid support is preserved. IEEE float WAV; independent -1 dBFS playback-only gain; no additional filtering, denoising, alignment or inference.",,
room01_P2_r4_event08_recorded,phone_recording,Medium-size meeting room,P2,,4,reports/phone_clap_demo/results/segments/m4a/room01_MediumSizeMeetingRoom_m4a_ev08_P2_r4.wav,,c77d550747c77df9bf3de05247e5fd855ff9020f4b9d1e01d1300edb3184496a,audio/phone_recordings/medium_size_meeting_room/P2_r4.wav,44100,1.0,False,False,all normal protocol events; existing selected_for_demo flag retained,runs/matched_reg_1s/hybrid_shoebox_mit_but_ace_1000ms_full_c1_vm_seed42001/model_updates20000.pt,fa83b4108777231ef557379e8f7478aea1ab63f3e95449382edeaf85442d87fc,0.8595294952392578,0.31478431322409345,ebcd9c7a44af53daf67fc48dde2b718968834e6687c14baffe00da4851208a6c,False,21.596200396910294,44100,website-only extension,user-authorized project example; no separate dataset license asserted,"One-second model interval; input zero padding beyond valid support is preserved. IEEE float WAV; independent -1 dBFS playback-only gain; no additional filtering, denoising, alignment or inference.",,
room01_P2_r4_event08_inferred,inferred_rir,Medium-size meeting room,P2,,4,runs/e6_phone_raw_cache/raw_v1_seed42001_batch008.npy,0,71ab970073354a4961a3705d905d7cff880514df217f8e3fbadd02c466b1816e,audio/inferred_rirs/medium_size_meeting_room/P2_r4.wav,44100,1.0,False,False,all normal protocol events; existing selected_for_demo flag retained,runs/matched_reg_1s/hybrid_shoebox_mit_but_ace_1000ms_full_c1_vm_seed42001/model_updates20000.pt,fa83b4108777231ef557379e8f7478aea1ab63f3e95449382edeaf85442d87fc,0.6630396842956543,2.569209547897139,61669a6b1a37282c098573ef97e2f6fc57a2ef1861d0e94f72f18ab1787e227c,False,21.596200396910294,44100,website-only extension,user-authorized project example; no separate dataset license asserted,"One-second model interval; input zero padding beyond valid support is preserved. IEEE float WAV; independent -1 dBFS playback-only gain; no additional filtering, denoising, alignment or inference.",,
room01_P2_r5_event09_recorded,phone_recording,Medium-size meeting room,P2,,5,reports/phone_clap_demo/results/segments/m4a/room01_MediumSizeMeetingRoom_m4a_ev09_P2_r5.wav,,ad1cafc2181014b89f3c25155a9e9a316f4339182c90ea5288d909c33d9c12c1,audio/phone_recordings/medium_size_meeting_room/P2_r5.wav,44100,1.0,False,False,all normal protocol events; existing selected_for_demo flag retained,runs/matched_reg_1s/hybrid_shoebox_mit_but_ace_1000ms_full_c1_vm_seed42001/model_updates20000.pt,fa83b4108777231ef557379e8f7478aea1ab63f3e95449382edeaf85442d87fc,0.9078189134597778,-0.15998453146882613,393bba80bb3bda752406bc856be198777e099eaf260d598fc06a45c92f1b3f29,False,26.024782675332407,44100,website-only extension,user-authorized project example; no separate dataset license asserted,"One-second model interval; input zero padding beyond valid support is preserved. IEEE float WAV; independent -1 dBFS playback-only gain; no additional filtering, denoising, alignment or inference.",,
room01_P2_r5_event09_inferred,inferred_rir,Medium-size meeting room,P2,,5,runs/e6_phone_raw_cache/raw_v1_seed42001_batch008.npy,1,71ab970073354a4961a3705d905d7cff880514df217f8e3fbadd02c466b1816e,audio/inferred_rirs/medium_size_meeting_room/P2_r5.wav,44100,1.0,False,False,all normal protocol events; existing selected_for_demo flag retained,runs/matched_reg_1s/hybrid_shoebox_mit_but_ace_1000ms_full_c1_vm_seed42001/model_updates20000.pt,fa83b4108777231ef557379e8f7478aea1ab63f3e95449382edeaf85442d87fc,0.629250705242157,3.0235257807455715,622d9dfbfb702feabdc27b7d9458ce8874cf2e5013b39f56e2e084625da441f4,False,26.024782675332407,44100,website-only extension,user-authorized project example; no separate dataset license asserted,"One-second model interval; input zero padding beyond valid support is preserved. IEEE float WAV; independent -1 dBFS playback-only gain; no additional filtering, denoising, alignment or inference.",,
room01_P3_r1_event10_recorded,phone_recording,Medium-size meeting room,P3,,1,reports/phone_clap_demo/results/segments/m4a/room01_MediumSizeMeetingRoom_m4a_ev10_P3_r1.wav,,2117f1d1bdd4b9f9d780d978d8c59573c3a0728d1a9b871960f7e829afe5578f,audio/phone_recordings/medium_size_meeting_room/P3_r1.wav,44100,1.0,False,False,all normal protocol events; existing selected_for_demo flag retained,runs/matched_reg_1s/hybrid_shoebox_mit_but_ace_1000ms_full_c1_vm_seed42001/model_updates20000.pt,fa83b4108777231ef557379e8f7478aea1ab63f3e95449382edeaf85442d87fc,0.9738650321960449,-0.7699754448807272,721a9fc55fdea8d67bca5875b40a21be866a73ca9626878e1b8405a53f68ce31,False,20.984156541241852,44100,website-only extension,user-authorized project example; no separate dataset license asserted,"One-second model interval; input zero padding beyond valid support is preserved. IEEE float WAV; independent -1 dBFS playback-only gain; no additional filtering, denoising, alignment or inference.",,
room01_P3_r1_event10_inferred,inferred_rir,Medium-size meeting room,P3,,1,runs/e6_phone_raw_cache/raw_v1_seed42001_batch008.npy,2,71ab970073354a4961a3705d905d7cff880514df217f8e3fbadd02c466b1816e,audio/inferred_rirs/medium_size_meeting_room/P3_r1.wav,44100,1.0,False,False,all normal protocol events; existing selected_for_demo flag retained,runs/matched_reg_1s/hybrid_shoebox_mit_but_ace_1000ms_full_c1_vm_seed42001/model_updates20000.pt,fa83b4108777231ef557379e8f7478aea1ab63f3e95449382edeaf85442d87fc,0.626162588596344,3.0662576756638007,2c5a5986a39fc84b2a7b56905366aaf42b5d7d4bd1e027b17b793441e51ddba4,False,20.984156541241852,44100,website-only extension,user-authorized project example; no separate dataset license asserted,"One-second model interval; input zero padding beyond valid support is preserved. IEEE float WAV; independent -1 dBFS playback-only gain; no additional filtering, denoising, alignment or inference.",,
room01_P3_r2_event11_recorded,phone_recording,Medium-size meeting room,P3,,2,reports/phone_clap_demo/results/segments/m4a/room01_MediumSizeMeetingRoom_m4a_ev11_P3_r2.wav,,cb1bc8dfbabecb4434a13810de4109aaab9d35e6ce17fabf61f3fb560661003f,audio/phone_recordings/medium_size_meeting_room/P3_r2.wav,44100,1.0,True,True,"M4A normal protocol claps only, exclude clipped; highest existing pre-clap SNR per room/mode; event-index then filename tie break; all eight modes in protocol order",runs/matched_reg_1s/hybrid_shoebox_mit_but_ace_1000ms_full_c1_vm_seed42001/model_updates20000.pt,fa83b4108777231ef557379e8f7478aea1ab63f3e95449382edeaf85442d87fc,0.9034383893013,-0.1179708169912616,5be3bca7b5734304c9d9d6d77d2afc07e49419472f5e587e773dd306839484aa,False,25.25814871423656,44100,paper-linked,user-authorized project example; no separate dataset license asserted,"One-second model interval; input zero padding beyond valid support is preserved. IEEE float WAV; independent -1 dBFS playback-only gain; no additional filtering, denoising, alignment or inference.",,
room01_P3_r2_event11_inferred,inferred_rir,Medium-size meeting room,P3,,2,reports/phone_spectral_review/predictions.npz,2,5e6b726b636e0301ff942c28111a3a4c4335e8ddc1c8afb825f7ca1e7641d96e,audio/inferred_rirs/medium_size_meeting_room/P3_r2.wav,44100,1.0,True,True,"M4A normal protocol claps only, exclude clipped; highest existing pre-clap SNR per room/mode; event-index then filename tie break; all eight modes in protocol order",runs/matched_reg_1s/hybrid_shoebox_mit_but_ace_1000ms_full_c1_vm_seed42001/model_updates20000.pt,fa83b4108777231ef557379e8f7478aea1ab63f3e95449382edeaf85442d87fc,0.5126418471336365,4.803718901879528,e17b91f44cc35e1a82ab531c8fbf33247ada0d8d4c72064fd90803136ee0e82c,False,25.25814871423656,44100,paper-linked,user-authorized project example; no separate dataset license asserted,"One-second model interval; input zero padding beyond valid support is preserved. IEEE float WAV; independent -1 dBFS playback-only gain; no additional filtering, denoising, alignment or inference.",,
room01_P3_r3_event12_recorded,phone_recording,Medium-size meeting room,P3,,3,reports/phone_clap_demo/results/segments/m4a/room01_MediumSizeMeetingRoom_m4a_ev12_P3_r3.wav,,2ae4d61ed1a28c20bb55c42282f40466a0b34b81763bc167df7b83b6ebce068f,audio/phone_recordings/medium_size_meeting_room/P3_r3.wav,44100,1.0,False,False,all normal protocol events; existing selected_for_demo flag retained,runs/matched_reg_1s/hybrid_shoebox_mit_but_ace_1000ms_full_c1_vm_seed42001/model_updates20000.pt,fa83b4108777231ef557379e8f7478aea1ab63f3e95449382edeaf85442d87fc,0.9081314206123352,-0.16297404347704073,6eaf12e19cdf472704e26e006aa5457d9583cdd85a1f220681e7685a4ca457c6,False,23.434012551854444,44100,website-only extension,user-authorized project example; no separate dataset license asserted,"One-second model interval; input zero padding beyond valid support is preserved. IEEE float WAV; independent -1 dBFS playback-only gain; no additional filtering, denoising, alignment or inference.",,
room01_P3_r3_event12_inferred,inferred_rir,Medium-size meeting room,P3,,3,runs/e6_phone_raw_cache/raw_v1_seed42001_batch008.npy,4,71ab970073354a4961a3705d905d7cff880514df217f8e3fbadd02c466b1816e,audio/inferred_rirs/medium_size_meeting_room/P3_r3.wav,44100,1.0,False,False,all normal protocol events; existing selected_for_demo flag retained,runs/matched_reg_1s/hybrid_shoebox_mit_but_ace_1000ms_full_c1_vm_seed42001/model_updates20000.pt,fa83b4108777231ef557379e8f7478aea1ab63f3e95449382edeaf85442d87fc,0.48230987787246704,5.333476869728396,44ef56ccf928d5cc95f07ae73008ba3157e36ac2677fbb27cad878d766a5c91a,False,23.434012551854444,44100,website-only extension,user-authorized project example; no separate dataset license asserted,"One-second model interval; input zero padding beyond valid support is preserved. IEEE float WAV; independent -1 dBFS playback-only gain; no additional filtering, denoising, alignment or inference.",,
room01_P3_r4_event13_recorded,phone_recording,Medium-size meeting room,P3,,4,reports/phone_clap_demo/results/segments/m4a/room01_MediumSizeMeetingRoom_m4a_ev13_P3_r4.wav,,a3c61e3b44a6afdaee0d5de4c505eb1a7966d36b72a78fb3e20ef54aaccaa3d7,audio/phone_recordings/medium_size_meeting_room/P3_r4.wav,44100,1.0,False,False,all normal protocol events; existing selected_for_demo flag retained,runs/matched_reg_1s/hybrid_shoebox_mit_but_ace_1000ms_full_c1_vm_seed42001/model_updates20000.pt,fa83b4108777231ef557379e8f7478aea1ab63f3e95449382edeaf85442d87fc,0.8659038543701172,0.2506065438238111,6a3985499d4c6f323200861df8ef0783ae48b0188022d609eee21757a7004f19,False,21.6263361465911,44100,website-only extension,user-authorized project example; no separate dataset license asserted,"One-second model interval; input zero padding beyond valid support is preserved. IEEE float WAV; independent -1 dBFS playback-only gain; no additional filtering, denoising, alignment or inference.",,
room01_P3_r4_event13_inferred,inferred_rir,Medium-size meeting room,P3,,4,runs/e6_phone_raw_cache/raw_v1_seed42001_batch008.npy,5,71ab970073354a4961a3705d905d7cff880514df217f8e3fbadd02c466b1816e,audio/inferred_rirs/medium_size_meeting_room/P3_r4.wav,44100,1.0,False,False,all normal protocol events; existing selected_for_demo flag retained,runs/matched_reg_1s/hybrid_shoebox_mit_but_ace_1000ms_full_c1_vm_seed42001/model_updates20000.pt,fa83b4108777231ef557379e8f7478aea1ab63f3e95449382edeaf85442d87fc,0.6990532279014587,2.1097950915589543,5cbcd65664ea99586ced45596cad4ea5f2bf8ba8dc5b2bbf45bb364fa4ab70b4,False,21.6263361465911,44100,website-only extension,user-authorized project example; no separate dataset license asserted,"One-second model interval; input zero padding beyond valid support is preserved. IEEE float WAV; independent -1 dBFS playback-only gain; no additional filtering, denoising, alignment or inference.",,
room01_P3_r5_event14_recorded,phone_recording,Medium-size meeting room,P3,,5,reports/phone_clap_demo/results/segments/m4a/room01_MediumSizeMeetingRoom_m4a_ev14_P3_r5.wav,,4b5cac6a10dc4c4ce3db469013be88e125e9dbdbb1865c54a2e46ac87fad52d9,audio/phone_recordings/medium_size_meeting_room/P3_r5.wav,44100,1.0,False,False,all normal protocol events; existing selected_for_demo flag retained,runs/matched_reg_1s/hybrid_shoebox_mit_but_ace_1000ms_full_c1_vm_seed42001/model_updates20000.pt,fa83b4108777231ef557379e8f7478aea1ab63f3e95449382edeaf85442d87fc,0.8836055994033813,0.07483081340713538,57c0af418de9a01d512843ea0216c3ea2cb1fd7a0831da68ea281de860ed3016,False,22.36125994294189,44100,website-only extension,user-authorized project example; no separate dataset license asserted,"One-second model interval; input zero padding beyond valid support is preserved. IEEE float WAV; independent -1 dBFS playback-only gain; no additional filtering, denoising, alignment or inference.",,
room01_P3_r5_event14_inferred,inferred_rir,Medium-size meeting room,P3,,5,runs/e6_phone_raw_cache/raw_v1_seed42001_batch008.npy,6,71ab970073354a4961a3705d905d7cff880514df217f8e3fbadd02c466b1816e,audio/inferred_rirs/medium_size_meeting_room/P3_r5.wav,44100,1.0,False,False,all normal protocol events; existing selected_for_demo flag retained,runs/matched_reg_1s/hybrid_shoebox_mit_but_ace_1000ms_full_c1_vm_seed42001/model_updates20000.pt,fa83b4108777231ef557379e8f7478aea1ab63f3e95449382edeaf85442d87fc,0.6224259734153748,3.1182458564979907,8af948c5e13d7fdc04367c66d744420f59a28c0077dc78668340180e3ec81092,False,22.36125994294189,44100,website-only extension,user-authorized project example; no separate dataset license asserted,"One-second model interval; input zero padding beyond valid support is preserved. IEEE float WAV; independent -1 dBFS playback-only gain; no additional filtering, denoising, alignment or inference.",,
room01_A1_r1_event15_recorded,phone_recording,Medium-size meeting room,A1,,1,reports/phone_clap_demo/results/segments/m4a/room01_MediumSizeMeetingRoom_m4a_ev15_A1_r1.wav,,764cc3c645fad76faec347b08e03c560bbf4e11ed87e4b797a7ecafcb64aa6ab,audio/phone_recordings/medium_size_meeting_room/A1_r1.wav,44100,1.0,True,True,"M4A normal protocol claps only, exclude clipped; highest existing pre-clap SNR per room/mode; event-index then filename tie break; all eight modes in protocol order",runs/matched_reg_1s/hybrid_shoebox_mit_but_ace_1000ms_full_c1_vm_seed42001/model_updates20000.pt,fa83b4108777231ef557379e8f7478aea1ab63f3e95449382edeaf85442d87fc,0.8501166105270386,0.4104299601872377,93c8d2755933faa615cc7d3ecc434c993cce6058deeed4e20119b73f51e0684e,False,24.651732299956443,44100,paper-linked,user-authorized project example; no separate dataset license asserted,"One-second model interval; input zero padding beyond valid support is preserved. IEEE float WAV; independent -1 dBFS playback-only gain; no additional filtering, denoising, alignment or inference.",,
room01_A1_r1_event15_inferred,inferred_rir,Medium-size meeting room,A1,,1,reports/phone_spectral_review/predictions.npz,3,5e6b726b636e0301ff942c28111a3a4c4335e8ddc1c8afb825f7ca1e7641d96e,audio/inferred_rirs/medium_size_meeting_room/A1_r1.wav,44100,1.0,True,True,"M4A normal protocol claps only, exclude clipped; highest existing pre-clap SNR per room/mode; event-index then filename tie break; all eight modes in protocol order",runs/matched_reg_1s/hybrid_shoebox_mit_but_ace_1000ms_full_c1_vm_seed42001/model_updates20000.pt,fa83b4108777231ef557379e8f7478aea1ab63f3e95449382edeaf85442d87fc,0.5738111734390259,3.8246199856670113,43cdb8b39e12e28e932cd501b98791ba531057866c6ea2f5987a484d61c3b76c,False,24.651732299956443,44100,paper-linked,user-authorized project example; no separate dataset license asserted,"One-second model interval; input zero padding beyond valid support is preserved. IEEE float WAV; independent -1 dBFS playback-only gain; no additional filtering, denoising, alignment or inference.",,
room01_A1_r2_event16_recorded,phone_recording,Medium-size meeting room,A1,,2,reports/phone_clap_demo/results/segments/m4a/room01_MediumSizeMeetingRoom_m4a_ev16_A1_r2.wav,,6ffa5a6ff5dc148ee73af22b00d0560d210e4ddeb8d31178b3dfd303b04a1c1a,audio/phone_recordings/medium_size_meeting_room/A1_r2.wav,44100,1.0,False,False,all normal protocol events; existing selected_for_demo flag retained,runs/matched_reg_1s/hybrid_shoebox_mit_but_ace_1000ms_full_c1_vm_seed42001/model_updates20000.pt,fa83b4108777231ef557379e8f7478aea1ab63f3e95449382edeaf85442d87fc,0.8860645294189453,0.05069297196409474,9c1e8cb1944fe45c3d0620f8430700e433efab6c32f6aee71f31d6e038549d15,False,23.089445957365474,44100,website-only extension,user-authorized project example; no separate dataset license asserted,"One-second model interval; input zero padding beyond valid support is preserved. IEEE float WAV; independent -1 dBFS playback-only gain; no additional filtering, denoising, alignment or inference.",,
room01_A1_r2_event16_inferred,inferred_rir,Medium-size meeting room,A1,,2,runs/e6_phone_raw_cache/raw_v1_seed42001_batch016.npy,0,ad958c002951f7667407255acbbd6b0027a2146b61bb5f64c0dbe0e2da02bd10,audio/inferred_rirs/medium_size_meeting_room/A1_r2.wav,44100,1.0,False,False,all normal protocol events; existing selected_for_demo flag retained,runs/matched_reg_1s/hybrid_shoebox_mit_but_ace_1000ms_full_c1_vm_seed42001/model_updates20000.pt,fa83b4108777231ef557379e8f7478aea1ab63f3e95449382edeaf85442d87fc,0.4403098225593567,6.124832521300326,4de1e0a97a23dc2f284abfa573210798c862f37ae117e6db932ff9c07c0a012d,False,23.089445957365474,44100,website-only extension,user-authorized project example; no separate dataset license asserted,"One-second model interval; input zero padding beyond valid support is preserved. IEEE float WAV; independent -1 dBFS playback-only gain; no additional filtering, denoising, alignment or inference.",,
room01_A1_r3_event17_recorded,phone_recording,Medium-size meeting room,A1,,3,reports/phone_clap_demo/results/segments/m4a/room01_MediumSizeMeetingRoom_m4a_ev17_A1_r3.wav,,dc0286d4cd97cecc344e1799d41e89c0123a63512581450c98737f627b5ef9ab,audio/phone_recordings/medium_size_meeting_room/A1_r3.wav,44100,1.0,False,False,all normal protocol events; existing selected_for_demo flag retained,runs/matched_reg_1s/hybrid_shoebox_mit_but_ace_1000ms_full_c1_vm_seed42001/model_updates20000.pt,fa83b4108777231ef557379e8f7478aea1ab63f3e95449382edeaf85442d87fc,0.8660891652107239,0.24874788793063915,b417394cef641527587655e78b3fe2968c79ce94811b5da8a89711218fcb0a3c,False,24.285803844023164,44100,website-only extension,user-authorized project example; no separate dataset license asserted,"One-second model interval; input zero padding beyond valid support is preserved. IEEE float WAV; independent -1 dBFS playback-only gain; no additional filtering, denoising, alignment or inference.",,
room01_A1_r3_event17_inferred,inferred_rir,Medium-size meeting room,A1,,3,runs/e6_phone_raw_cache/raw_v1_seed42001_batch016.npy,1,ad958c002951f7667407255acbbd6b0027a2146b61bb5f64c0dbe0e2da02bd10,audio/inferred_rirs/medium_size_meeting_room/A1_r3.wav,44100,1.0,False,False,all normal protocol events; existing selected_for_demo flag retained,runs/matched_reg_1s/hybrid_shoebox_mit_but_ace_1000ms_full_c1_vm_seed42001/model_updates20000.pt,fa83b4108777231ef557379e8f7478aea1ab63f3e95449382edeaf85442d87fc,0.7643555998802185,1.3340909662770875,7beda6ea909f3bb84ae93bdc96b4e0dbbba874979f2a85713618b9f8ec516071,False,24.285803844023164,44100,website-only extension,user-authorized project example; no separate dataset license asserted,"One-second model interval; input zero padding beyond valid support is preserved. IEEE float WAV; independent -1 dBFS playback-only gain; no additional filtering, denoising, alignment or inference.",,
room01_A1_r4_event18_recorded,phone_recording,Medium-size meeting room,A1,,4,reports/phone_clap_demo/results/segments/m4a/room01_MediumSizeMeetingRoom_m4a_ev18_A1_r4.wav,,e5035083bc789c2641d0bc4d7726458a0fb9a23ff92ff5187e62e16c22f7f425,audio/phone_recordings/medium_size_meeting_room/A1_r4.wav,44100,1.0,False,False,all normal protocol events; existing selected_for_demo flag retained,runs/matched_reg_1s/hybrid_shoebox_mit_but_ace_1000ms_full_c1_vm_seed42001/model_updates20000.pt,fa83b4108777231ef557379e8f7478aea1ab63f3e95449382edeaf85442d87fc,0.9422029256820679,-0.48288896908240286,d71af47b3f33dbf778b34a5bdcbe8829cd602dd4c390bb1ec2c6243a0e43ae0c,False,23.009170768444353,44100,website-only extension,user-authorized project example; no separate dataset license asserted,"One-second model interval; input zero padding beyond valid support is preserved. IEEE float WAV; independent -1 dBFS playback-only gain; no additional filtering, denoising, alignment or inference.",,
room01_A1_r4_event18_inferred,inferred_rir,Medium-size meeting room,A1,,4,runs/e6_phone_raw_cache/raw_v1_seed42001_batch016.npy,2,ad958c002951f7667407255acbbd6b0027a2146b61bb5f64c0dbe0e2da02bd10,audio/inferred_rirs/medium_size_meeting_room/A1_r4.wav,44100,1.0,False,False,all normal protocol events; existing selected_for_demo flag retained,runs/matched_reg_1s/hybrid_shoebox_mit_but_ace_1000ms_full_c1_vm_seed42001/model_updates20000.pt,fa83b4108777231ef557379e8f7478aea1ab63f3e95449382edeaf85442d87fc,0.7289847135543823,1.745631570501565,a8efb3e39924eb3e5670e0400c551c530f8217d42a10a08c7f4b26c41fac4dd1,False,23.009170768444353,44100,website-only extension,user-authorized project example; no separate dataset license asserted,"One-second model interval; input zero padding beyond valid support is preserved. IEEE float WAV; independent -1 dBFS playback-only gain; no additional filtering, denoising, alignment or inference.",,
room01_A1_r5_event19_recorded,phone_recording,Medium-size meeting room,A1,,5,reports/phone_clap_demo/results/segments/m4a/room01_MediumSizeMeetingRoom_m4a_ev19_A1_r5.wav,,1f023aaaff43c034d6974d16f37f9828ec2f4d681c0731c27eecf0976083aa35,audio/phone_recordings/medium_size_meeting_room/A1_r5.wav,44100,1.0,False,False,all normal protocol events; existing selected_for_demo flag retained,runs/matched_reg_1s/hybrid_shoebox_mit_but_ace_1000ms_full_c1_vm_seed42001/model_updates20000.pt,fa83b4108777231ef557379e8f7478aea1ab63f3e95449382edeaf85442d87fc,0.925420343875885,-0.32678085067161045,ea7df4d27ec447594b386ae614fdc512ad932a537b2ec405a97517a6f82841e1,False,23.157569918791456,44100,website-only extension,user-authorized project example; no separate dataset license asserted,"One-second model interval; input zero padding beyond valid support is preserved. IEEE float WAV; independent -1 dBFS playback-only gain; no additional filtering, denoising, alignment or inference.",,
room01_A1_r5_event19_inferred,inferred_rir,Medium-size meeting room,A1,,5,runs/e6_phone_raw_cache/raw_v1_seed42001_batch016.npy,3,ad958c002951f7667407255acbbd6b0027a2146b61bb5f64c0dbe0e2da02bd10,audio/inferred_rirs/medium_size_meeting_room/A1_r5.wav,44100,1.0,False,False,all normal protocol events; existing selected_for_demo flag retained,runs/matched_reg_1s/hybrid_shoebox_mit_but_ace_1000ms_full_c1_vm_seed42001/model_updates20000.pt,fa83b4108777231ef557379e8f7478aea1ab63f3e95449382edeaf85442d87fc,0.6768761873245239,2.3898152844743468,3be6d1e34c129440167cfc93d62f0c8fb94e040a2629e0f7b7d99668bd28a98f,False,23.157569918791456,44100,website-only extension,user-authorized project example; no separate dataset license asserted,"One-second model interval; input zero padding beyond valid support is preserved. IEEE float WAV; independent -1 dBFS playback-only gain; no additional filtering, denoising, alignment or inference.",,
room01_A2_r1_event20_recorded,phone_recording,Medium-size meeting room,A2,,1,reports/phone_clap_demo/results/segments/m4a/room01_MediumSizeMeetingRoom_m4a_ev20_A2_r1.wav,,d9e30d8cd2ad640164ee5e69b1c63ef9eb7ef23c261cbfed11bce3edfce09192,audio/phone_recordings/medium_size_meeting_room/A2_r1.wav,44100,1.0,False,False,all normal protocol events; existing selected_for_demo flag retained,runs/matched_reg_1s/hybrid_shoebox_mit_but_ace_1000ms_full_c1_vm_seed42001/model_updates20000.pt,fa83b4108777231ef557379e8f7478aea1ab63f3e95449382edeaf85442d87fc,0.8935320973396301,-0.022203155794920916,665bebad442cb0ccc03734f54aaa87399e0edb20d82285d35ad0e2f9edc2d25a,False,22.480705277052312,43262,website-only extension,user-authorized project example; no separate dataset license asserted,"One-second model interval; input zero padding beyond valid support is preserved. IEEE float WAV; independent -1 dBFS playback-only gain; no additional filtering, denoising, alignment or inference.",,
room01_A2_r1_event20_inferred,inferred_rir,Medium-size meeting room,A2,,1,runs/e6_phone_raw_cache/raw_v1_seed42001_batch016.npy,4,ad958c002951f7667407255acbbd6b0027a2146b61bb5f64c0dbe0e2da02bd10,audio/inferred_rirs/medium_size_meeting_room/A2_r1.wav,44100,1.0,False,False,all normal protocol events; existing selected_for_demo flag retained,runs/matched_reg_1s/hybrid_shoebox_mit_but_ace_1000ms_full_c1_vm_seed42001/model_updates20000.pt,fa83b4108777231ef557379e8f7478aea1ab63f3e95449382edeaf85442d87fc,0.5207476019859314,4.66745442555634,6b5605f7104f462c81c2c3cc60cc02bd09cb98ec0b21c3bdfa70e32c09bc96d0,False,22.480705277052312,43262,website-only extension,user-authorized project example; no separate dataset license asserted,"One-second model interval; input zero padding beyond valid support is preserved. IEEE float WAV; independent -1 dBFS playback-only gain; no additional filtering, denoising, alignment or inference.",,
room01_A2_r2_event21_recorded,phone_recording,Medium-size meeting room,A2,,2,reports/phone_clap_demo/results/segments/m4a/room01_MediumSizeMeetingRoom_m4a_ev21_A2_r2.wav,,e91da2d638cc9df7dbc44b01b64d31c9887022a0daf35d53891d961528067816,audio/phone_recordings/medium_size_meeting_room/A2_r2.wav,44100,1.0,False,False,all normal protocol events; existing selected_for_demo flag retained,runs/matched_reg_1s/hybrid_shoebox_mit_but_ace_1000ms_full_c1_vm_seed42001/model_updates20000.pt,fa83b4108777231ef557379e8f7478aea1ab63f3e95449382edeaf85442d87fc,0.9282142519950867,-0.352964647643935,a6ae633b3a9caa901afeab2d07bcb96d26ba0fd6217d2df12b3a342a7570391b,False,24.104622459611402,44100,website-only extension,user-authorized project example; no separate dataset license asserted,"One-second model interval; input zero padding beyond valid support is preserved. IEEE float WAV; independent -1 dBFS playback-only gain; no additional filtering, denoising, alignment or inference.",,
room01_A2_r2_event21_inferred,inferred_rir,Medium-size meeting room,A2,,2,runs/e6_phone_raw_cache/raw_v1_seed42001_batch016.npy,5,ad958c002951f7667407255acbbd6b0027a2146b61bb5f64c0dbe0e2da02bd10,audio/inferred_rirs/medium_size_meeting_room/A2_r2.wav,44100,1.0,False,False,all normal protocol events; existing selected_for_demo flag retained,runs/matched_reg_1s/hybrid_shoebox_mit_but_ace_1000ms_full_c1_vm_seed42001/model_updates20000.pt,fa83b4108777231ef557379e8f7478aea1ab63f3e95449382edeaf85442d87fc,0.4562813341617584,5.815345945009566,5a7a93a3d223769362e9aa5b67a1821d820994593bd749d37eb3cf214b62f423,False,24.104622459611402,44100,website-only extension,user-authorized project example; no separate dataset license asserted,"One-second model interval; input zero padding beyond valid support is preserved. IEEE float WAV; independent -1 dBFS playback-only gain; no additional filtering, denoising, alignment or inference.",,
room01_A2_r3_event22_recorded,phone_recording,Medium-size meeting room,A2,,3,reports/phone_clap_demo/results/segments/m4a/room01_MediumSizeMeetingRoom_m4a_ev22_A2_r3.wav,,fd69f357f2647d323123f3c5d6943b58a572781be09e85e71d1cdf0b1e4619dd,audio/phone_recordings/medium_size_meeting_room/A2_r3.wav,44100,1.0,False,False,all normal protocol events; existing selected_for_demo flag retained,runs/matched_reg_1s/hybrid_shoebox_mit_but_ace_1000ms_full_c1_vm_seed42001/model_updates20000.pt,fa83b4108777231ef557379e8f7478aea1ab63f3e95449382edeaf85442d87fc,0.847876787185669,0.43334509008361827,8b2cb54ee0cce432fe218cddc09ec97aa37e6ba893e3908de470808877ab4dc0,False,20.232719230655032,44100,website-only extension,user-authorized project example; no separate dataset license asserted,"One-second model interval; input zero padding beyond valid support is preserved. IEEE float WAV; independent -1 dBFS playback-only gain; no additional filtering, denoising, alignment or inference.",,
room01_A2_r3_event22_inferred,inferred_rir,Medium-size meeting room,A2,,3,runs/e6_phone_raw_cache/raw_v1_seed42001_batch016.npy,6,ad958c002951f7667407255acbbd6b0027a2146b61bb5f64c0dbe0e2da02bd10,audio/inferred_rirs/medium_size_meeting_room/A2_r3.wav,44100,1.0,False,False,all normal protocol events; existing selected_for_demo flag retained,runs/matched_reg_1s/hybrid_shoebox_mit_but_ace_1000ms_full_c1_vm_seed42001/model_updates20000.pt,fa83b4108777231ef557379e8f7478aea1ab63f3e95449382edeaf85442d87fc,0.3487222492694855,8.150406855365175,5b19b7cf88dfd6769ff0bede158ee0e95d74b9616a7f86168922b21c0e8a0d86,False,20.232719230655032,44100,website-only extension,user-authorized project example; no separate dataset license asserted,"One-second model interval; input zero padding beyond valid support is preserved. IEEE float WAV; independent -1 dBFS playback-only gain; no additional filtering, denoising, alignment or inference.",,
room01_A2_r4_event23_recorded,phone_recording,Medium-size meeting room,A2,,4,reports/phone_clap_demo/results/segments/m4a/room01_MediumSizeMeetingRoom_m4a_ev23_A2_r4.wav,,eceafa83dfa1bf7434b3aebff34c51dca35ec11567fff6b3ca0c9c24437f000f,audio/phone_recordings/medium_size_meeting_room/A2_r4.wav,44100,1.0,True,True,"M4A normal protocol claps only, exclude clipped; highest existing pre-clap SNR per room/mode; event-index then filename tie break; all eight modes in protocol order",runs/matched_reg_1s/hybrid_shoebox_mit_but_ace_1000ms_full_c1_vm_seed42001/model_updates20000.pt,fa83b4108777231ef557379e8f7478aea1ab63f3e95449382edeaf85442d87fc,0.9150972366333008,-0.22934487782283047,57df095cc2f9196797e840399d9a6cd1d474ac8bd9b57bf4358498ff6ac2ece2,False,27.898784636486777,44100,paper-linked,user-authorized project example; no separate dataset license asserted,"One-second model interval; input zero padding beyond valid support is preserved. IEEE float WAV; independent -1 dBFS playback-only gain; no additional filtering, denoising, alignment or inference.",,
room01_A2_r4_event23_inferred,inferred_rir,Medium-size meeting room,A2,,4,reports/phone_spectral_review/predictions.npz,4,5e6b726b636e0301ff942c28111a3a4c4335e8ddc1c8afb825f7ca1e7641d96e,audio/inferred_rirs/medium_size_meeting_room/A2_r4.wav,44100,1.0,True,True,"M4A normal protocol claps only, exclude clipped; highest existing pre-clap SNR per room/mode; event-index then filename tie break; all eight modes in protocol order",runs/matched_reg_1s/hybrid_shoebox_mit_but_ace_1000ms_full_c1_vm_seed42001/model_updates20000.pt,fa83b4108777231ef557379e8f7478aea1ab63f3e95449382edeaf85442d87fc,0.40608498454093933,6.827661375014577,ca0e4d5b68a329a607444f31c1861881788990214aaeabf31b96868d594a194a,False,27.898784636486777,44100,paper-linked,user-authorized project example; no separate dataset license asserted,"One-second model interval; input zero padding beyond valid support is preserved. IEEE float WAV; independent -1 dBFS playback-only gain; no additional filtering, denoising, alignment or inference.",,
room01_A2_r5_event24_recorded,phone_recording,Medium-size meeting room,A2,,5,reports/phone_clap_demo/results/segments/m4a/room01_MediumSizeMeetingRoom_m4a_ev24_A2_r5.wav,,f6ecc6f8728b22d0fb3e2dd069d0bbc9f34cd3b2588fe5950d363e108d7ce2e2,audio/phone_recordings/medium_size_meeting_room/A2_r5.wav,44100,1.0,False,False,all normal protocol events; existing selected_for_demo flag retained,runs/matched_reg_1s/hybrid_shoebox_mit_but_ace_1000ms_full_c1_vm_seed42001/model_updates20000.pt,fa83b4108777231ef557379e8f7478aea1ab63f3e95449382edeaf85442d87fc,0.9372918605804443,-0.4374969127999898,ef43eb07ef6bd18b3a1f3a52bd644916c53a7d6a5928de9a74f2a614f6562aa0,False,22.096317944289794,44100,website-only extension,user-authorized project example; no separate dataset license asserted,"One-second model interval; input zero padding beyond valid support is preserved. IEEE float WAV; independent -1 dBFS playback-only gain; no additional filtering, denoising, alignment or inference.",,
room01_A2_r5_event24_inferred,inferred_rir,Medium-size meeting room,A2,,5,runs/e6_phone_raw_cache/raw_v1_seed42001_batch024.npy,0,fdbd048acd29fe701212638d716cbb8748935460499c0ae5bc6f3e77fa16c9a2,audio/inferred_rirs/medium_size_meeting_room/A2_r5.wav,44100,1.0,False,False,all normal protocol events; existing selected_for_demo flag retained,runs/matched_reg_1s/hybrid_shoebox_mit_but_ace_1000ms_full_c1_vm_seed42001/model_updates20000.pt,fa83b4108777231ef557379e8f7478aea1ab63f3e95449382edeaf85442d87fc,0.3320251703262329,8.57657983679661,346e272b8478e40a0bf2518bc389ad3b03b8a1d590b82b01450ad7cb6bfd4662,False,22.096317944289794,44100,website-only extension,user-authorized project example; no separate dataset license asserted,"One-second model interval; input zero padding beyond valid support is preserved. IEEE float WAV; independent -1 dBFS playback-only gain; no additional filtering, denoising, alignment or inference.",,
room01_A3_r1_event25_recorded,phone_recording,Medium-size meeting room,A3,,1,reports/phone_clap_demo/results/segments/m4a/room01_MediumSizeMeetingRoom_m4a_ev25_A3_r1.wav,,889f3d409d2b76b2e2b8287bbd03237acebfa2a8eaec86ae1c6415ba6db7c2fa,audio/phone_recordings/medium_size_meeting_room/A3_r1.wav,44100,1.0,False,False,all normal protocol events; existing selected_for_demo flag retained,runs/matched_reg_1s/hybrid_shoebox_mit_but_ace_1000ms_full_c1_vm_seed42001/model_updates20000.pt,fa83b4108777231ef557379e8f7478aea1ab63f3e95449382edeaf85442d87fc,0.9705539345741272,-0.740393490769607,0287ec0ce1686f3c3952e65d2605a6d437708992778205d038a661071ecb6dd8,False,19.47270787714882,42983,website-only extension,user-authorized project example; no separate dataset license asserted,"One-second model interval; input zero padding beyond valid support is preserved. IEEE float WAV; independent -1 dBFS playback-only gain; no additional filtering, denoising, alignment or inference.",,
room01_A3_r1_event25_inferred,inferred_rir,Medium-size meeting room,A3,,1,runs/e6_phone_raw_cache/raw_v1_seed42001_batch024.npy,1,fdbd048acd29fe701212638d716cbb8748935460499c0ae5bc6f3e77fa16c9a2,audio/inferred_rirs/medium_size_meeting_room/A3_r1.wav,44100,1.0,False,False,all normal protocol events; existing selected_for_demo flag retained,runs/matched_reg_1s/hybrid_shoebox_mit_but_ace_1000ms_full_c1_vm_seed42001/model_updates20000.pt,fa83b4108777231ef557379e8f7478aea1ab63f3e95449382edeaf85442d87fc,0.5771717429161072,3.7738987835877498,f7f432e59f253f585aa2c95174925b202b3e2c3bda1bbed895060914168dd183,False,19.47270787714882,42983,website-only extension,user-authorized project example; no separate dataset license asserted,"One-second model interval; input zero padding beyond valid support is preserved. IEEE float WAV; independent -1 dBFS playback-only gain; no additional filtering, denoising, alignment or inference.",,
room01_A3_r2_event26_recorded,phone_recording,Medium-size meeting room,A3,,2,reports/phone_clap_demo/results/segments/m4a/room01_MediumSizeMeetingRoom_m4a_ev26_A3_r2.wav,,162b2e9b0a7375f7302575284187022359af15ba335ffcdcbde82423a973e1c9,audio/phone_recordings/medium_size_meeting_room/A3_r2.wav,44100,1.0,False,False,all normal protocol events; existing selected_for_demo flag retained,runs/matched_reg_1s/hybrid_shoebox_mit_but_ace_1000ms_full_c1_vm_seed42001/model_updates20000.pt,fa83b4108777231ef557379e8f7478aea1ab63f3e95449382edeaf85442d87fc,0.9065348505973816,-0.1476900932019544,d7c9086c4457466f181e65fd1844c8ed9ed812e0c7d917d1ef260c2b694f7a2c,False,20.980033089882674,44100,website-only extension,user-authorized project example; no separate dataset license asserted,"One-second model interval; input zero padding beyond valid support is preserved. IEEE float WAV; independent -1 dBFS playback-only gain; no additional filtering, denoising, alignment or inference.",,
room01_A3_r2_event26_inferred,inferred_rir,Medium-size meeting room,A3,,2,runs/e6_phone_raw_cache/raw_v1_seed42001_batch024.npy,2,fdbd048acd29fe701212638d716cbb8748935460499c0ae5bc6f3e77fa16c9a2,audio/inferred_rirs/medium_size_meeting_room/A3_r2.wav,44100,1.0,False,False,all normal protocol events; existing selected_for_demo flag retained,runs/matched_reg_1s/hybrid_shoebox_mit_but_ace_1000ms_full_c1_vm_seed42001/model_updates20000.pt,fa83b4108777231ef557379e8f7478aea1ab63f3e95449382edeaf85442d87fc,0.3292171359062195,8.650351352802305,54bab0ca2c7e2e20a76f39fc5471cd6c27370f7283e3f641312bd36fc6f1b25c,False,20.980033089882674,44100,website-only extension,user-authorized project example; no separate dataset license asserted,"One-second model interval; input zero padding beyond valid support is preserved. IEEE float WAV; independent -1 dBFS playback-only gain; no additional filtering, denoising, alignment or inference.",,
room01_A3_r3_event27_recorded,phone_recording,Medium-size meeting room,A3,,3,reports/phone_clap_demo/results/segments/m4a/room01_MediumSizeMeetingRoom_m4a_ev27_A3_r3.wav,,cee9786325b0897fad196bd55df405046ab0f007036dbd7604e44bf0a73176d2,audio/phone_recordings/medium_size_meeting_room/A3_r3.wav,44100,1.0,False,False,all normal protocol events; existing selected_for_demo flag retained,runs/matched_reg_1s/hybrid_shoebox_mit_but_ace_1000ms_full_c1_vm_seed42001/model_updates20000.pt,fa83b4108777231ef557379e8f7478aea1ab63f3e95449382edeaf85442d87fc,0.8957246541976929,-0.04349056064648095,a403d4350a8b33ad5418e11e4bbfbfc67432f6158b23eec8d03d97613fbc6937,False,21.980745573242643,44100,website-only extension,user-authorized project example; no separate dataset license asserted,"One-second model interval; input zero padding beyond valid support is preserved. IEEE float WAV; independent -1 dBFS playback-only gain; no additional filtering, denoising, alignment or inference.",,
room01_A3_r3_event27_inferred,inferred_rir,Medium-size meeting room,A3,,3,runs/e6_phone_raw_cache/raw_v1_seed42001_batch024.npy,3,fdbd048acd29fe701212638d716cbb8748935460499c0ae5bc6f3e77fa16c9a2,audio/inferred_rirs/medium_size_meeting_room/A3_r3.wav,44100,1.0,False,False,all normal protocol events; existing selected_for_demo flag retained,runs/matched_reg_1s/hybrid_shoebox_mit_but_ace_1000ms_full_c1_vm_seed42001/model_updates20000.pt,fa83b4108777231ef557379e8f7478aea1ab63f3e95449382edeaf85442d87fc,0.40015026926994324,6.955537730471746,167913225af13c9e7244f0872ff29ee6acc2850455ff995c5b4b32d52e571167,False,21.980745573242643,44100,website-only extension,user-authorized project example; no separate dataset license asserted,"One-second model interval; input zero padding beyond valid support is preserved. IEEE float WAV; independent -1 dBFS playback-only gain; no additional filtering, denoising, alignment or inference.",,
room01_A3_r4_event28_recorded,phone_recording,Medium-size meeting room,A3,,4,reports/phone_clap_demo/results/segments/m4a/room01_MediumSizeMeetingRoom_m4a_ev28_A3_r4.wav,,7ee9114c7cc89a430ce842ccdc00307975246b7b4ea823b5bc2a37c8b5668b91,audio/phone_recordings/medium_size_meeting_room/A3_r4.wav,44100,1.0,False,False,all normal protocol events; existing selected_for_demo flag retained,runs/matched_reg_1s/hybrid_shoebox_mit_but_ace_1000ms_full_c1_vm_seed42001/model_updates20000.pt,fa83b4108777231ef557379e8f7478aea1ab63f3e95449382edeaf85442d87fc,0.9495135545730591,-0.5500233758634004,55d8ee48131101f0b91336181ec68ba66738a9544c644ab0e3d86685685f9ead,False,23.006907568096523,44100,website-only extension,user-authorized project example; no separate dataset license asserted,"One-second model interval; input zero padding beyond valid support is preserved. IEEE float WAV; independent -1 dBFS playback-only gain; no additional filtering, denoising, alignment or inference.",,
room01_A3_r4_event28_inferred,inferred_rir,Medium-size meeting room,A3,,4,runs/e6_phone_raw_cache/raw_v1_seed42001_batch024.npy,4,fdbd048acd29fe701212638d716cbb8748935460499c0ae5bc6f3e77fa16c9a2,audio/inferred_rirs/medium_size_meeting_room/A3_r4.wav,44100,1.0,False,False,all normal protocol events; existing selected_for_demo flag retained,runs/matched_reg_1s/hybrid_shoebox_mit_but_ace_1000ms_full_c1_vm_seed42001/model_updates20000.pt,fa83b4108777231ef557379e8f7478aea1ab63f3e95449382edeaf85442d87fc,0.4922855794429779,5.155657717210644,af5e4b5cd065c966728d0fa31a6a446bb89cce9d4443777733e0e1bf7c36c96f,False,23.006907568096523,44100,website-only extension,user-authorized project example; no separate dataset license asserted,"One-second model interval; input zero padding beyond valid support is preserved. IEEE float WAV; independent -1 dBFS playback-only gain; no additional filtering, denoising, alignment or inference.",,
room01_A3_r5_event29_recorded,phone_recording,Medium-size meeting room,A3,,5,reports/phone_clap_demo/results/segments/m4a/room01_MediumSizeMeetingRoom_m4a_ev29_A3_r5.wav,,e37a4bf8a421a68d933c78369a9f0c8fa4b9f5313e4524eccc356780df0eb8c8,audio/phone_recordings/medium_size_meeting_room/A3_r5.wav,44100,1.0,True,True,"M4A normal protocol claps only, exclude clipped; highest existing pre-clap SNR per room/mode; event-index then filename tie break; all eight modes in protocol order",runs/matched_reg_1s/hybrid_shoebox_mit_but_ace_1000ms_full_c1_vm_seed42001/model_updates20000.pt,fa83b4108777231ef557379e8f7478aea1ab63f3e95449382edeaf85442d87fc,0.9396073222160339,-0.45892785018348375,9e2054beb88d791a3efa62606e51ebce322c5c4c14ffbd935897f3bdbfb4f585,False,24.523874208652682,44100,paper-linked,user-authorized project example; no separate dataset license asserted,"One-second model interval; input zero padding beyond valid support is preserved. IEEE float WAV; independent -1 dBFS playback-only gain; no additional filtering, denoising, alignment or inference.",,
room01_A3_r5_event29_inferred,inferred_rir,Medium-size meeting room,A3,,5,reports/phone_spectral_review/predictions.npz,5,5e6b726b636e0301ff942c28111a3a4c4335e8ddc1c8afb825f7ca1e7641d96e,audio/inferred_rirs/medium_size_meeting_room/A3_r5.wav,44100,1.0,True,True,"M4A normal protocol claps only, exclude clipped; highest existing pre-clap SNR per room/mode; event-index then filename tie break; all eight modes in protocol order",runs/matched_reg_1s/hybrid_shoebox_mit_but_ace_1000ms_full_c1_vm_seed42001/model_updates20000.pt,fa83b4108777231ef557379e8f7478aea1ab63f3e95449382edeaf85442d87fc,0.43330514430999756,6.264123097587006,32ad9c298584347e50f3a12c1f9075298339d746a24a0a2ede234aaaa28fafd5,False,24.523874208652682,44100,paper-linked,user-authorized project example; no separate dataset license asserted,"One-second model interval; input zero padding beyond valid support is preserved. IEEE float WAV; independent -1 dBFS playback-only gain; no additional filtering, denoising, alignment or inference.",,
room01_A1minus_r1_event30_recorded,phone_recording,Medium-size meeting room,A1-,,1,reports/phone_clap_demo/results/segments/m4a/room01_MediumSizeMeetingRoom_m4a_ev30_A1m_r1.wav,,c748ea17dce5d233f5cbf2ac1387b79e3ac30520d599ac8e69c8274f161697eb,audio/phone_recordings/medium_size_meeting_room/A1minus_r1.wav,44100,1.0,False,False,all normal protocol events; existing selected_for_demo flag retained,runs/matched_reg_1s/hybrid_shoebox_mit_but_ace_1000ms_full_c1_vm_seed42001/model_updates20000.pt,fa83b4108777231ef557379e8f7478aea1ab63f3e95449382edeaf85442d87fc,0.8745248913764954,0.16455649595049243,6b4601024cc504ea409778bf811b8e32ba048a4ed188bae6384e8d4a0c498409,False,25.656908651956194,44100,website-only extension,user-authorized project example; no separate dataset license asserted,"One-second model interval; input zero padding beyond valid support is preserved. IEEE float WAV; independent -1 dBFS playback-only gain; no additional filtering, denoising, alignment or inference.",,
room01_A1minus_r1_event30_inferred,inferred_rir,Medium-size meeting room,A1-,,1,runs/e6_phone_raw_cache/raw_v1_seed42001_batch024.npy,6,fdbd048acd29fe701212638d716cbb8748935460499c0ae5bc6f3e77fa16c9a2,audio/inferred_rirs/medium_size_meeting_room/A1minus_r1.wav,44100,1.0,False,False,all normal protocol events; existing selected_for_demo flag retained,runs/matched_reg_1s/hybrid_shoebox_mit_but_ace_1000ms_full_c1_vm_seed42001/model_updates20000.pt,fa83b4108777231ef557379e8f7478aea1ab63f3e95449382edeaf85442d87fc,0.614835262298584,3.2248246522509283,ea6c45960250778373f624628499508c4f6e02550d7e2f53c4d527ddd2f1f6ca,False,25.656908651956194,44100,website-only extension,user-authorized project example; no separate dataset license asserted,"One-second model interval; input zero padding beyond valid support is preserved. IEEE float WAV; independent -1 dBFS playback-only gain; no additional filtering, denoising, alignment or inference.",,
room01_A1minus_r2_event31_recorded,phone_recording,Medium-size meeting room,A1-,,2,reports/phone_clap_demo/results/segments/m4a/room01_MediumSizeMeetingRoom_m4a_ev31_A1m_r2.wav,,b73db3256d4195f89c42678b8ec694048d1a74d97df8d32f31b0d8e339d56303,audio/phone_recordings/medium_size_meeting_room/A1minus_r2.wav,44100,1.0,False,False,all normal protocol events; existing selected_for_demo flag retained,runs/matched_reg_1s/hybrid_shoebox_mit_but_ace_1000ms_full_c1_vm_seed42001/model_updates20000.pt,fa83b4108777231ef557379e8f7478aea1ab63f3e95449382edeaf85442d87fc,0.8953347206115723,-0.03970853064081446,880b591c41a87b34af54cb2d6742118a43c743cfb55c10aad6957275063a6d7e,False,24.436279064498002,43277,website-only extension,user-authorized project example; no separate dataset license asserted,"One-second model interval; input zero padding beyond valid support is preserved. IEEE float WAV; independent -1 dBFS playback-only gain; no additional filtering, denoising, alignment or inference.",,
room01_A1minus_r2_event31_inferred,inferred_rir,Medium-size meeting room,A1-,,2,runs/e6_phone_raw_cache/raw_v1_seed42001_batch024.npy,7,fdbd048acd29fe701212638d716cbb8748935460499c0ae5bc6f3e77fa16c9a2,audio/inferred_rirs/medium_size_meeting_room/A1minus_r2.wav,44100,1.0,False,False,all normal protocol events; existing selected_for_demo flag retained,runs/matched_reg_1s/hybrid_shoebox_mit_but_ace_1000ms_full_c1_vm_seed42001/model_updates20000.pt,fa83b4108777231ef557379e8f7478aea1ab63f3e95449382edeaf85442d87fc,0.49501991271972656,5.107546614849544,5796708221ff496bd49d09af2c41ec0410b28fca5ef4c1ef117762c372c58950,False,24.436279064498002,43277,website-only extension,user-authorized project example; no separate dataset license asserted,"One-second model interval; input zero padding beyond valid support is preserved. IEEE float WAV; independent -1 dBFS playback-only gain; no additional filtering, denoising, alignment or inference.",,
room01_A1minus_r3_event32_recorded,phone_recording,Medium-size meeting room,A1-,,3,reports/phone_clap_demo/results/segments/m4a/room01_MediumSizeMeetingRoom_m4a_ev32_A1m_r3.wav,,2026d204fb79fdcbd1052e6f248a6e3cfa1915b17f67596d632a8ef5abf767b2,audio/phone_recordings/medium_size_meeting_room/A1minus_r3.wav,44100,1.0,False,False,all normal protocol events; existing selected_for_demo flag retained,runs/matched_reg_1s/hybrid_shoebox_mit_but_ace_1000ms_full_c1_vm_seed42001/model_updates20000.pt,fa83b4108777231ef557379e8f7478aea1ab63f3e95449382edeaf85442d87fc,0.9142385125160217,-0.2211902419517981,9e4ba78d7b800daa8a8630132089055ebda32a191b6769a602fffdafaaa7c33e,False,29.37000375321158,43399,website-only extension,user-authorized project example; no separate dataset license asserted,"One-second model interval; input zero padding beyond valid support is preserved. IEEE float WAV; independent -1 dBFS playback-only gain; no additional filtering, denoising, alignment or inference.",,
room01_A1minus_r3_event32_inferred,inferred_rir,Medium-size meeting room,A1-,,3,runs/e6_phone_raw_cache/raw_v1_seed42001_batch032.npy,0,d4960acea780b67fae903d9ee8f18e8e42d4f4aeb40860613c45d12a3cba955a,audio/inferred_rirs/medium_size_meeting_room/A1minus_r3.wav,44100,1.0,False,False,all normal protocol events; existing selected_for_demo flag retained,runs/matched_reg_1s/hybrid_shoebox_mit_but_ace_1000ms_full_c1_vm_seed42001/model_updates20000.pt,fa83b4108777231ef557379e8f7478aea1ab63f3e95449382edeaf85442d87fc,0.48661521077156067,5.256286397585811,dccab0104c48c979afd6ed52848d7f67730006c2c2c2b2304ed41a59d9aa57b1,False,29.37000375321158,43399,website-only extension,user-authorized project example; no separate dataset license asserted,"One-second model interval; input zero padding beyond valid support is preserved. IEEE float WAV; independent -1 dBFS playback-only gain; no additional filtering, denoising, alignment or inference.",,
room01_A1minus_r4_event33_recorded,phone_recording,Medium-size meeting room,A1-,,4,reports/phone_clap_demo/results/segments/m4a/room01_MediumSizeMeetingRoom_m4a_ev33_A1m_r4.wav,,23b3be6a56744908520935a6149c958f4f3fcca1f110ca7156b9ad693809ff4f,audio/phone_recordings/medium_size_meeting_room/A1minus_r4.wav,44100,1.0,True,True,"M4A normal protocol claps only, exclude clipped; highest existing pre-clap SNR per room/mode; event-index then filename tie break; all eight modes in protocol order",runs/matched_reg_1s/hybrid_shoebox_mit_but_ace_1000ms_full_c1_vm_seed42001/model_updates20000.pt,fa83b4108777231ef557379e8f7478aea1ab63f3e95449382edeaf85442d87fc,0.949618935585022,-0.5509873189748368,f2885da1f9d64a6e17f8a2cc4d9f73a1900888b0b20b261abcce1427ca6738bd,False,30.063475954699076,43691,paper-linked,user-authorized project example; no separate dataset license asserted,"One-second model interval; input zero padding beyond valid support is preserved. IEEE float WAV; independent -1 dBFS playback-only gain; no additional filtering, denoising, alignment or inference.",,
room01_A1minus_r4_event33_inferred,inferred_rir,Medium-size meeting room,A1-,,4,reports/phone_spectral_review/predictions.npz,6,5e6b726b636e0301ff942c28111a3a4c4335e8ddc1c8afb825f7ca1e7641d96e,audio/inferred_rirs/medium_size_meeting_room/A1minus_r4.wav,44100,1.0,True,True,"M4A normal protocol claps only, exclude clipped; highest existing pre-clap SNR per room/mode; event-index then filename tie break; all eight modes in protocol order",runs/matched_reg_1s/hybrid_shoebox_mit_but_ace_1000ms_full_c1_vm_seed42001/model_updates20000.pt,fa83b4108777231ef557379e8f7478aea1ab63f3e95449382edeaf85442d87fc,0.4457020163536072,6.019108023267976,5d9f54d1319a40d31ee4f2d4f8f336654a7a461814d1472f7067715354d06710,False,30.063475954699076,43691,paper-linked,user-authorized project example; no separate dataset license asserted,"One-second model interval; input zero padding beyond valid support is preserved. IEEE float WAV; independent -1 dBFS playback-only gain; no additional filtering, denoising, alignment or inference.",,
room01_A1minus_r5_event34_recorded,phone_recording,Medium-size meeting room,A1-,,5,reports/phone_clap_demo/results/segments/m4a/room01_MediumSizeMeetingRoom_m4a_ev34_A1m_r5.wav,,377525e40d3d2b5ed74de1648c8c924cb93ac51d1ee9f5059bc4b2dc671fef1a,audio/phone_recordings/medium_size_meeting_room/A1minus_r5.wav,44100,1.0,False,False,all normal protocol events; existing selected_for_demo flag retained,runs/matched_reg_1s/hybrid_shoebox_mit_but_ace_1000ms_full_c1_vm_seed42001/model_updates20000.pt,fa83b4108777231ef557379e8f7478aea1ab63f3e95449382edeaf85442d87fc,0.9324812293052673,-0.39280196583557314,28de181a75a9ea75a4b526213f4e1f20fbbbf56dc0722b1f9c9efa037ed6bd9b,False,29.729101748375793,44100,website-only extension,user-authorized project example; no separate dataset license asserted,"One-second model interval; input zero padding beyond valid support is preserved. IEEE float WAV; independent -1 dBFS playback-only gain; no additional filtering, denoising, alignment or inference.",,
room01_A1minus_r5_event34_inferred,inferred_rir,Medium-size meeting room,A1-,,5,runs/e6_phone_raw_cache/raw_v1_seed42001_batch032.npy,2,d4960acea780b67fae903d9ee8f18e8e42d4f4aeb40860613c45d12a3cba955a,audio/inferred_rirs/medium_size_meeting_room/A1minus_r5.wav,44100,1.0,False,False,all normal protocol events; existing selected_for_demo flag retained,runs/matched_reg_1s/hybrid_shoebox_mit_but_ace_1000ms_full_c1_vm_seed42001/model_updates20000.pt,fa83b4108777231ef557379e8f7478aea1ab63f3e95449382edeaf85442d87fc,0.6468474268913269,2.7839629020262935,5a9ec0852a6e81c3b6c40210da4d339ab38abba6201beb61267de304546242c2,False,29.729101748375793,44100,website-only extension,user-authorized project example; no separate dataset license asserted,"One-second model interval; input zero padding beyond valid support is preserved. IEEE float WAV; independent -1 dBFS playback-only gain; no additional filtering, denoising, alignment or inference.",,
room01_A1plus_r1_event36_recorded,phone_recording,Medium-size meeting room,A1+,,1,reports/phone_clap_demo/results/segments/m4a/room01_MediumSizeMeetingRoom_m4a_ev36_A1p_r1.wav,,e78fd308a6cf0f67e98f0edc00eda0ea0216aace9794ae20cb8ea80c21600275,audio/phone_recordings/medium_size_meeting_room/A1plus_r1.wav,44100,1.0,False,False,all normal protocol events; existing selected_for_demo flag retained,runs/matched_reg_1s/hybrid_shoebox_mit_but_ace_1000ms_full_c1_vm_seed42001/model_updates20000.pt,fa83b4108777231ef557379e8f7478aea1ab63f3e95449382edeaf85442d87fc,0.9294785261154175,-0.36478721303928796,bfbe8feba0c182496faa0edd18bbf93ffcd55e48322e843f97edd07293f619d9,False,25.924043273335904,40686,website-only extension,user-authorized project example; no separate dataset license asserted,"One-second model interval; input zero padding beyond valid support is preserved. IEEE float WAV; independent -1 dBFS playback-only gain; no additional filtering, denoising, alignment or inference.",,
room01_A1plus_r1_event36_inferred,inferred_rir,Medium-size meeting room,A1+,,1,runs/e6_phone_raw_cache/raw_v1_seed42001_batch032.npy,3,d4960acea780b67fae903d9ee8f18e8e42d4f4aeb40860613c45d12a3cba955a,audio/inferred_rirs/medium_size_meeting_room/A1plus_r1.wav,44100,1.0,False,False,all normal protocol events; existing selected_for_demo flag retained,runs/matched_reg_1s/hybrid_shoebox_mit_but_ace_1000ms_full_c1_vm_seed42001/model_updates20000.pt,fa83b4108777231ef557379e8f7478aea1ab63f3e95449382edeaf85442d87fc,0.6422736048698425,2.8455985111401425,1accee8ba72555b984ec82d063e48227db9af25614eba4f0ec2deb7de66b2859,False,25.924043273335904,40686,website-only extension,user-authorized project example; no separate dataset license asserted,"One-second model interval; input zero padding beyond valid support is preserved. IEEE float WAV; independent -1 dBFS playback-only gain; no additional filtering, denoising, alignment or inference.",,
room01_A1plus_r2_event37_recorded,phone_recording,Medium-size meeting room,A1+,,2,reports/phone_clap_demo/results/segments/m4a/room01_MediumSizeMeetingRoom_m4a_ev37_A1p_r2.wav,,7a049f940e64675cead3b4f4d7dceb031ec4136c77abeacbb6dd8a3d4de77523,audio/phone_recordings/medium_size_meeting_room/A1plus_r2.wav,44100,1.0,True,True,"M4A normal protocol claps only, exclude clipped; highest existing pre-clap SNR per room/mode; event-index then filename tie break; all eight modes in protocol order",runs/matched_reg_1s/hybrid_shoebox_mit_but_ace_1000ms_full_c1_vm_seed42001/model_updates20000.pt,fa83b4108777231ef557379e8f7478aea1ab63f3e95449382edeaf85442d87fc,0.9094281792640686,-0.17536813987758956,01845849c60276c1a17ccc94b957f420b35f214886804da15387a6119fad8e82,False,29.345120662183433,42228,paper-linked,user-authorized project example; no separate dataset license asserted,"One-second model interval; input zero padding beyond valid support is preserved. IEEE float WAV; independent -1 dBFS playback-only gain; no additional filtering, denoising, alignment or inference.",,
room01_A1plus_r2_event37_inferred,inferred_rir,Medium-size meeting room,A1+,,2,reports/phone_spectral_review/predictions.npz,7,5e6b726b636e0301ff942c28111a3a4c4335e8ddc1c8afb825f7ca1e7641d96e,audio/inferred_rirs/medium_size_meeting_room/A1plus_r2.wav,44100,1.0,True,True,"M4A normal protocol claps only, exclude clipped; highest existing pre-clap SNR per room/mode; event-index then filename tie break; all eight modes in protocol order",runs/matched_reg_1s/hybrid_shoebox_mit_but_ace_1000ms_full_c1_vm_seed42001/model_updates20000.pt,fa83b4108777231ef557379e8f7478aea1ab63f3e95449382edeaf85442d87fc,0.3903456926345825,7.171012172039592,a52a7a50ce443a135f05be3ee07bf0b123c69a9cbef62640ad06ac13ea514d66,False,29.345120662183433,42228,paper-linked,user-authorized project example; no separate dataset license asserted,"One-second model interval; input zero padding beyond valid support is preserved. IEEE float WAV; independent -1 dBFS playback-only gain; no additional filtering, denoising, alignment or inference.",,
room01_A1plus_r3_event38_recorded,phone_recording,Medium-size meeting room,A1+,,3,reports/phone_clap_demo/results/segments/m4a/room01_MediumSizeMeetingRoom_m4a_ev38_A1p_r3.wav,,9d49307f15fe1a9dd6c473fe383ce1b00ad01cb33b36d5f121645e1bbd8342dd,audio/phone_recordings/medium_size_meeting_room/A1plus_r3.wav,44100,1.0,False,False,all normal protocol events; existing selected_for_demo flag retained,runs/matched_reg_1s/hybrid_shoebox_mit_but_ace_1000ms_full_c1_vm_seed42001/model_updates20000.pt,fa83b4108777231ef557379e8f7478aea1ab63f3e95449382edeaf85442d87fc,0.9603000283241272,-0.6481388334669179,81d3734a231fca89544c0c3d46c950a27c7a2478e9492893dfb3d2eaaafc5dbc,False,27.708584410312117,42913,website-only extension,user-authorized project example; no separate dataset license asserted,"One-second model interval; input zero padding beyond valid support is preserved. IEEE float WAV; independent -1 dBFS playback-only gain; no additional filtering, denoising, alignment or inference.",,
room01_A1plus_r3_event38_inferred,inferred_rir,Medium-size meeting room,A1+,,3,runs/e6_phone_raw_cache/raw_v1_seed42001_batch032.npy,5,d4960acea780b67fae903d9ee8f18e8e42d4f4aeb40860613c45d12a3cba955a,audio/inferred_rirs/medium_size_meeting_room/A1plus_r3.wav,44100,1.0,False,False,all normal protocol events; existing selected_for_demo flag retained,runs/matched_reg_1s/hybrid_shoebox_mit_but_ace_1000ms_full_c1_vm_seed42001/model_updates20000.pt,fa83b4108777231ef557379e8f7478aea1ab63f3e95449382edeaf85442d87fc,0.43924158811569214,6.145930937913155,f81b8301b88d2be289ea3d7d31dc97f9124a52e377e54e03b7df6c5b1d334d84,False,27.708584410312117,42913,website-only extension,user-authorized project example; no separate dataset license asserted,"One-second model interval; input zero padding beyond valid support is preserved. IEEE float WAV; independent -1 dBFS playback-only gain; no additional filtering, denoising, alignment or inference.",,
room01_A1plus_r4_event39_recorded,phone_recording,Medium-size meeting room,A1+,,4,reports/phone_clap_demo/results/segments/m4a/room01_MediumSizeMeetingRoom_m4a_ev39_A1p_r4.wav,,3d3f446c1258aae34ddb2bb31802187d2a8bcefbf49c33ea26d26dac036c5d5c,audio/phone_recordings/medium_size_meeting_room/A1plus_r4.wav,44100,1.0,False,False,all normal protocol events; existing selected_for_demo flag retained,runs/matched_reg_1s/hybrid_shoebox_mit_but_ace_1000ms_full_c1_vm_seed42001/model_updates20000.pt,fa83b4108777231ef557379e8f7478aea1ab63f3e95449382edeaf85442d87fc,0.9311756491661072,-0.38063220756245686,1f099112a30c186234f43bda9bd39b8ed545a900f532e1bb3a66e184dc4792d3,False,28.442874186787893,42416,website-only extension,user-authorized project example; no separate dataset license asserted,"One-second model interval; input zero padding beyond valid support is preserved. IEEE float WAV; independent -1 dBFS playback-only gain; no additional filtering, denoising, alignment or inference.",,
room01_A1plus_r4_event39_inferred,inferred_rir,Medium-size meeting room,A1+,,4,runs/e6_phone_raw_cache/raw_v1_seed42001_batch032.npy,6,d4960acea780b67fae903d9ee8f18e8e42d4f4aeb40860613c45d12a3cba955a,audio/inferred_rirs/medium_size_meeting_room/A1plus_r4.wav,44100,1.0,False,False,all normal protocol events; existing selected_for_demo flag retained,runs/matched_reg_1s/hybrid_shoebox_mit_but_ace_1000ms_full_c1_vm_seed42001/model_updates20000.pt,fa83b4108777231ef557379e8f7478aea1ab63f3e95449382edeaf85442d87fc,0.4552097022533417,5.835769800880808,d9f4e34c8cc071a67ec07584dba25a4a3e7b30078add1a7edff6afef01bb4c76,False,28.442874186787893,42416,website-only extension,user-authorized project example; no separate dataset license asserted,"One-second model interval; input zero padding beyond valid support is preserved. IEEE float WAV; independent -1 dBFS playback-only gain; no additional filtering, denoising, alignment or inference.",,
room01_A1plus_r5_event41_recorded,phone_recording,Medium-size meeting room,A1+,,5,reports/phone_clap_demo/results/segments/m4a/room01_MediumSizeMeetingRoom_m4a_ev41_A1p_r5.wav,,35ed93e67cc0c6d5965437cd83ee1536c6ced053cf196f933a898ba43ff7c842,audio/phone_recordings/medium_size_meeting_room/A1plus_r5.wav,44100,1.0,False,False,all normal protocol events; existing selected_for_demo flag retained,runs/matched_reg_1s/hybrid_shoebox_mit_but_ace_1000ms_full_c1_vm_seed42001/model_updates20000.pt,fa83b4108777231ef557379e8f7478aea1ab63f3e95449382edeaf85442d87fc,0.9573270678520203,-0.6212067700858551,c617a829f156a314cdd30427ead2800e54cd2554c8f63bd66da39867c349f162,False,25.814204536707607,44100,website-only extension,user-authorized project example; no separate dataset license asserted,"One-second model interval; input zero padding beyond valid support is preserved. IEEE float WAV; independent -1 dBFS playback-only gain; no additional filtering, denoising, alignment or inference.",,
room01_A1plus_r5_event41_inferred,inferred_rir,Medium-size meeting room,A1+,,5,runs/e6_phone_raw_cache/raw_v1_seed42001_batch032.npy,7,d4960acea780b67fae903d9ee8f18e8e42d4f4aeb40860613c45d12a3cba955a,audio/inferred_rirs/medium_size_meeting_room/A1plus_r5.wav,44100,1.0,False,False,all normal protocol events; existing selected_for_demo flag retained,runs/matched_reg_1s/hybrid_shoebox_mit_but_ace_1000ms_full_c1_vm_seed42001/model_updates20000.pt,fa83b4108777231ef557379e8f7478aea1ab63f3e95449382edeaf85442d87fc,0.9308448433876038,-0.37754594452138257,f2363dcebcd9d140938825428069830efabbd1e0be6be63a847798665d8e3bb4,False,25.814204536707607,44100,website-only extension,user-authorized project example; no separate dataset license asserted,"One-second model interval; input zero padding beyond valid support is preserved. IEEE float WAV; independent -1 dBFS playback-only gain; no additional filtering, denoising, alignment or inference.",,
room02_P1_r1_event00_recorded,phone_recording,Highly reverberant hallway,P1,,1,reports/phone_clap_demo/results/segments/m4a/room02_AcousticsHallway_m4a_ev00_P1_r1.wav,,ab70574643007a825ea959729dc3809af03ce801086df58a6a26bca19f0e7023,audio/phone_recordings/highly_reverberant_hallway/P1_r1.wav,44100,1.0,False,False,all normal protocol events; existing selected_for_demo flag retained,runs/matched_reg_1s/hybrid_shoebox_mit_but_ace_1000ms_full_c1_vm_seed42001/model_updates20000.pt,fa83b4108777231ef557379e8f7478aea1ab63f3e95449382edeaf85442d87fc,0.8330549001693726,0.5865275335701625,103cdd18590cd70a055d461e12f21be6e5ae523acac9d8f2182c69b772c9f868,False,28.964373971796995,44100,website-only extension,user-authorized project example; no separate dataset license asserted,"One-second model interval; input zero padding beyond valid support is preserved. IEEE float WAV; independent -1 dBFS playback-only gain; no additional filtering, denoising, alignment or inference.",,
room02_P1_r1_event00_inferred,inferred_rir,Highly reverberant hallway,P1,,1,runs/e6_phone_raw_cache/raw_v1_seed42001_batch040.npy,0,d913431eea9630c440d1b5bce5bb4b4fe317cfc9896afbf47f88c976439a1fbd,audio/inferred_rirs/highly_reverberant_hallway/P1_r1.wav,44100,1.0,False,False,all normal protocol events; existing selected_for_demo flag retained,runs/matched_reg_1s/hybrid_shoebox_mit_but_ace_1000ms_full_c1_vm_seed42001/model_updates20000.pt,fa83b4108777231ef557379e8f7478aea1ab63f3e95449382edeaf85442d87fc,0.4765256941318512,5.438273547151726,fa104166916258bcf7c12656f001d212ced1d92b26a051fa881f9de905f1131c,False,28.964373971796995,44100,website-only extension,user-authorized project example; no separate dataset license asserted,"One-second model interval; input zero padding beyond valid support is preserved. IEEE float WAV; independent -1 dBFS playback-only gain; no additional filtering, denoising, alignment or inference.",,
room02_P1_r2_event01_recorded,phone_recording,Highly reverberant hallway,P1,,2,reports/phone_clap_demo/results/segments/m4a/room02_AcousticsHallway_m4a_ev01_P1_r2.wav,,76193bc38a08dd7ac160db1a1546c3e34a5b59f58c8a0c707de18b3de34706c0,audio/phone_recordings/highly_reverberant_hallway/P1_r2.wav,44100,1.0,False,False,all normal protocol events; existing selected_for_demo flag retained,runs/matched_reg_1s/hybrid_shoebox_mit_but_ace_1000ms_full_c1_vm_seed42001/model_updates20000.pt,fa83b4108777231ef557379e8f7478aea1ab63f3e95449382edeaf85442d87fc,0.8345736265182495,0.570706872202673,f3de6764dfa89654f5e900523ab5480dc139021a6d6c7acfdddd6f7eafffd0ed,False,30.215988014340667,44100,website-only extension,user-authorized project example; no separate dataset license asserted,"One-second model interval; input zero padding beyond valid support is preserved. IEEE float WAV; independent -1 dBFS playback-only gain; no additional filtering, denoising, alignment or inference.",,
room02_P1_r2_event01_inferred,inferred_rir,Highly reverberant hallway,P1,,2,runs/e6_phone_raw_cache/raw_v1_seed42001_batch040.npy,1,d913431eea9630c440d1b5bce5bb4b4fe317cfc9896afbf47f88c976439a1fbd,audio/inferred_rirs/highly_reverberant_hallway/P1_r2.wav,44100,1.0,False,False,all normal protocol events; existing selected_for_demo flag retained,runs/matched_reg_1s/hybrid_shoebox_mit_but_ace_1000ms_full_c1_vm_seed42001/model_updates20000.pt,fa83b4108777231ef557379e8f7478aea1ab63f3e95449382edeaf85442d87fc,0.4544331431388855,5.850600035490744,a639991f2eb072823e57035c96d2a4e419513a423af6da5379bce8800c96c603,False,30.215988014340667,44100,website-only extension,user-authorized project example; no separate dataset license asserted,"One-second model interval; input zero padding beyond valid support is preserved. IEEE float WAV; independent -1 dBFS playback-only gain; no additional filtering, denoising, alignment or inference.",,
room02_P1_r3_event02_recorded,phone_recording,Highly reverberant hallway,P1,,3,reports/phone_clap_demo/results/segments/m4a/room02_AcousticsHallway_m4a_ev02_P1_r3.wav,,efe98445741859c77ab45b5b034b751128891a54cad19e92dcf832299dc78635,audio/phone_recordings/highly_reverberant_hallway/P1_r3.wav,44100,1.0,True,True,"M4A normal protocol claps only, exclude clipped; highest existing pre-clap SNR per room/mode; event-index then filename tie break; all eight modes in protocol order",runs/matched_reg_1s/hybrid_shoebox_mit_but_ace_1000ms_full_c1_vm_seed42001/model_updates20000.pt,fa83b4108777231ef557379e8f7478aea1ab63f3e95449382edeaf85442d87fc,0.8762286305427551,0.1476512093337699,0594c916b547f59870dc6d375b59dc4763e1286b02bf4e02ca438caa4af19105,False,30.873113404477696,44100,paper-linked,user-authorized project example; no separate dataset license asserted,"One-second model interval; input zero padding beyond valid support is preserved. IEEE float WAV; independent -1 dBFS playback-only gain; no additional filtering, denoising, alignment or inference.",,
room02_P1_r3_event02_inferred,inferred_rir,Highly reverberant hallway,P1,,3,reports/phone_spectral_review/predictions.npz,8,5e6b726b636e0301ff942c28111a3a4c4335e8ddc1c8afb825f7ca1e7641d96e,audio/inferred_rirs/highly_reverberant_hallway/P1_r3.wav,44100,1.0,True,True,"M4A normal protocol claps only, exclude clipped; highest existing pre-clap SNR per room/mode; event-index then filename tie break; all eight modes in protocol order",runs/matched_reg_1s/hybrid_shoebox_mit_but_ace_1000ms_full_c1_vm_seed42001/model_updates20000.pt,fa83b4108777231ef557379e8f7478aea1ab63f3e95449382edeaf85442d87fc,0.4271751940250397,6.387879492756349,08a19542a3b32b695535ef8fbf1d1d0843359a2705b1f6b8defdb21063beed41,False,30.873113404477696,44100,paper-linked,user-authorized project example; no separate dataset license asserted,"One-second model interval; input zero padding beyond valid support is preserved. IEEE float WAV; independent -1 dBFS playback-only gain; no additional filtering, denoising, alignment or inference.",,
room02_P1_r4_event03_recorded,phone_recording,Highly reverberant hallway,P1,,4,reports/phone_clap_demo/results/segments/m4a/room02_AcousticsHallway_m4a_ev03_P1_r4.wav,,59cad22ec174f7cc68c2dfc36946335bdd70ffab8ee3e2f0096a2e47674d367c,audio/phone_recordings/highly_reverberant_hallway/P1_r4.wav,44100,1.0,False,False,all normal protocol events; existing selected_for_demo flag retained,runs/matched_reg_1s/hybrid_shoebox_mit_but_ace_1000ms_full_c1_vm_seed42001/model_updates20000.pt,fa83b4108777231ef557379e8f7478aea1ab63f3e95449382edeaf85442d87fc,0.9426962733268738,-0.4874358045801211,cb5629e4d4f23c5e821b2a423f9193aa4c99f647ccaa4045025254034c37d58a,False,29.984425378240367,44100,website-only extension,user-authorized project example; no separate dataset license asserted,"One-second model interval; input zero padding beyond valid support is preserved. IEEE float WAV; independent -1 dBFS playback-only gain; no additional filtering, denoising, alignment or inference.",,
room02_P1_r4_event03_inferred,inferred_rir,Highly reverberant hallway,P1,,4,runs/e6_phone_raw_cache/raw_v1_seed42001_batch040.npy,3,d913431eea9630c440d1b5bce5bb4b4fe317cfc9896afbf47f88c976439a1fbd,audio/inferred_rirs/highly_reverberant_hallway/P1_r4.wav,44100,1.0,False,False,all normal protocol events; existing selected_for_demo flag retained,runs/matched_reg_1s/hybrid_shoebox_mit_but_ace_1000ms_full_c1_vm_seed42001/model_updates20000.pt,fa83b4108777231ef557379e8f7478aea1ab63f3e95449382edeaf85442d87fc,0.3946683406829834,7.075354204703856,54235209909be62e6961ee586f92c23c2027bc1fca16657db347b0a26cb64755,False,29.984425378240367,44100,website-only extension,user-authorized project example; no separate dataset license asserted,"One-second model interval; input zero padding beyond valid support is preserved. IEEE float WAV; independent -1 dBFS playback-only gain; no additional filtering, denoising, alignment or inference.",,
room02_P1_r5_event04_recorded,phone_recording,Highly reverberant hallway,P1,,5,reports/phone_clap_demo/results/segments/m4a/room02_AcousticsHallway_m4a_ev04_P1_r5.wav,,5adaca3cd8c4a4da52ba8eaa4123b8467c255a9d1beba8106fd6cd5937f28e41,audio/phone_recordings/highly_reverberant_hallway/P1_r5.wav,44100,1.0,False,False,all normal protocol events; existing selected_for_demo flag retained,runs/matched_reg_1s/hybrid_shoebox_mit_but_ace_1000ms_full_c1_vm_seed42001/model_updates20000.pt,fa83b4108777231ef557379e8f7478aea1ab63f3e95449382edeaf85442d87fc,0.8884645104408264,0.027198306583685366,f94352e391b9dcb7ecb5e50a3a69eb09455a24e8caf52f32109e4f3918393ff4,False,28.05840314393265,44100,website-only extension,user-authorized project example; no separate dataset license asserted,"One-second model interval; input zero padding beyond valid support is preserved. IEEE float WAV; independent -1 dBFS playback-only gain; no additional filtering, denoising, alignment or inference.",,
room02_P1_r5_event04_inferred,inferred_rir,Highly reverberant hallway,P1,,5,runs/e6_phone_raw_cache/raw_v1_seed42001_batch040.npy,4,d913431eea9630c440d1b5bce5bb4b4fe317cfc9896afbf47f88c976439a1fbd,audio/inferred_rirs/highly_reverberant_hallway/P1_r5.wav,44100,1.0,False,False,all normal protocol events; existing selected_for_demo flag retained,runs/matched_reg_1s/hybrid_shoebox_mit_but_ace_1000ms_full_c1_vm_seed42001/model_updates20000.pt,fa83b4108777231ef557379e8f7478aea1ab63f3e95449382edeaf85442d87fc,0.5184823274612427,4.705320840151272,ceeadcfadc5464091b3b120b4742c0c5d18d37746e3fadf7598055146f809ecb,False,28.05840314393265,44100,website-only extension,user-authorized project example; no separate dataset license asserted,"One-second model interval; input zero padding beyond valid support is preserved. IEEE float WAV; independent -1 dBFS playback-only gain; no additional filtering, denoising, alignment or inference.",,
room02_P2_r1_event05_recorded,phone_recording,Highly reverberant hallway,P2,,1,reports/phone_clap_demo/results/segments/m4a/room02_AcousticsHallway_m4a_ev05_P2_r1.wav,,c9d3891ae26d3c9b53c6c7579f623f52576556d4e65d1af5da01bc9e01489f04,audio/phone_recordings/highly_reverberant_hallway/P2_r1.wav,44100,1.0,False,False,all normal protocol events; existing selected_for_demo flag retained,runs/matched_reg_1s/hybrid_shoebox_mit_but_ace_1000ms_full_c1_vm_seed42001/model_updates20000.pt,fa83b4108777231ef557379e8f7478aea1ab63f3e95449382edeaf85442d87fc,0.9322092533111572,-0.3902681903829513,8336bf0436936942b9ced4ff355b20ccc27bd5ef2bcaf550efae02486e0062ee,False,26.245772924213266,44100,website-only extension,user-authorized project example; no separate dataset license asserted,"One-second model interval; input zero padding beyond valid support is preserved. IEEE float WAV; independent -1 dBFS playback-only gain; no additional filtering, denoising, alignment or inference.",,
room02_P2_r1_event05_inferred,inferred_rir,Highly reverberant hallway,P2,,1,runs/e6_phone_raw_cache/raw_v1_seed42001_batch040.npy,5,d913431eea9630c440d1b5bce5bb4b4fe317cfc9896afbf47f88c976439a1fbd,audio/inferred_rirs/highly_reverberant_hallway/P2_r1.wav,44100,1.0,False,False,all normal protocol events; existing selected_for_demo flag retained,runs/matched_reg_1s/hybrid_shoebox_mit_but_ace_1000ms_full_c1_vm_seed42001/model_updates20000.pt,fa83b4108777231ef557379e8f7478aea1ab63f3e95449382edeaf85442d87fc,0.5677198767662048,3.9173180035043327,d24b2d4fefab087b84cd0166962ded5754704a12e11167a0ced35eb07fb72792,False,26.245772924213266,44100,website-only extension,user-authorized project example; no separate dataset license asserted,"One-second model interval; input zero padding beyond valid support is preserved. IEEE float WAV; independent -1 dBFS playback-only gain; no additional filtering, denoising, alignment or inference.",,
room02_P2_r2_event06_recorded,phone_recording,Highly reverberant hallway,P2,,2,reports/phone_clap_demo/results/segments/m4a/room02_AcousticsHallway_m4a_ev06_P2_r2.wav,,843b8e60ee58a2ded61c3a639dbc46ca42a370bd996b60f1fed4d18e3061e0dd,audio/phone_recordings/highly_reverberant_hallway/P2_r2.wav,44100,1.0,False,False,all normal protocol events; existing selected_for_demo flag retained,runs/matched_reg_1s/hybrid_shoebox_mit_but_ace_1000ms_full_c1_vm_seed42001/model_updates20000.pt,fa83b4108777231ef557379e8f7478aea1ab63f3e95449382edeaf85442d87fc,0.8611953258514404,0.2979667196193098,fea70592467f3e58bd16ce606ec7b4e690dd0b7d81565c32a69c0cd39f164353,False,24.215963869688,44100,website-only extension,user-authorized project example; no separate dataset license asserted,"One-second model interval; input zero padding beyond valid support is preserved. IEEE float WAV; independent -1 dBFS playback-only gain; no additional filtering, denoising, alignment or inference.",,
room02_P2_r2_event06_inferred,inferred_rir,Highly reverberant hallway,P2,,2,runs/e6_phone_raw_cache/raw_v1_seed42001_batch040.npy,6,d913431eea9630c440d1b5bce5bb4b4fe317cfc9896afbf47f88c976439a1fbd,audio/inferred_rirs/highly_reverberant_hallway/P2_r2.wav,44100,1.0,False,False,all normal protocol events; existing selected_for_demo flag retained,runs/matched_reg_1s/hybrid_shoebox_mit_but_ace_1000ms_full_c1_vm_seed42001/model_updates20000.pt,fa83b4108777231ef557379e8f7478aea1ab63f3e95449382edeaf85442d87fc,0.5007523894309998,5.0075393942884325,1a5130eea0110e9246f8aae6af813647eed4c2b1ce48011ded79e3e725173e9b,False,24.215963869688,44100,website-only extension,user-authorized project example; no separate dataset license asserted,"One-second model interval; input zero padding beyond valid support is preserved. IEEE float WAV; independent -1 dBFS playback-only gain; no additional filtering, denoising, alignment or inference.",,
room02_P2_r3_event07_recorded,phone_recording,Highly reverberant hallway,P2,,3,reports/phone_clap_demo/results/segments/m4a/room02_AcousticsHallway_m4a_ev07_P2_r3.wav,,689d2251fd81ae4738c6eb7c207af742277623fbde02fdbaa8cc82ffc3168e48,audio/phone_recordings/highly_reverberant_hallway/P2_r3.wav,44100,1.0,False,False,all normal protocol events; existing selected_for_demo flag retained,runs/matched_reg_1s/hybrid_shoebox_mit_but_ace_1000ms_full_c1_vm_seed42001/model_updates20000.pt,fa83b4108777231ef557379e8f7478aea1ab63f3e95449382edeaf85442d87fc,0.8713113069534302,0.1965330023296396,11cc82297ecd6f4b488f5b5f1019b416bf2af560e9b2f4fef52df930a2469c82,False,12.20160463472509,44100,website-only extension,user-authorized project example; no separate dataset license asserted,"One-second model interval; input zero padding beyond valid support is preserved. IEEE float WAV; independent -1 dBFS playback-only gain; no additional filtering, denoising, alignment or inference.",,
room02_P2_r3_event07_inferred,inferred_rir,Highly reverberant hallway,P2,,3,runs/e6_phone_raw_cache/raw_v1_seed42001_batch040.npy,7,d913431eea9630c440d1b5bce5bb4b4fe317cfc9896afbf47f88c976439a1fbd,audio/inferred_rirs/highly_reverberant_hallway/P2_r3.wav,44100,1.0,False,False,all normal protocol events; existing selected_for_demo flag retained,runs/matched_reg_1s/hybrid_shoebox_mit_but_ace_1000ms_full_c1_vm_seed42001/model_updates20000.pt,fa83b4108777231ef557379e8f7478aea1ab63f3e95449382edeaf85442d87fc,0.8137831091880798,0.7898265713587682,7cb978ad702260f2c9303c10b2d4dbc14c27df7e2febae9158bb7784403eee1d,False,12.20160463472509,44100,website-only extension,user-authorized project example; no separate dataset license asserted,"One-second model interval; input zero padding beyond valid support is preserved. IEEE float WAV; independent -1 dBFS playback-only gain; no additional filtering, denoising, alignment or inference.",,
room02_P2_r4_event08_recorded,phone_recording,Highly reverberant hallway,P2,,4,reports/phone_clap_demo/results/segments/m4a/room02_AcousticsHallway_m4a_ev08_P2_r4.wav,,9fdb77c5dc964bc7633ce976f43bc7a8b6b07ae041071442c59d5277bf2d21e3,audio/phone_recordings/highly_reverberant_hallway/P2_r4.wav,44100,1.0,False,False,all normal protocol events; existing selected_for_demo flag retained,runs/matched_reg_1s/hybrid_shoebox_mit_but_ace_1000ms_full_c1_vm_seed42001/model_updates20000.pt,fa83b4108777231ef557379e8f7478aea1ab63f3e95449382edeaf85442d87fc,0.8551918268203735,0.3587291677669799,261c520be680562101f8bc5c593e625f4b5cac99dade177314c2372b0a3074fb,False,18.748938283147407,44100,website-only extension,user-authorized project example; no separate dataset license asserted,"One-second model interval; input zero padding beyond valid support is preserved. IEEE float WAV; independent -1 dBFS playback-only gain; no additional filtering, denoising, alignment or inference.",,
room02_P2_r4_event08_inferred,inferred_rir,Highly reverberant hallway,P2,,4,runs/e6_phone_raw_cache/raw_v1_seed42001_batch048.npy,0,6c7a6c8a40f2784a3885f3483b0f73a074bff217115f0a9e209f6132743a3f26,audio/inferred_rirs/highly_reverberant_hallway/P2_r4.wav,44100,1.0,False,False,all normal protocol events; existing selected_for_demo flag retained,runs/matched_reg_1s/hybrid_shoebox_mit_but_ace_1000ms_full_c1_vm_seed42001/model_updates20000.pt,fa83b4108777231ef557379e8f7478aea1ab63f3e95449382edeaf85442d87fc,0.5610679984092712,4.019690028198221,1980a70a5e3a8914babb92ec4406cc67588a618ad6d432d402384364edddf159,False,18.748938283147407,44100,website-only extension,user-authorized project example; no separate dataset license asserted,"One-second model interval; input zero padding beyond valid support is preserved. IEEE float WAV; independent -1 dBFS playback-only gain; no additional filtering, denoising, alignment or inference.",,
room02_P2_r5_event09_recorded,phone_recording,Highly reverberant hallway,P2,,5,reports/phone_clap_demo/results/segments/m4a/room02_AcousticsHallway_m4a_ev09_P2_r5.wav,,9097df7a402c357d3617906875f9a93120894815958da7f26caf0193438aec9b,audio/phone_recordings/highly_reverberant_hallway/P2_r5.wav,44100,1.0,True,True,"M4A normal protocol claps only, exclude clipped; highest existing pre-clap SNR per room/mode; event-index then filename tie break; all eight modes in protocol order",runs/matched_reg_1s/hybrid_shoebox_mit_but_ace_1000ms_full_c1_vm_seed42001/model_updates20000.pt,fa83b4108777231ef557379e8f7478aea1ab63f3e95449382edeaf85442d87fc,0.9202048778533936,-0.277690621157543,52115f719a3596ec7976e80f95aa32837db2f3142d1db96a9ac9ab77b70e6d5b,False,27.122239864924765,44100,paper-linked,user-authorized project example; no separate dataset license asserted,"One-second model interval; input zero padding beyond valid support is preserved. IEEE float WAV; independent -1 dBFS playback-only gain; no additional filtering, denoising, alignment or inference.",,
room02_P2_r5_event09_inferred,inferred_rir,Highly reverberant hallway,P2,,5,reports/phone_spectral_review/predictions.npz,9,5e6b726b636e0301ff942c28111a3a4c4335e8ddc1c8afb825f7ca1e7641d96e,audio/inferred_rirs/highly_reverberant_hallway/P2_r5.wav,44100,1.0,True,True,"M4A normal protocol claps only, exclude clipped; highest existing pre-clap SNR per room/mode; event-index then filename tie break; all eight modes in protocol order",runs/matched_reg_1s/hybrid_shoebox_mit_but_ace_1000ms_full_c1_vm_seed42001/model_updates20000.pt,fa83b4108777231ef557379e8f7478aea1ab63f3e95449382edeaf85442d87fc,0.5710232257843018,3.866924538241652,f43a67547231d89c27cb483afc48312015f44bc2bc80338a448472fba63b5bc0,False,27.122239864924765,44100,paper-linked,user-authorized project example; no separate dataset license asserted,"One-second model interval; input zero padding beyond valid support is preserved. IEEE float WAV; independent -1 dBFS playback-only gain; no additional filtering, denoising, alignment or inference.",,
room02_P3_r1_event10_recorded,phone_recording,Highly reverberant hallway,P3,,1,reports/phone_clap_demo/results/segments/m4a/room02_AcousticsHallway_m4a_ev10_P3_r1.wav,,fde5d95cee59cfa4ce56334f9071483a3818f523e942b19f336a00599faad990,audio/phone_recordings/highly_reverberant_hallway/P3_r1.wav,44100,1.0,False,False,all normal protocol events; existing selected_for_demo flag retained,runs/matched_reg_1s/hybrid_shoebox_mit_but_ace_1000ms_full_c1_vm_seed42001/model_updates20000.pt,fa83b4108777231ef557379e8f7478aea1ab63f3e95449382edeaf85442d87fc,0.9233790636062622,-0.30760046552507203,a97fa62eabec5684978681550e03cf20a27bfdb80f047eaea1504a5d0221c786,False,24.409198423981127,42080,website-only extension,user-authorized project example; no separate dataset license asserted,"One-second model interval; input zero padding beyond valid support is preserved. IEEE float WAV; independent -1 dBFS playback-only gain; no additional filtering, denoising, alignment or inference.",,
room02_P3_r1_event10_inferred,inferred_rir,Highly reverberant hallway,P3,,1,runs/e6_phone_raw_cache/raw_v1_seed42001_batch048.npy,2,6c7a6c8a40f2784a3885f3483b0f73a074bff217115f0a9e209f6132743a3f26,audio/inferred_rirs/highly_reverberant_hallway/P3_r1.wav,44100,1.0,False,False,all normal protocol events; existing selected_for_demo flag retained,runs/matched_reg_1s/hybrid_shoebox_mit_but_ace_1000ms_full_c1_vm_seed42001/model_updates20000.pt,fa83b4108777231ef557379e8f7478aea1ab63f3e95449382edeaf85442d87fc,0.44478508830070496,6.036995623541363,823b50eb2f6ce69d441b6888e95e024387cafc690e75093976e3a7493be88049,False,24.409198423981127,42080,website-only extension,user-authorized project example; no separate dataset license asserted,"One-second model interval; input zero padding beyond valid support is preserved. IEEE float WAV; independent -1 dBFS playback-only gain; no additional filtering, denoising, alignment or inference.",,
room02_P3_r2_event11_recorded,phone_recording,Highly reverberant hallway,P3,,2,reports/phone_clap_demo/results/segments/m4a/room02_AcousticsHallway_m4a_ev11_P3_r2.wav,,c4a592eb63c4f403726706409ea11fa2f6d15359d0b43c26557c189d5c7c0a36,audio/phone_recordings/highly_reverberant_hallway/P3_r2.wav,44100,1.0,False,False,all normal protocol events; existing selected_for_demo flag retained,runs/matched_reg_1s/hybrid_shoebox_mit_but_ace_1000ms_full_c1_vm_seed42001/model_updates20000.pt,fa83b4108777231ef557379e8f7478aea1ab63f3e95449382edeaf85442d87fc,0.8759746551513672,0.1501691845639722,0522041c39563beaae68ddf81ef34890ed17c56b7b52df77638c35dcc9fed3b5,False,24.410140535149182,44100,website-only extension,user-authorized project example; no separate dataset license asserted,"One-second model interval; input zero padding beyond valid support is preserved. IEEE float WAV; independent -1 dBFS playback-only gain; no additional filtering, denoising, alignment or inference.",,
room02_P3_r2_event11_inferred,inferred_rir,Highly reverberant hallway,P3,,2,runs/e6_phone_raw_cache/raw_v1_seed42001_batch048.npy,3,6c7a6c8a40f2784a3885f3483b0f73a074bff217115f0a9e209f6132743a3f26,audio/inferred_rirs/highly_reverberant_hallway/P3_r2.wav,44100,1.0,False,False,all normal protocol events; existing selected_for_demo flag retained,runs/matched_reg_1s/hybrid_shoebox_mit_but_ace_1000ms_full_c1_vm_seed42001/model_updates20000.pt,fa83b4108777231ef557379e8f7478aea1ab63f3e95449382edeaf85442d87fc,0.4840709865093231,5.301818932867218,efe25376925b892c75c54ddeb917a4d2154f21c63883e7af4c5a5c5d79ab7aeb,False,24.410140535149182,44100,website-only extension,user-authorized project example; no separate dataset license asserted,"One-second model interval; input zero padding beyond valid support is preserved. IEEE float WAV; independent -1 dBFS playback-only gain; no additional filtering, denoising, alignment or inference.",,
room02_P3_r3_event12_recorded,phone_recording,Highly reverberant hallway,P3,,3,reports/phone_clap_demo/results/segments/m4a/room02_AcousticsHallway_m4a_ev12_P3_r3.wav,,b4aae520409cedc0dd08945df3b33c3e432867c60b671828cce879188da5b9c3,audio/phone_recordings/highly_reverberant_hallway/P3_r3.wav,44100,1.0,True,True,"M4A normal protocol claps only, exclude clipped; highest existing pre-clap SNR per room/mode; event-index then filename tie break; all eight modes in protocol order",runs/matched_reg_1s/hybrid_shoebox_mit_but_ace_1000ms_full_c1_vm_seed42001/model_updates20000.pt,fa83b4108777231ef557379e8f7478aea1ab63f3e95449382edeaf85442d87fc,0.8302283883094788,0.6160484142024644,0359986df7b9b7c38a34e499fe42dbb33e4512178a8fa00a25ac5a6ffdf977ad,False,28.256905612457786,44100,paper-linked,user-authorized project example; no separate dataset license asserted,"One-second model interval; input zero padding beyond valid support is preserved. IEEE float WAV; independent -1 dBFS playback-only gain; no additional filtering, denoising, alignment or inference.",,
room02_P3_r3_event12_inferred,inferred_rir,Highly reverberant hallway,P3,,3,reports/phone_spectral_review/predictions.npz,10,5e6b726b636e0301ff942c28111a3a4c4335e8ddc1c8afb825f7ca1e7641d96e,audio/inferred_rirs/highly_reverberant_hallway/P3_r3.wav,44100,1.0,True,True,"M4A normal protocol claps only, exclude clipped; highest existing pre-clap SNR per room/mode; event-index then filename tie break; all eight modes in protocol order",runs/matched_reg_1s/hybrid_shoebox_mit_but_ace_1000ms_full_c1_vm_seed42001/model_updates20000.pt,fa83b4108777231ef557379e8f7478aea1ab63f3e95449382edeaf85442d87fc,0.4588884711265564,5.765857063104604,a8cb71830ae4fbde28e7b0d510dc6b9c1222c151299dd4acb5290635afa88955,False,28.256905612457786,44100,paper-linked,user-authorized project example; no separate dataset license asserted,"One-second model interval; input zero padding beyond valid support is preserved. IEEE float WAV; independent -1 dBFS playback-only gain; no additional filtering, denoising, alignment or inference.",,
room02_P3_r4_event13_recorded,phone_recording,Highly reverberant hallway,P3,,4,reports/phone_clap_demo/results/segments/m4a/room02_AcousticsHallway_m4a_ev13_P3_r4.wav,,6969695595685156262e933c2103a4515def6d1ad406b692f40a9cc17b66bbf8,audio/phone_recordings/highly_reverberant_hallway/P3_r4.wav,44100,1.0,False,False,all normal protocol events; existing selected_for_demo flag retained,runs/matched_reg_1s/hybrid_shoebox_mit_but_ace_1000ms_full_c1_vm_seed42001/model_updates20000.pt,fa83b4108777231ef557379e8f7478aea1ab63f3e95449382edeaf85442d87fc,0.9220868349075317,-0.2954364285653277,c907da073ab917d65f72fbedda9e9acbc59d81edeee3011c8e5acfb7848edef4,False,24.95209870244925,44100,website-only extension,user-authorized project example; no separate dataset license asserted,"One-second model interval; input zero padding beyond valid support is preserved. IEEE float WAV; independent -1 dBFS playback-only gain; no additional filtering, denoising, alignment or inference.",,
room02_P3_r4_event13_inferred,inferred_rir,Highly reverberant hallway,P3,,4,runs/e6_phone_raw_cache/raw_v1_seed42001_batch048.npy,5,6c7a6c8a40f2784a3885f3483b0f73a074bff217115f0a9e209f6132743a3f26,audio/inferred_rirs/highly_reverberant_hallway/P3_r4.wav,44100,1.0,False,False,all normal protocol events; existing selected_for_demo flag retained,runs/matched_reg_1s/hybrid_shoebox_mit_but_ace_1000ms_full_c1_vm_seed42001/model_updates20000.pt,fa83b4108777231ef557379e8f7478aea1ab63f3e95449382edeaf85442d87fc,0.5579780340194702,4.067657952857977,e0dcfc591c416f57e8e8f37e3e656ea7793592ba5182a6bf8f421ef33fca9601,False,24.95209870244925,44100,website-only extension,user-authorized project example; no separate dataset license asserted,"One-second model interval; input zero padding beyond valid support is preserved. IEEE float WAV; independent -1 dBFS playback-only gain; no additional filtering, denoising, alignment or inference.",,
room02_P3_r5_event14_recorded,phone_recording,Highly reverberant hallway,P3,,5,reports/phone_clap_demo/results/segments/m4a/room02_AcousticsHallway_m4a_ev14_P3_r5.wav,,0332e0dc19c34a13b5cf881eefe606925159514a22dc4489f0b9c12f0b11d9e5,audio/phone_recordings/highly_reverberant_hallway/P3_r5.wav,44100,1.0,False,False,all normal protocol events; existing selected_for_demo flag retained,runs/matched_reg_1s/hybrid_shoebox_mit_but_ace_1000ms_full_c1_vm_seed42001/model_updates20000.pt,fa83b4108777231ef557379e8f7478aea1ab63f3e95449382edeaf85442d87fc,0.7659263014793396,1.3162603358249645,1899b94d30953c139d001a825255be42f9d8c7fba70c233daadb324dc866352d,False,26.253353131686275,44100,website-only extension,user-authorized project example; no separate dataset license asserted,"One-second model interval; input zero padding beyond valid support is preserved. IEEE float WAV; independent -1 dBFS playback-only gain; no additional filtering, denoising, alignment or inference.",,
room02_P3_r5_event14_inferred,inferred_rir,Highly reverberant hallway,P3,,5,runs/e6_phone_raw_cache/raw_v1_seed42001_batch048.npy,6,6c7a6c8a40f2784a3885f3483b0f73a074bff217115f0a9e209f6132743a3f26,audio/inferred_rirs/highly_reverberant_hallway/P3_r5.wav,44100,1.0,False,False,all normal protocol events; existing selected_for_demo flag retained,runs/matched_reg_1s/hybrid_shoebox_mit_but_ace_1000ms_full_c1_vm_seed42001/model_updates20000.pt,fa83b4108777231ef557379e8f7478aea1ab63f3e95449382edeaf85442d87fc,0.789270281791687,1.0554849854956618,3008856760d68f0338a6d442f5d8dfca71023c23e375c7811926deea2a210614,False,26.253353131686275,44100,website-only extension,user-authorized project example; no separate dataset license asserted,"One-second model interval; input zero padding beyond valid support is preserved. IEEE float WAV; independent -1 dBFS playback-only gain; no additional filtering, denoising, alignment or inference.",,
room02_A1_r1_event16_recorded,phone_recording,Highly reverberant hallway,A1,,1,reports/phone_clap_demo/results/segments/m4a/room02_AcousticsHallway_m4a_ev16_A1_r1.wav,,0c0c35477c9e47b8127f542b7a9c7472f85bcaa377421c81c910e520dbcbf7b1,audio/phone_recordings/highly_reverberant_hallway/A1_r1.wav,44100,1.0,False,False,all normal protocol events; existing selected_for_demo flag retained,runs/matched_reg_1s/hybrid_shoebox_mit_but_ace_1000ms_full_c1_vm_seed42001/model_updates20000.pt,fa83b4108777231ef557379e8f7478aea1ab63f3e95449382edeaf85442d87fc,0.8898832201957703,0.013339645803447858,7da9bf92e82750af1e876e45204aff7651066dd6d3872e7fb049297620fe8f16,False,22.788672106971365,44100,website-only extension,user-authorized project example; no separate dataset license asserted,"One-second model interval; input zero padding beyond valid support is preserved. IEEE float WAV; independent -1 dBFS playback-only gain; no additional filtering, denoising, alignment or inference.",,
room02_A1_r1_event16_inferred,inferred_rir,Highly reverberant hallway,A1,,1,runs/e6_phone_raw_cache/raw_v1_seed42001_batch048.npy,7,6c7a6c8a40f2784a3885f3483b0f73a074bff217115f0a9e209f6132743a3f26,audio/inferred_rirs/highly_reverberant_hallway/A1_r1.wav,44100,1.0,False,False,all normal protocol events; existing selected_for_demo flag retained,runs/matched_reg_1s/hybrid_shoebox_mit_but_ace_1000ms_full_c1_vm_seed42001/model_updates20000.pt,fa83b4108777231ef557379e8f7478aea1ab63f3e95449382edeaf85442d87fc,0.395724356174469,7.052144376198578,bab4a7d2cac34c3cdc8f7c883aacec731a578e6bb4f4331ef056b35c4e848845,False,22.788672106971365,44100,website-only extension,user-authorized project example; no separate dataset license asserted,"One-second model interval; input zero padding beyond valid support is preserved. IEEE float WAV; independent -1 dBFS playback-only gain; no additional filtering, denoising, alignment or inference.",,
room02_A1_r2_event17_recorded,phone_recording,Highly reverberant hallway,A1,,2,reports/phone_clap_demo/results/segments/m4a/room02_AcousticsHallway_m4a_ev17_A1_r2.wav,,2213b43f687aea1b195dc27c65def9be842544f4d1a433006f6391419f9a0098,audio/phone_recordings/highly_reverberant_hallway/A1_r2.wav,44100,1.0,False,False,all normal protocol events; existing selected_for_demo flag retained,runs/matched_reg_1s/hybrid_shoebox_mit_but_ace_1000ms_full_c1_vm_seed42001/model_updates20000.pt,fa83b4108777231ef557379e8f7478aea1ab63f3e95449382edeaf85442d87fc,0.8810365200042725,0.10012178391311252,1c0ff9f69fea648f3969b37365902f43855530c3cca6a1bb246a22804a70ac17,False,28.745971385345168,44100,website-only extension,user-authorized project example; no separate dataset license asserted,"One-second model interval; input zero padding beyond valid support is preserved. IEEE float WAV; independent -1 dBFS playback-only gain; no additional filtering, denoising, alignment or inference.",,
room02_A1_r2_event17_inferred,inferred_rir,Highly reverberant hallway,A1,,2,runs/e6_phone_raw_cache/raw_v1_seed42001_batch056.npy,0,6e5df5a6b67e151467768db9197c6dec2700ca21de5cb56aae6c3c288141cce6,audio/inferred_rirs/highly_reverberant_hallway/A1_r2.wav,44100,1.0,False,False,all normal protocol events; existing selected_for_demo flag retained,runs/matched_reg_1s/hybrid_shoebox_mit_but_ace_1000ms_full_c1_vm_seed42001/model_updates20000.pt,fa83b4108777231ef557379e8f7478aea1ab63f3e95449382edeaf85442d87fc,0.38309532403945923,7.333862977370749,76bbbf099380c42ffd519c369e97e82bebe61808fe71e550964b9281588e285d,False,28.745971385345168,44100,website-only extension,user-authorized project example; no separate dataset license asserted,"One-second model interval; input zero padding beyond valid support is preserved. IEEE float WAV; independent -1 dBFS playback-only gain; no additional filtering, denoising, alignment or inference.",,
room02_A1_r3_event18_recorded,phone_recording,Highly reverberant hallway,A1,,3,reports/phone_clap_demo/results/segments/m4a/room02_AcousticsHallway_m4a_ev18_A1_r3.wav,,b866f5280b45d3558e3c7eef9fea9f4571c14aa496dda71f180f006d775e666c,audio/phone_recordings/highly_reverberant_hallway/A1_r3.wav,44100,1.0,False,False,all normal protocol events; existing selected_for_demo flag retained,runs/matched_reg_1s/hybrid_shoebox_mit_but_ace_1000ms_full_c1_vm_seed42001/model_updates20000.pt,fa83b4108777231ef557379e8f7478aea1ab63f3e95449382edeaf85442d87fc,0.77265864610672,1.2402466249911168,591a25721ca45318433d0946e1fba34ad8b387b5d3f0944da52c5b019b8a5592,False,29.047360900197233,43354,website-only extension,user-authorized project example; no separate dataset license asserted,"One-second model interval; input zero padding beyond valid support is preserved. IEEE float WAV; independent -1 dBFS playback-only gain; no additional filtering, denoising, alignment or inference.",,
room02_A1_r3_event18_inferred,inferred_rir,Highly reverberant hallway,A1,,3,runs/e6_phone_raw_cache/raw_v1_seed42001_batch056.npy,1,6e5df5a6b67e151467768db9197c6dec2700ca21de5cb56aae6c3c288141cce6,audio/inferred_rirs/highly_reverberant_hallway/A1_r3.wav,44100,1.0,False,False,all normal protocol events; existing selected_for_demo flag retained,runs/matched_reg_1s/hybrid_shoebox_mit_but_ace_1000ms_full_c1_vm_seed42001/model_updates20000.pt,fa83b4108777231ef557379e8f7478aea1ab63f3e95449382edeaf85442d87fc,0.8590891361236572,0.3192354586883952,dc14005411195abeff7a7a622d4926fca396964f069804e167ce167a45dbde11,False,29.047360900197233,43354,website-only extension,user-authorized project example; no separate dataset license asserted,"One-second model interval; input zero padding beyond valid support is preserved. IEEE float WAV; independent -1 dBFS playback-only gain; no additional filtering, denoising, alignment or inference.",,
room02_A1_r4_event19_recorded,phone_recording,Highly reverberant hallway,A1,,4,reports/phone_clap_demo/results/segments/m4a/room02_AcousticsHallway_m4a_ev19_A1_r4.wav,,7dc92167c1c081b711407d61edc0f72726f0114bbcb3508fe71c9ad91a90b8f2,audio/phone_recordings/highly_reverberant_hallway/A1_r4.wav,44100,1.0,True,True,"M4A normal protocol claps only, exclude clipped; highest existing pre-clap SNR per room/mode; event-index then filename tie break; all eight modes in protocol order",runs/matched_reg_1s/hybrid_shoebox_mit_but_ace_1000ms_full_c1_vm_seed42001/model_updates20000.pt,fa83b4108777231ef557379e8f7478aea1ab63f3e95449382edeaf85442d87fc,0.7131409049034119,1.936493044585657,7aaf16c1117d9b3a521c6d6373bf687715c5484d0685b5db2d5eb1b3f5bd2290,False,31.592738978854463,44033,paper-linked,user-authorized project example; no separate dataset license asserted,"One-second model interval; input zero padding beyond valid support is preserved. IEEE float WAV; independent -1 dBFS playback-only gain; no additional filtering, denoising, alignment or inference.",,
room02_A1_r4_event19_inferred,inferred_rir,Highly reverberant hallway,A1,,4,reports/phone_spectral_review/predictions.npz,11,5e6b726b636e0301ff942c28111a3a4c4335e8ddc1c8afb825f7ca1e7641d96e,audio/inferred_rirs/highly_reverberant_hallway/A1_r4.wav,44100,1.0,True,True,"M4A normal protocol claps only, exclude clipped; highest existing pre-clap SNR per room/mode; event-index then filename tie break; all eight modes in protocol order",runs/matched_reg_1s/hybrid_shoebox_mit_but_ace_1000ms_full_c1_vm_seed42001/model_updates20000.pt,fa83b4108777231ef557379e8f7478aea1ab63f3e95449382edeaf85442d87fc,0.5952152013778687,3.5065197148947194,28aab947f41a4deb74954a0d96a58e9e9142531af926da94baa8c846907149c1,False,31.592738978854463,44033,paper-linked,user-authorized project example; no separate dataset license asserted,"One-second model interval; input zero padding beyond valid support is preserved. IEEE float WAV; independent -1 dBFS playback-only gain; no additional filtering, denoising, alignment or inference.",,
room02_A1_r5_event20_recorded,phone_recording,Highly reverberant hallway,A1,,5,reports/phone_clap_demo/results/segments/m4a/room02_AcousticsHallway_m4a_ev20_A1_r5.wav,,98c0638114a63f28653fb22e25d40cb43e72ec7232ef5e8c9fa138dc1d3c037f,audio/phone_recordings/highly_reverberant_hallway/A1_r5.wav,44100,1.0,False,False,all normal protocol events; existing selected_for_demo flag retained,runs/matched_reg_1s/hybrid_shoebox_mit_but_ace_1000ms_full_c1_vm_seed42001/model_updates20000.pt,fa83b4108777231ef557379e8f7478aea1ab63f3e95449382edeaf85442d87fc,0.8230656981468201,0.6913099493667276,d1b0e27d1eb66bd32e500fad513bd8284686fbe357608fe4076b18324afe2d7a,False,27.00461798486004,44100,website-only extension,user-authorized project example; no separate dataset license asserted,"One-second model interval; input zero padding beyond valid support is preserved. IEEE float WAV; independent -1 dBFS playback-only gain; no additional filtering, denoising, alignment or inference.",,
room02_A1_r5_event20_inferred,inferred_rir,Highly reverberant hallway,A1,,5,runs/e6_phone_raw_cache/raw_v1_seed42001_batch056.npy,3,6e5df5a6b67e151467768db9197c6dec2700ca21de5cb56aae6c3c288141cce6,audio/inferred_rirs/highly_reverberant_hallway/A1_r5.wav,44100,1.0,False,False,all normal protocol events; existing selected_for_demo flag retained,runs/matched_reg_1s/hybrid_shoebox_mit_but_ace_1000ms_full_c1_vm_seed42001/model_updates20000.pt,fa83b4108777231ef557379e8f7478aea1ab63f3e95449382edeaf85442d87fc,0.6810392737388611,2.336556854952411,96d457029e22c7777df12d26ff7a9371e31de19841c40beb53f76ca7c986cbab,False,27.00461798486004,44100,website-only extension,user-authorized project example; no separate dataset license asserted,"One-second model interval; input zero padding beyond valid support is preserved. IEEE float WAV; independent -1 dBFS playback-only gain; no additional filtering, denoising, alignment or inference.",,
room02_A2_r1_event21_recorded,phone_recording,Highly reverberant hallway,A2,,1,reports/phone_clap_demo/results/segments/m4a/room02_AcousticsHallway_m4a_ev21_A2_r1.wav,,85d78d1d18a44fdef7de422cf831e493daaa87c2e5d9365ece96c42174e78d56,audio/phone_recordings/highly_reverberant_hallway/A2_r1.wav,44100,1.0,False,False,all normal protocol events; existing selected_for_demo flag retained,runs/matched_reg_1s/hybrid_shoebox_mit_but_ace_1000ms_full_c1_vm_seed42001/model_updates20000.pt,fa83b4108777231ef557379e8f7478aea1ab63f3e95449382edeaf85442d87fc,0.9624970555305481,-0.6679881917917302,276c03bad18fd046c8333d1154c812eff981ce98dc973bdc247a4cbd849fc2a9,False,29.408526931064927,40352,website-only extension,user-authorized project example; no separate dataset license asserted,"One-second model interval; input zero padding beyond valid support is preserved. IEEE float WAV; independent -1 dBFS playback-only gain; no additional filtering, denoising, alignment or inference.",,
room02_A2_r1_event21_inferred,inferred_rir,Highly reverberant hallway,A2,,1,runs/e6_phone_raw_cache/raw_v1_seed42001_batch056.npy,4,6e5df5a6b67e151467768db9197c6dec2700ca21de5cb56aae6c3c288141cce6,audio/inferred_rirs/highly_reverberant_hallway/A2_r1.wav,44100,1.0,False,False,all normal protocol events; existing selected_for_demo flag retained,runs/matched_reg_1s/hybrid_shoebox_mit_but_ace_1000ms_full_c1_vm_seed42001/model_updates20000.pt,fa83b4108777231ef557379e8f7478aea1ab63f3e95449382edeaf85442d87fc,0.42679303884506226,6.395653453921913,97e44faed0192a56c0127dbde0c86dbf618fb6e3ac64bd3311667fa2991f1737,False,29.408526931064927,40352,website-only extension,user-authorized project example; no separate dataset license asserted,"One-second model interval; input zero padding beyond valid support is preserved. IEEE float WAV; independent -1 dBFS playback-only gain; no additional filtering, denoising, alignment or inference.",,
room02_A2_r2_event22_recorded,phone_recording,Highly reverberant hallway,A2,,2,reports/phone_clap_demo/results/segments/m4a/room02_AcousticsHallway_m4a_ev22_A2_r2.wav,,aeb2b89eba6eb25a701ac50931d204576d8c9c90af9001bbba27591ff56c8c5c,audio/phone_recordings/highly_reverberant_hallway/A2_r2.wav,44100,1.0,False,False,all normal protocol events; existing selected_for_demo flag retained,runs/matched_reg_1s/hybrid_shoebox_mit_but_ace_1000ms_full_c1_vm_seed42001/model_updates20000.pt,fa83b4108777231ef557379e8f7478aea1ab63f3e95449382edeaf85442d87fc,0.9007445573806763,-0.0920329328128977,4266cc7c05823e0f846f9d3ed0f8ec9fc79bed348673adf064d4674d20c2954b,False,29.880569429064025,40193,website-only extension,user-authorized project example; no separate dataset license asserted,"One-second model interval; input zero padding beyond valid support is preserved. IEEE float WAV; independent -1 dBFS playback-only gain; no additional filtering, denoising, alignment or inference.",,
room02_A2_r2_event22_inferred,inferred_rir,Highly reverberant hallway,A2,,2,runs/e6_phone_raw_cache/raw_v1_seed42001_batch056.npy,5,6e5df5a6b67e151467768db9197c6dec2700ca21de5cb56aae6c3c288141cce6,audio/inferred_rirs/highly_reverberant_hallway/A2_r2.wav,44100,1.0,False,False,all normal protocol events; existing selected_for_demo flag retained,runs/matched_reg_1s/hybrid_shoebox_mit_but_ace_1000ms_full_c1_vm_seed42001/model_updates20000.pt,fa83b4108777231ef557379e8f7478aea1ab63f3e95449382edeaf85442d87fc,0.7110903859138489,1.9615038613892666,a08d600f7d971cd54eb213474b0c1d856ae17bf5a39604b751a77ade2c257991,False,29.880569429064025,40193,website-only extension,user-authorized project example; no separate dataset license asserted,"One-second model interval; input zero padding beyond valid support is preserved. IEEE float WAV; independent -1 dBFS playback-only gain; no additional filtering, denoising, alignment or inference.",,
room02_A2_r3_event23_recorded,phone_recording,Highly reverberant hallway,A2,,3,reports/phone_clap_demo/results/segments/m4a/room02_AcousticsHallway_m4a_ev23_A2_r3.wav,,40ea133f4fab4b035312bbbbec0a85cb08d9965c54edf87f26e9bf31ac347b9a,audio/phone_recordings/highly_reverberant_hallway/A2_r3.wav,44100,1.0,True,True,"M4A normal protocol claps only, exclude clipped; highest existing pre-clap SNR per room/mode; event-index then filename tie break; all eight modes in protocol order",runs/matched_reg_1s/hybrid_shoebox_mit_but_ace_1000ms_full_c1_vm_seed42001/model_updates20000.pt,fa83b4108777231ef557379e8f7478aea1ab63f3e95449382edeaf85442d87fc,0.9048980474472046,-0.13199302221867654,08ccf9ffd1b8ba356030434bea8698da4b39e2135e834f360a3d81d65c780c79,False,31.381231027769235,42116,paper-linked,user-authorized project example; no separate dataset license asserted,"One-second model interval; input zero padding beyond valid support is preserved. IEEE float WAV; independent -1 dBFS playback-only gain; no additional filtering, denoising, alignment or inference.",,
room02_A2_r3_event23_inferred,inferred_rir,Highly reverberant hallway,A2,,3,reports/phone_spectral_review/predictions.npz,12,5e6b726b636e0301ff942c28111a3a4c4335e8ddc1c8afb825f7ca1e7641d96e,audio/inferred_rirs/highly_reverberant_hallway/A2_r3.wav,44100,1.0,True,True,"M4A normal protocol claps only, exclude clipped; highest existing pre-clap SNR per room/mode; event-index then filename tie break; all eight modes in protocol order",runs/matched_reg_1s/hybrid_shoebox_mit_but_ace_1000ms_full_c1_vm_seed42001/model_updates20000.pt,fa83b4108777231ef557379e8f7478aea1ab63f3e95449382edeaf85442d87fc,0.40281814336776733,6.897819531631066,85d0caf22b0d2b035e963180da509909cdaeacc6344dc929b026d64c46f9a3c6,False,31.381231027769235,42116,paper-linked,user-authorized project example; no separate dataset license asserted,"One-second model interval; input zero padding beyond valid support is preserved. IEEE float WAV; independent -1 dBFS playback-only gain; no additional filtering, denoising, alignment or inference.",,
room02_A2_r4_event24_recorded,phone_recording,Highly reverberant hallway,A2,,4,reports/phone_clap_demo/results/segments/m4a/room02_AcousticsHallway_m4a_ev24_A2_r4.wav,,413041962f366cebded4621dee9414adb80aa229d43cc960c7da7fcabdefd099,audio/phone_recordings/highly_reverberant_hallway/A2_r4.wav,44100,1.0,False,False,all normal protocol events; existing selected_for_demo flag retained,runs/matched_reg_1s/hybrid_shoebox_mit_but_ace_1000ms_full_c1_vm_seed42001/model_updates20000.pt,fa83b4108777231ef557379e8f7478aea1ab63f3e95449382edeaf85442d87fc,0.9143701195716858,-0.2224405087863772,a8adb9ba33eb5b4e49b7333a12aa59a9e6b8755eba4cf398aea9063c2c2e8bc9,False,29.404717990467034,43682,website-only extension,user-authorized project example; no separate dataset license asserted,"One-second model interval; input zero padding beyond valid support is preserved. IEEE float WAV; independent -1 dBFS playback-only gain; no additional filtering, denoising, alignment or inference.",,
room02_A2_r4_event24_inferred,inferred_rir,Highly reverberant hallway,A2,,4,runs/e6_phone_raw_cache/raw_v1_seed42001_batch056.npy,7,6e5df5a6b67e151467768db9197c6dec2700ca21de5cb56aae6c3c288141cce6,audio/inferred_rirs/highly_reverberant_hallway/A2_r4.wav,44100,1.0,False,False,all normal protocol events; existing selected_for_demo flag retained,runs/matched_reg_1s/hybrid_shoebox_mit_but_ace_1000ms_full_c1_vm_seed42001/model_updates20000.pt,fa83b4108777231ef557379e8f7478aea1ab63f3e95449382edeaf85442d87fc,0.7166088819503784,1.8943562661798334,a9bdeda8cab4813020221bacded0bc3ac36bf6b1b5960540249b3603d5851976,False,29.404717990467034,43682,website-only extension,user-authorized project example; no separate dataset license asserted,"One-second model interval; input zero padding beyond valid support is preserved. IEEE float WAV; independent -1 dBFS playback-only gain; no additional filtering, denoising, alignment or inference.",,
room02_A2_r5_event25_recorded,phone_recording,Highly reverberant hallway,A2,,5,reports/phone_clap_demo/results/segments/m4a/room02_AcousticsHallway_m4a_ev25_A2_r5.wav,,91e4d905d930a794ca0529b37e3bd6da3f47f57f94a246d508c98aed16463987,audio/phone_recordings/highly_reverberant_hallway/A2_r5.wav,44100,1.0,False,False,all normal protocol events; existing selected_for_demo flag retained,runs/matched_reg_1s/hybrid_shoebox_mit_but_ace_1000ms_full_c1_vm_seed42001/model_updates20000.pt,fa83b4108777231ef557379e8f7478aea1ab63f3e95449382edeaf85442d87fc,0.9506087303161621,-0.5600359700715722,885a55fcc972e8f4a8d3d52fe1924b010a738698068c7962afde9f05a017ca2b,False,30.53995781262755,44100,website-only extension,user-authorized project example; no separate dataset license asserted,"One-second model interval; input zero padding beyond valid support is preserved. IEEE float WAV; independent -1 dBFS playback-only gain; no additional filtering, denoising, alignment or inference.",,
room02_A2_r5_event25_inferred,inferred_rir,Highly reverberant hallway,A2,,5,runs/e6_phone_raw_cache/raw_v1_seed42001_batch064.npy,0,3efefabd3815fa5aa88b5ecf00b508d6676a5dea8d16b2a04665881765524c15,audio/inferred_rirs/highly_reverberant_hallway/A2_r5.wav,44100,1.0,False,False,all normal protocol events; existing selected_for_demo flag retained,runs/matched_reg_1s/hybrid_shoebox_mit_but_ace_1000ms_full_c1_vm_seed42001/model_updates20000.pt,fa83b4108777231ef557379e8f7478aea1ab63f3e95449382edeaf85442d87fc,0.38773059844970703,7.2293984903795785,d4c98589999bd8fa2baee6a6381e52afc062dfbc05a3fdb4d35900a4ee860ff2,False,30.53995781262755,44100,website-only extension,user-authorized project example; no separate dataset license asserted,"One-second model interval; input zero padding beyond valid support is preserved. IEEE float WAV; independent -1 dBFS playback-only gain; no additional filtering, denoising, alignment or inference.",,
room02_A3_r1_event26_recorded,phone_recording,Highly reverberant hallway,A3,,1,reports/phone_clap_demo/results/segments/m4a/room02_AcousticsHallway_m4a_ev26_A3_r1.wav,,f85535e04ab66e7f1a847616a27d013e74daa33906ae126ccfe4a92c04d60b87,audio/phone_recordings/highly_reverberant_hallway/A3_r1.wav,44100,1.0,False,False,all normal protocol events; existing selected_for_demo flag retained,runs/matched_reg_1s/hybrid_shoebox_mit_but_ace_1000ms_full_c1_vm_seed42001/model_updates20000.pt,fa83b4108777231ef557379e8f7478aea1ab63f3e95449382edeaf85442d87fc,0.86612868309021,0.2483515775700876,7d005854dcadac8875a006aaeca91d04041cc6cc85833ab3fc6af28e53cd1dc9,False,29.01049811007515,39539,website-only extension,user-authorized project example; no separate dataset license asserted,"One-second model interval; input zero padding beyond valid support is preserved. IEEE float WAV; independent -1 dBFS playback-only gain; no additional filtering, denoising, alignment or inference.",,
room02_A3_r1_event26_inferred,inferred_rir,Highly reverberant hallway,A3,,1,runs/e6_phone_raw_cache/raw_v1_seed42001_batch064.npy,1,3efefabd3815fa5aa88b5ecf00b508d6676a5dea8d16b2a04665881765524c15,audio/inferred_rirs/highly_reverberant_hallway/A3_r1.wav,44100,1.0,False,False,all normal protocol events; existing selected_for_demo flag retained,runs/matched_reg_1s/hybrid_shoebox_mit_but_ace_1000ms_full_c1_vm_seed42001/model_updates20000.pt,fa83b4108777231ef557379e8f7478aea1ab63f3e95449382edeaf85442d87fc,0.3668551743030548,7.710107020925934,76c7a9690595dfbc257c57f2a37769dac2cd25ac3e4c696678e362238ea1074f,False,29.01049811007515,39539,website-only extension,user-authorized project example; no separate dataset license asserted,"One-second model interval; input zero padding beyond valid support is preserved. IEEE float WAV; independent -1 dBFS playback-only gain; no additional filtering, denoising, alignment or inference.",,
room02_A3_r2_event27_recorded,phone_recording,Highly reverberant hallway,A3,,2,reports/phone_clap_demo/results/segments/m4a/room02_AcousticsHallway_m4a_ev27_A3_r2.wav,,fb893377871578c9f1b07668ec851bd6ee230b8ae2650123a90aa212ae3dbc6f,audio/phone_recordings/highly_reverberant_hallway/A3_r2.wav,44100,1.0,False,False,all normal protocol events; existing selected_for_demo flag retained,runs/matched_reg_1s/hybrid_shoebox_mit_but_ace_1000ms_full_c1_vm_seed42001/model_updates20000.pt,fa83b4108777231ef557379e8f7478aea1ab63f3e95449382edeaf85442d87fc,0.8852221369743347,0.05895468193605574,8565614342c1b4f92527cdb41665ceb26f185f903982eb93a46d981bbe39302d,False,27.063080583392363,40727,website-only extension,user-authorized project example; no separate dataset license asserted,"One-second model interval; input zero padding beyond valid support is preserved. IEEE float WAV; independent -1 dBFS playback-only gain; no additional filtering, denoising, alignment or inference.",,
room02_A3_r2_event27_inferred,inferred_rir,Highly reverberant hallway,A3,,2,runs/e6_phone_raw_cache/raw_v1_seed42001_batch064.npy,2,3efefabd3815fa5aa88b5ecf00b508d6676a5dea8d16b2a04665881765524c15,audio/inferred_rirs/highly_reverberant_hallway/A3_r2.wav,44100,1.0,False,False,all normal protocol events; existing selected_for_demo flag retained,runs/matched_reg_1s/hybrid_shoebox_mit_but_ace_1000ms_full_c1_vm_seed42001/model_updates20000.pt,fa83b4108777231ef557379e8f7478aea1ab63f3e95449382edeaf85442d87fc,0.5915735960006714,3.5598243664952434,6005fe0f737ab31ac63f39127348d25be4acaf89e7c01d3789e277406d9fd729,False,27.063080583392363,40727,website-only extension,user-authorized project example; no separate dataset license asserted,"One-second model interval; input zero padding beyond valid support is preserved. IEEE float WAV; independent -1 dBFS playback-only gain; no additional filtering, denoising, alignment or inference.",,
room02_A3_r3_event28_recorded,phone_recording,Highly reverberant hallway,A3,,3,reports/phone_clap_demo/results/segments/m4a/room02_AcousticsHallway_m4a_ev28_A3_r3.wav,,8176e36113625a710a0442ad87ac33c15a92b24ed06a481759fb8880766c5359,audio/phone_recordings/highly_reverberant_hallway/A3_r3.wav,44100,1.0,False,False,all normal protocol events; existing selected_for_demo flag retained,runs/matched_reg_1s/hybrid_shoebox_mit_but_ace_1000ms_full_c1_vm_seed42001/model_updates20000.pt,fa83b4108777231ef557379e8f7478aea1ab63f3e95449382edeaf85442d87fc,0.9113947749137878,-0.1941306882945366,44a3b9ab743fbafc8ba111d319df59f88be7802178159347fc9bb8d14e9b8040,False,28.181611449311678,43445,website-only extension,user-authorized project example; no separate dataset license asserted,"One-second model interval; input zero padding beyond valid support is preserved. IEEE float WAV; independent -1 dBFS playback-only gain; no additional filtering, denoising, alignment or inference.",,
room02_A3_r3_event28_inferred,inferred_rir,Highly reverberant hallway,A3,,3,runs/e6_phone_raw_cache/raw_v1_seed42001_batch064.npy,3,3efefabd3815fa5aa88b5ecf00b508d6676a5dea8d16b2a04665881765524c15,audio/inferred_rirs/highly_reverberant_hallway/A3_r3.wav,44100,1.0,False,False,all normal protocol events; existing selected_for_demo flag retained,runs/matched_reg_1s/hybrid_shoebox_mit_but_ace_1000ms_full_c1_vm_seed42001/model_updates20000.pt,fa83b4108777231ef557379e8f7478aea1ab63f3e95449382edeaf85442d87fc,0.8795992732048035,0.11430276319797222,5725346db08f953abc8a9bfafb4f47fdcddfd799779a8ceeddce5bd1f0069f76,False,28.181611449311678,43445,website-only extension,user-authorized project example; no separate dataset license asserted,"One-second model interval; input zero padding beyond valid support is preserved. IEEE float WAV; independent -1 dBFS playback-only gain; no additional filtering, denoising, alignment or inference.",,
room02_A3_r4_event29_recorded,phone_recording,Highly reverberant hallway,A3,,4,reports/phone_clap_demo/results/segments/m4a/room02_AcousticsHallway_m4a_ev29_A3_r4.wav,,ddbbd070ab583a7b488aa1fd53cee01fb312fed902d878f609351c6d2c7ef0f2,audio/phone_recordings/highly_reverberant_hallway/A3_r4.wav,44100,1.0,False,False,all normal protocol events; existing selected_for_demo flag retained,runs/matched_reg_1s/hybrid_shoebox_mit_but_ace_1000ms_full_c1_vm_seed42001/model_updates20000.pt,fa83b4108777231ef557379e8f7478aea1ab63f3e95449382edeaf85442d87fc,0.9143081903457642,-0.22185220364925723,34ddb93fc5c0ec87db1807c7e85a7fd03980fc4f333e0b50a99dc154d17cab12,False,30.873464453139555,41815,website-only extension,user-authorized project example; no separate dataset license asserted,"One-second model interval; input zero padding beyond valid support is preserved. IEEE float WAV; independent -1 dBFS playback-only gain; no additional filtering, denoising, alignment or inference.",,
room02_A3_r4_event29_inferred,inferred_rir,Highly reverberant hallway,A3,,4,runs/e6_phone_raw_cache/raw_v1_seed42001_batch064.npy,4,3efefabd3815fa5aa88b5ecf00b508d6676a5dea8d16b2a04665881765524c15,audio/inferred_rirs/highly_reverberant_hallway/A3_r4.wav,44100,1.0,False,False,all normal protocol events; existing selected_for_demo flag retained,runs/matched_reg_1s/hybrid_shoebox_mit_but_ace_1000ms_full_c1_vm_seed42001/model_updates20000.pt,fa83b4108777231ef557379e8f7478aea1ab63f3e95449382edeaf85442d87fc,0.41452571749687195,6.64897040623039,bff5064e5319ab6bdbb5bf5971ccc4302755f95ff37f2e03724c0715c4d33963,False,30.873464453139555,41815,website-only extension,user-authorized project example; no separate dataset license asserted,"One-second model interval; input zero padding beyond valid support is preserved. IEEE float WAV; independent -1 dBFS playback-only gain; no additional filtering, denoising, alignment or inference.",,
room02_A3_r5_event30_recorded,phone_recording,Highly reverberant hallway,A3,,5,reports/phone_clap_demo/results/segments/m4a/room02_AcousticsHallway_m4a_ev30_A3_r5.wav,,98d053f5e0e7009dc3a377c311a84b81efcc60630cf34dd66c453fea930ab1b4,audio/phone_recordings/highly_reverberant_hallway/A3_r5.wav,44100,1.0,True,True,"M4A normal protocol claps only, exclude clipped; highest existing pre-clap SNR per room/mode; event-index then filename tie break; all eight modes in protocol order",runs/matched_reg_1s/hybrid_shoebox_mit_but_ace_1000ms_full_c1_vm_seed42001/model_updates20000.pt,fa83b4108777231ef557379e8f7478aea1ab63f3e95449382edeaf85442d87fc,0.9188663959503174,-0.26504738289809265,ad4514af8d62fb960ece3464d2c6eb180111073d4b1500b5563fa063fe37e8dc,False,31.644718120982372,44100,paper-linked,user-authorized project example; no separate dataset license asserted,"One-second model interval; input zero padding beyond valid support is preserved. IEEE float WAV; independent -1 dBFS playback-only gain; no additional filtering, denoising, alignment or inference.",,
room02_A3_r5_event30_inferred,inferred_rir,Highly reverberant hallway,A3,,5,reports/phone_spectral_review/predictions.npz,13,5e6b726b636e0301ff942c28111a3a4c4335e8ddc1c8afb825f7ca1e7641d96e,audio/inferred_rirs/highly_reverberant_hallway/A3_r5.wav,44100,1.0,True,True,"M4A normal protocol claps only, exclude clipped; highest existing pre-clap SNR per room/mode; event-index then filename tie break; all eight modes in protocol order",runs/matched_reg_1s/hybrid_shoebox_mit_but_ace_1000ms_full_c1_vm_seed42001/model_updates20000.pt,fa83b4108777231ef557379e8f7478aea1ab63f3e95449382edeaf85442d87fc,0.4542940855026245,5.8532583453845195,6636011a33af23f5749c4a2c6438958e0e5be82919a315ca2611c7a83028641b,False,31.644718120982372,44100,paper-linked,user-authorized project example; no separate dataset license asserted,"One-second model interval; input zero padding beyond valid support is preserved. IEEE float WAV; independent -1 dBFS playback-only gain; no additional filtering, denoising, alignment or inference.",,
room02_A1minus_r1_event31_recorded,phone_recording,Highly reverberant hallway,A1-,,1,reports/phone_clap_demo/results/segments/m4a/room02_AcousticsHallway_m4a_ev31_A1m_r1.wav,,0b34bdfcfe3477feefa542e51c46af946cde7222846555ba97b36a4f42bc72d3,audio/phone_recordings/highly_reverberant_hallway/A1minus_r1.wav,44100,1.0,False,False,all normal protocol events; existing selected_for_demo flag retained,runs/matched_reg_1s/hybrid_shoebox_mit_but_ace_1000ms_full_c1_vm_seed42001/model_updates20000.pt,fa83b4108777231ef557379e8f7478aea1ab63f3e95449382edeaf85442d87fc,0.8807830810546875,0.10262072621111426,6a9b8e4120f42d758aa88875c2172414e215837b2cfca0205e6d5b591a690f01,False,27.269474044634308,41180,website-only extension,user-authorized project example; no separate dataset license asserted,"One-second model interval; input zero padding beyond valid support is preserved. IEEE float WAV; independent -1 dBFS playback-only gain; no additional filtering, denoising, alignment or inference.",,
room02_A1minus_r1_event31_inferred,inferred_rir,Highly reverberant hallway,A1-,,1,runs/e6_phone_raw_cache/raw_v1_seed42001_batch064.npy,6,3efefabd3815fa5aa88b5ecf00b508d6676a5dea8d16b2a04665881765524c15,audio/inferred_rirs/highly_reverberant_hallway/A1minus_r1.wav,44100,1.0,False,False,all normal protocol events; existing selected_for_demo flag retained,runs/matched_reg_1s/hybrid_shoebox_mit_but_ace_1000ms_full_c1_vm_seed42001/model_updates20000.pt,fa83b4108777231ef557379e8f7478aea1ab63f3e95449382edeaf85442d87fc,0.4892112612724304,5.210071087817861,ee3f4e3258710e6b98c5516d37a2c317a8cda7fa7e390629a39c4264c647dfdd,False,27.269474044634308,41180,website-only extension,user-authorized project example; no separate dataset license asserted,"One-second model interval; input zero padding beyond valid support is preserved. IEEE float WAV; independent -1 dBFS playback-only gain; no additional filtering, denoising, alignment or inference.",,
room02_A1minus_r2_event32_recorded,phone_recording,Highly reverberant hallway,A1-,,2,reports/phone_clap_demo/results/segments/m4a/room02_AcousticsHallway_m4a_ev32_A1m_r2.wav,,6bfc04eaeace4e5e72b112f256885d201d5f8b68827c6463d49450c7823e0d31,audio/phone_recordings/highly_reverberant_hallway/A1minus_r2.wav,44100,1.0,False,False,all normal protocol events; existing selected_for_demo flag retained,runs/matched_reg_1s/hybrid_shoebox_mit_but_ace_1000ms_full_c1_vm_seed42001/model_updates20000.pt,fa83b4108777231ef557379e8f7478aea1ab63f3e95449382edeaf85442d87fc,0.901019275188446,-0.09468163575082726,6f0d7a4ec4640956164f156a24ceb575fdc3af96f956d1adeb9a04216e75ab40,False,29.519014911058946,37820,website-only extension,user-authorized project example; no separate dataset license asserted,"One-second model interval; input zero padding beyond valid support is preserved. IEEE float WAV; independent -1 dBFS playback-only gain; no additional filtering, denoising, alignment or inference.",,
room02_A1minus_r2_event32_inferred,inferred_rir,Highly reverberant hallway,A1-,,2,runs/e6_phone_raw_cache/raw_v1_seed42001_batch064.npy,7,3efefabd3815fa5aa88b5ecf00b508d6676a5dea8d16b2a04665881765524c15,audio/inferred_rirs/highly_reverberant_hallway/A1minus_r2.wav,44100,1.0,False,False,all normal protocol events; existing selected_for_demo flag retained,runs/matched_reg_1s/hybrid_shoebox_mit_but_ace_1000ms_full_c1_vm_seed42001/model_updates20000.pt,fa83b4108777231ef557379e8f7478aea1ab63f3e95449382edeaf85442d87fc,0.4744533896446228,5.476128925615793,0955442e8d7066f2e05846dd04ef1b2af098d4373fab9d1d545d06c895c21bff,False,29.519014911058946,37820,website-only extension,user-authorized project example; no separate dataset license asserted,"One-second model interval; input zero padding beyond valid support is preserved. IEEE float WAV; independent -1 dBFS playback-only gain; no additional filtering, denoising, alignment or inference.",,
room02_A1minus_r3_event33_recorded,phone_recording,Highly reverberant hallway,A1-,,3,reports/phone_clap_demo/results/segments/m4a/room02_AcousticsHallway_m4a_ev33_A1m_r3.wav,,e992028d7f361c422725ef06283aa1f4eb8ed85d0e2978e4a977a6e09949d8f5,audio/phone_recordings/highly_reverberant_hallway/A1minus_r3.wav,44100,1.0,True,True,"M4A normal protocol claps only, exclude clipped; highest existing pre-clap SNR per room/mode; event-index then filename tie break; all eight modes in protocol order",runs/matched_reg_1s/hybrid_shoebox_mit_but_ace_1000ms_full_c1_vm_seed42001/model_updates20000.pt,fa83b4108777231ef557379e8f7478aea1ab63f3e95449382edeaf85442d87fc,0.9293020367622375,-0.3631377799870647,b2f9992a97e731c232315bbd14135cdad4388a610ca23c3eef1f60147ef9c635,False,29.843768887359992,42301,paper-linked,user-authorized project example; no separate dataset license asserted,"One-second model interval; input zero padding beyond valid support is preserved. IEEE float WAV; independent -1 dBFS playback-only gain; no additional filtering, denoising, alignment or inference.",,
room02_A1minus_r3_event33_inferred,inferred_rir,Highly reverberant hallway,A1-,,3,reports/phone_spectral_review/predictions.npz,14,5e6b726b636e0301ff942c28111a3a4c4335e8ddc1c8afb825f7ca1e7641d96e,audio/inferred_rirs/highly_reverberant_hallway/A1minus_r3.wav,44100,1.0,True,True,"M4A normal protocol claps only, exclude clipped; highest existing pre-clap SNR per room/mode; event-index then filename tie break; all eight modes in protocol order",runs/matched_reg_1s/hybrid_shoebox_mit_but_ace_1000ms_full_c1_vm_seed42001/model_updates20000.pt,fa83b4108777231ef557379e8f7478aea1ab63f3e95449382edeaf85442d87fc,0.44277718663215637,6.0762952705457565,e32a3ac9c33b3560ebb0d3a8066e41853a18dbc73a92bc396c0691b912563db2,False,29.843768887359992,42301,paper-linked,user-authorized project example; no separate dataset license asserted,"One-second model interval; input zero padding beyond valid support is preserved. IEEE float WAV; independent -1 dBFS playback-only gain; no additional filtering, denoising, alignment or inference.",,
room02_A1minus_r4_event34_recorded,phone_recording,Highly reverberant hallway,A1-,,4,reports/phone_clap_demo/results/segments/m4a/room02_AcousticsHallway_m4a_ev34_A1m_r4.wav,,3fb3dc53473869b74b966bc30f803ababf94507f393024adc1dd37ec89f59d4b,audio/phone_recordings/highly_reverberant_hallway/A1minus_r4.wav,44100,1.0,False,False,all normal protocol events; existing selected_for_demo flag retained,runs/matched_reg_1s/hybrid_shoebox_mit_but_ace_1000ms_full_c1_vm_seed42001/model_updates20000.pt,fa83b4108777231ef557379e8f7478aea1ab63f3e95449382edeaf85442d87fc,0.924918532371521,-0.3220696277612251,b287513a3416b9c4b0bd20352db53b0bddc281659d56676b015dc94842a7fe18,False,29.312013785918083,40391,website-only extension,user-authorized project example; no separate dataset license asserted,"One-second model interval; input zero padding beyond valid support is preserved. IEEE float WAV; independent -1 dBFS playback-only gain; no additional filtering, denoising, alignment or inference.",,
room02_A1minus_r4_event34_inferred,inferred_rir,Highly reverberant hallway,A1-,,4,runs/e6_phone_raw_cache/raw_v1_seed42001_batch072.npy,1,728752ffcea68f6943674516635c0c2d2e3b52c624ab071e25ebfd926652b6bf,audio/inferred_rirs/highly_reverberant_hallway/A1minus_r4.wav,44100,1.0,False,False,all normal protocol events; existing selected_for_demo flag retained,runs/matched_reg_1s/hybrid_shoebox_mit_but_ace_1000ms_full_c1_vm_seed42001/model_updates20000.pt,fa83b4108777231ef557379e8f7478aea1ab63f3e95449382edeaf85442d87fc,0.4816155433654785,5.345990107391381,c98b2f1fceb8709fe9bc10df6c211a55979e0ff9ef936885b0bf9e4b5d082c63,False,29.312013785918083,40391,website-only extension,user-authorized project example; no separate dataset license asserted,"One-second model interval; input zero padding beyond valid support is preserved. IEEE float WAV; independent -1 dBFS playback-only gain; no additional filtering, denoising, alignment or inference.",,
room02_A1minus_r5_event35_recorded,phone_recording,Highly reverberant hallway,A1-,,5,reports/phone_clap_demo/results/segments/m4a/room02_AcousticsHallway_m4a_ev35_A1m_r5.wav,,fc33ca902e1442793ce22bf9e1a8ba1a9babe0544e9e516686f4971e279c02dc,audio/phone_recordings/highly_reverberant_hallway/A1minus_r5.wav,44100,1.0,False,False,all normal protocol events; existing selected_for_demo flag retained,runs/matched_reg_1s/hybrid_shoebox_mit_but_ace_1000ms_full_c1_vm_seed42001/model_updates20000.pt,fa83b4108777231ef557379e8f7478aea1ab63f3e95449382edeaf85442d87fc,0.9291085600852966,-0.36132922694461966,e270810e683aa8410c30252924d00328fe5d78686d0a43690c719a3abb75127e,False,20.67211656880532,44100,website-only extension,user-authorized project example; no separate dataset license asserted,"One-second model interval; input zero padding beyond valid support is preserved. IEEE float WAV; independent -1 dBFS playback-only gain; no additional filtering, denoising, alignment or inference.",,
room02_A1minus_r5_event35_inferred,inferred_rir,Highly reverberant hallway,A1-,,5,runs/e6_phone_raw_cache/raw_v1_seed42001_batch072.npy,2,728752ffcea68f6943674516635c0c2d2e3b52c624ab071e25ebfd926652b6bf,audio/inferred_rirs/highly_reverberant_hallway/A1minus_r5.wav,44100,1.0,False,False,all normal protocol events; existing selected_for_demo flag retained,runs/matched_reg_1s/hybrid_shoebox_mit_but_ace_1000ms_full_c1_vm_seed42001/model_updates20000.pt,fa83b4108777231ef557379e8f7478aea1ab63f3e95449382edeaf85442d87fc,0.4917685389518738,5.164785176714056,e9f72f95318260f40daf452538ced82ce780a8fa9e6e9ab36a94848e3da57553,False,20.67211656880532,44100,website-only extension,user-authorized project example; no separate dataset license asserted,"One-second model interval; input zero padding beyond valid support is preserved. IEEE float WAV; independent -1 dBFS playback-only gain; no additional filtering, denoising, alignment or inference.",,
room02_A1plus_r1_event36_recorded,phone_recording,Highly reverberant hallway,A1+,,1,reports/phone_clap_demo/results/segments/m4a/room02_AcousticsHallway_m4a_ev36_A1p_r1.wav,,0ca4e1985c0def14e06ee8fb4a65153d1cc231f973b41649a5d9397b3ae66d0b,audio/phone_recordings/highly_reverberant_hallway/A1plus_r1.wav,44100,1.0,False,False,all normal protocol events; existing selected_for_demo flag retained,runs/matched_reg_1s/hybrid_shoebox_mit_but_ace_1000ms_full_c1_vm_seed42001/model_updates20000.pt,fa83b4108777231ef557379e8f7478aea1ab63f3e95449382edeaf85442d87fc,0.9339401125907898,-0.4063805737405608,c396db62e0adde92711ea7f813fd34402a94a2b9c60a109583881f52918731a3,False,30.958830369856067,42587,website-only extension,user-authorized project example; no separate dataset license asserted,"One-second model interval; input zero padding beyond valid support is preserved. IEEE float WAV; independent -1 dBFS playback-only gain; no additional filtering, denoising, alignment or inference.",,
room02_A1plus_r1_event36_inferred,inferred_rir,Highly reverberant hallway,A1+,,1,runs/e6_phone_raw_cache/raw_v1_seed42001_batch072.npy,3,728752ffcea68f6943674516635c0c2d2e3b52c624ab071e25ebfd926652b6bf,audio/inferred_rirs/highly_reverberant_hallway/A1plus_r1.wav,44100,1.0,False,False,all normal protocol events; existing selected_for_demo flag retained,runs/matched_reg_1s/hybrid_shoebox_mit_but_ace_1000ms_full_c1_vm_seed42001/model_updates20000.pt,fa83b4108777231ef557379e8f7478aea1ab63f3e95449382edeaf85442d87fc,0.47480472922325134,5.469699279381234,c301bad94715f1e17e70937c14596eb260a00b790fcdeddfbab18ebf92690400,False,30.958830369856067,42587,website-only extension,user-authorized project example; no separate dataset license asserted,"One-second model interval; input zero padding beyond valid support is preserved. IEEE float WAV; independent -1 dBFS playback-only gain; no additional filtering, denoising, alignment or inference.",,
room02_A1plus_r2_event37_recorded,phone_recording,Highly reverberant hallway,A1+,,2,reports/phone_clap_demo/results/segments/m4a/room02_AcousticsHallway_m4a_ev37_A1p_r2.wav,,0a8f5f730a11641e92805e297b5f7eca39b24687363f3a200c36b4d8444df138,audio/phone_recordings/highly_reverberant_hallway/A1plus_r2.wav,44100,1.0,False,False,all normal protocol events; existing selected_for_demo flag retained,runs/matched_reg_1s/hybrid_shoebox_mit_but_ace_1000ms_full_c1_vm_seed42001/model_updates20000.pt,fa83b4108777231ef557379e8f7478aea1ab63f3e95449382edeaf85442d87fc,0.9249187111854553,-0.3220713069987954,635f1a751779419cf20ea64982a42bb3919ed4d9e6bf79dae8f76f124419a5cd,False,32.017672044434306,41839,website-only extension,user-authorized project example; no separate dataset license asserted,"One-second model interval; input zero padding beyond valid support is preserved. IEEE float WAV; independent -1 dBFS playback-only gain; no additional filtering, denoising, alignment or inference.",,
room02_A1plus_r2_event37_inferred,inferred_rir,Highly reverberant hallway,A1+,,2,runs/e6_phone_raw_cache/raw_v1_seed42001_batch072.npy,4,728752ffcea68f6943674516635c0c2d2e3b52c624ab071e25ebfd926652b6bf,audio/inferred_rirs/highly_reverberant_hallway/A1plus_r2.wav,44100,1.0,False,False,all normal protocol events; existing selected_for_demo flag retained,runs/matched_reg_1s/hybrid_shoebox_mit_but_ace_1000ms_full_c1_vm_seed42001/model_updates20000.pt,fa83b4108777231ef557379e8f7478aea1ab63f3e95449382edeaf85442d87fc,0.5764634013175964,3.7845652022638014,fa133425addc6246ab2277c1d52d252fe878aa673d38e3af71fa40e9e88374d9,False,32.017672044434306,41839,website-only extension,user-authorized project example; no separate dataset license asserted,"One-second model interval; input zero padding beyond valid support is preserved. IEEE float WAV; independent -1 dBFS playback-only gain; no additional filtering, denoising, alignment or inference.",,
room02_A1plus_r3_event38_recorded,phone_recording,Highly reverberant hallway,A1+,,3,reports/phone_clap_demo/results/segments/m4a/room02_AcousticsHallway_m4a_ev38_A1p_r3.wav,,5ae9bfe19da03f3eb33efe552ec4e22d3039789a8168c7ac9c50903d7d2ecefd,audio/phone_recordings/highly_reverberant_hallway/A1plus_r3.wav,44100,1.0,True,True,"M4A normal protocol claps only, exclude clipped; highest existing pre-clap SNR per room/mode; event-index then filename tie break; all eight modes in protocol order",runs/matched_reg_1s/hybrid_shoebox_mit_but_ace_1000ms_full_c1_vm_seed42001/model_updates20000.pt,fa83b4108777231ef557379e8f7478aea1ab63f3e95449382edeaf85442d87fc,0.9552729725837708,-0.602549809625112,16f2f1c5ada65464e50b4c5af202e4bad42c6162c661b2462fff27e22775b9ed,False,33.35332265095394,42767,paper-linked,user-authorized project example; no separate dataset license asserted,"One-second model interval; input zero padding beyond valid support is preserved. IEEE float WAV; independent -1 dBFS playback-only gain; no additional filtering, denoising, alignment or inference.",,
room02_A1plus_r3_event38_inferred,inferred_rir,Highly reverberant hallway,A1+,,3,reports/phone_spectral_review/predictions.npz,15,5e6b726b636e0301ff942c28111a3a4c4335e8ddc1c8afb825f7ca1e7641d96e,audio/inferred_rirs/highly_reverberant_hallway/A1plus_r3.wav,44100,1.0,True,True,"M4A normal protocol claps only, exclude clipped; highest existing pre-clap SNR per room/mode; event-index then filename tie break; all eight modes in protocol order",runs/matched_reg_1s/hybrid_shoebox_mit_but_ace_1000ms_full_c1_vm_seed42001/model_updates20000.pt,fa83b4108777231ef557379e8f7478aea1ab63f3e95449382edeaf85442d87fc,0.467900812625885,5.59692401094027,002a5a2694ba72e5e30b6343059ff3cbca82a066971292f9101546d81ab8f66b,False,33.35332265095394,42767,paper-linked,user-authorized project example; no separate dataset license asserted,"One-second model interval; input zero padding beyond valid support is preserved. IEEE float WAV; independent -1 dBFS playback-only gain; no additional filtering, denoising, alignment or inference.",,
room02_A1plus_r4_event39_recorded,phone_recording,Highly reverberant hallway,A1+,,4,reports/phone_clap_demo/results/segments/m4a/room02_AcousticsHallway_m4a_ev39_A1p_r4.wav,,e0d4b23744b62b1f601575cc5b8add8f70f2e1fbe2b2f2f2f2521d5d89582ab9,audio/phone_recordings/highly_reverberant_hallway/A1plus_r4.wav,44100,1.0,False,False,all normal protocol events; existing selected_for_demo flag retained,runs/matched_reg_1s/hybrid_shoebox_mit_but_ace_1000ms_full_c1_vm_seed42001/model_updates20000.pt,fa83b4108777231ef557379e8f7478aea1ab63f3e95449382edeaf85442d87fc,0.8689019680023193,0.22058438258604998,1338062452313018ac994d6524ef1b05e692c7f645e302e9c5ca169ef7014c73,False,30.771408126786653,41698,website-only extension,user-authorized project example; no separate dataset license asserted,"One-second model interval; input zero padding beyond valid support is preserved. IEEE float WAV; independent -1 dBFS playback-only gain; no additional filtering, denoising, alignment or inference.",,
room02_A1plus_r4_event39_inferred,inferred_rir,Highly reverberant hallway,A1+,,4,runs/e6_phone_raw_cache/raw_v1_seed42001_batch072.npy,6,728752ffcea68f6943674516635c0c2d2e3b52c624ab071e25ebfd926652b6bf,audio/inferred_rirs/highly_reverberant_hallway/A1plus_r4.wav,44100,1.0,False,False,all normal protocol events; existing selected_for_demo flag retained,runs/matched_reg_1s/hybrid_shoebox_mit_but_ace_1000ms_full_c1_vm_seed42001/model_updates20000.pt,fa83b4108777231ef557379e8f7478aea1ab63f3e95449382edeaf85442d87fc,0.6444947719573975,2.8156120245284733,1fc808efe50bbe3b7d020d6ccec43516d99a9b461ed14831cf705ce154ad19df,False,30.771408126786653,41698,website-only extension,user-authorized project example; no separate dataset license asserted,"One-second model interval; input zero padding beyond valid support is preserved. IEEE float WAV; independent -1 dBFS playback-only gain; no additional filtering, denoising, alignment or inference.",,
room02_A1plus_r5_event40_recorded,phone_recording,Highly reverberant hallway,A1+,,5,reports/phone_clap_demo/results/segments/m4a/room02_AcousticsHallway_m4a_ev40_A1p_r5.wav,,b35923d1a9e296b65bfad1e5c9c11a91ed11312bf1d1173c15f2322452a0a195,audio/phone_recordings/highly_reverberant_hallway/A1plus_r5.wav,44100,1.0,False,False,all normal protocol events; existing selected_for_demo flag retained,runs/matched_reg_1s/hybrid_shoebox_mit_but_ace_1000ms_full_c1_vm_seed42001/model_updates20000.pt,fa83b4108777231ef557379e8f7478aea1ab63f3e95449382edeaf85442d87fc,0.9545064568519592,-0.5955774113394794,01ddc14be282d8a13624b8ac689b5e61cfaad4e7f5a3d0945f73100a63c2954b,False,33.341065539666,44100,website-only extension,user-authorized project example; no separate dataset license asserted,"One-second model interval; input zero padding beyond valid support is preserved. IEEE float WAV; independent -1 dBFS playback-only gain; no additional filtering, denoising, alignment or inference.",,
room02_A1plus_r5_event40_inferred,inferred_rir,Highly reverberant hallway,A1+,,5,runs/e6_phone_raw_cache/raw_v1_seed42001_batch072.npy,7,728752ffcea68f6943674516635c0c2d2e3b52c624ab071e25ebfd926652b6bf,audio/inferred_rirs/highly_reverberant_hallway/A1plus_r5.wav,44100,1.0,False,False,all normal protocol events; existing selected_for_demo flag retained,runs/matched_reg_1s/hybrid_shoebox_mit_but_ace_1000ms_full_c1_vm_seed42001/model_updates20000.pt,fa83b4108777231ef557379e8f7478aea1ab63f3e95449382edeaf85442d87fc,0.4470023512840271,5.993803848457796,25c452f1078b0137792dd53916f30c1074da1f34f9342e61cc35eba7e3bf49cd,False,33.341065539666,44100,website-only extension,user-authorized project example; no separate dataset license asserted,"One-second model interval; input zero padding beyond valid support is preserved. IEEE float WAV; independent -1 dBFS playback-only gain; no additional filtering, denoising, alignment or inference.",,
room03_P1_r1_event00_recorded,phone_recording,Small PC room,P1,,1,reports/phone_clap_demo/results/segments/m4a/room03_SmallPCRoom_m4a_ev00_P1_r1.wav,,c5ef160bc5b2e60a2d7fdec12a068155749f5864bab5a4eb2b847349cdfe7264,audio/phone_recordings/small_pc_room/P1_r1.wav,44100,1.0,False,True,all normal protocol events; existing selected_for_demo flag retained,runs/matched_reg_1s/hybrid_shoebox_mit_but_ace_1000ms_full_c1_vm_seed42001/model_updates20000.pt,fa83b4108777231ef557379e8f7478aea1ab63f3e95449382edeaf85442d87fc,0.6894959807395935,2.2293652220382913,0b1d937851bce64298c73ad76c5657b9d5cd6884d243eb551b246584a4b81c93,False,40.811285290810574,44100,website-only extension,user-authorized project example; no separate dataset license asserted,"One-second model interval; input zero padding beyond valid support is preserved. IEEE float WAV; independent -1 dBFS playback-only gain; no additional filtering, denoising, alignment or inference.",,
room03_P1_r1_event00_inferred,inferred_rir,Small PC room,P1,,1,runs/e6_phone_raw_cache/raw_v1_seed42001_batch080.npy,0,cc7266a9f5cf45791123f26074e8a1b7dbf83032fe259d99c252e98511021532,audio/inferred_rirs/small_pc_room/P1_r1.wav,44100,1.0,False,True,all normal protocol events; existing selected_for_demo flag retained,runs/matched_reg_1s/hybrid_shoebox_mit_but_ace_1000ms_full_c1_vm_seed42001/model_updates20000.pt,fa83b4108777231ef557379e8f7478aea1ab63f3e95449382edeaf85442d87fc,0.42500367760658264,6.432146238648584,c2177347de066e6f148dd924d4e0bb9cdda2417f65010ca29060f607e4cbba3a,False,40.811285290810574,44100,website-only extension,user-authorized project example; no separate dataset license asserted,"One-second model interval; input zero padding beyond valid support is preserved. IEEE float WAV; independent -1 dBFS playback-only gain; no additional filtering, denoising, alignment or inference.",,
room03_P1_r2_event01_recorded,phone_recording,Small PC room,P1,,2,reports/phone_clap_demo/results/segments/m4a/room03_SmallPCRoom_m4a_ev01_P1_r2.wav,,47c2b6d0287a11859cbcdbd733ea03cebfcc9ff20f744a056b545fa4e8e02bc2,audio/phone_recordings/small_pc_room/P1_r2.wav,44100,1.0,False,False,all normal protocol events; existing selected_for_demo flag retained,runs/matched_reg_1s/hybrid_shoebox_mit_but_ace_1000ms_full_c1_vm_seed42001/model_updates20000.pt,fa83b4108777231ef557379e8f7478aea1ab63f3e95449382edeaf85442d87fc,0.8197011947631836,0.7268886380582645,083b7ca32e9cf4fa7de4e44df59831fd1d6b8e9642e3423116961c4bf6e44f9b,False,37.95888221143399,44100,website-only extension,user-authorized project example; no separate dataset license asserted,"One-second model interval; input zero padding beyond valid support is preserved. IEEE float WAV; independent -1 dBFS playback-only gain; no additional filtering, denoising, alignment or inference.",,
room03_P1_r2_event01_inferred,inferred_rir,Small PC room,P1,,2,runs/e6_phone_raw_cache/raw_v1_seed42001_batch080.npy,1,cc7266a9f5cf45791123f26074e8a1b7dbf83032fe259d99c252e98511021532,audio/inferred_rirs/small_pc_room/P1_r2.wav,44100,1.0,False,False,all normal protocol events; existing selected_for_demo flag retained,runs/matched_reg_1s/hybrid_shoebox_mit_but_ace_1000ms_full_c1_vm_seed42001/model_updates20000.pt,fa83b4108777231ef557379e8f7478aea1ab63f3e95449382edeaf85442d87fc,0.6022347807884216,3.404683326903657,072737b596c3558846e0a739a1f6babf3caa7e38740de254fd314fedb48f09f0,False,37.95888221143399,44100,website-only extension,user-authorized project example; no separate dataset license asserted,"One-second model interval; input zero padding beyond valid support is preserved. IEEE float WAV; independent -1 dBFS playback-only gain; no additional filtering, denoising, alignment or inference.",,
room03_P1_r3_event02_recorded,phone_recording,Small PC room,P1,,3,reports/phone_clap_demo/results/segments/m4a/room03_SmallPCRoom_m4a_ev02_P1_r3.wav,,41007b3a3ed0bbdada0f7601a0c4c7d3c478cefe473fa7fc99023183f1b5a05c,audio/phone_recordings/small_pc_room/P1_r3.wav,44100,1.0,False,False,all normal protocol events; existing selected_for_demo flag retained,runs/matched_reg_1s/hybrid_shoebox_mit_but_ace_1000ms_full_c1_vm_seed42001/model_updates20000.pt,fa83b4108777231ef557379e8f7478aea1ab63f3e95449382edeaf85442d87fc,0.8201836347579956,0.7217780100466118,2fed740f5db31767628051c320c012a4426817873aa4fc24e2ddbd31f847eb29,False,38.69802989456331,44100,website-only extension,user-authorized project example; no separate dataset license asserted,"One-second model interval; input zero padding beyond valid support is preserved. IEEE float WAV; independent -1 dBFS playback-only gain; no additional filtering, denoising, alignment or inference.",,
room03_P1_r3_event02_inferred,inferred_rir,Small PC room,P1,,3,runs/e6_phone_raw_cache/raw_v1_seed42001_batch080.npy,2,cc7266a9f5cf45791123f26074e8a1b7dbf83032fe259d99c252e98511021532,audio/inferred_rirs/small_pc_room/P1_r3.wav,44100,1.0,False,False,all normal protocol events; existing selected_for_demo flag retained,runs/matched_reg_1s/hybrid_shoebox_mit_but_ace_1000ms_full_c1_vm_seed42001/model_updates20000.pt,fa83b4108777231ef557379e8f7478aea1ab63f3e95449382edeaf85442d87fc,0.7082571387290955,1.9961807881087268,07b92bec2d7c4f0251ce6557bca2e2a684f9bd8281a8e01391ccc9fc3218aea9,False,38.69802989456331,44100,website-only extension,user-authorized project example; no separate dataset license asserted,"One-second model interval; input zero padding beyond valid support is preserved. IEEE float WAV; independent -1 dBFS playback-only gain; no additional filtering, denoising, alignment or inference.",,
room03_P1_r4_event03_recorded,phone_recording,Small PC room,P1,,4,reports/phone_clap_demo/results/segments/m4a/room03_SmallPCRoom_m4a_ev03_P1_r4.wav,,d761f624a3e3eba0ec7c00730685f03493943f325f169a2829c5160e99e7798e,audio/phone_recordings/small_pc_room/P1_r4.wav,44100,1.0,False,False,all normal protocol events; existing selected_for_demo flag retained,runs/matched_reg_1s/hybrid_shoebox_mit_but_ace_1000ms_full_c1_vm_seed42001/model_updates20000.pt,fa83b4108777231ef557379e8f7478aea1ab63f3e95449382edeaf85442d87fc,0.910383403301239,-0.18448663478989819,9c210b86bfef4c3e157d74386e7fc2c039d7d06432cabd5e97b8f151831bef26,False,38.18191410091892,44100,website-only extension,user-authorized project example; no separate dataset license asserted,"One-second model interval; input zero padding beyond valid support is preserved. IEEE float WAV; independent -1 dBFS playback-only gain; no additional filtering, denoising, alignment or inference.",,
room03_P1_r4_event03_inferred,inferred_rir,Small PC room,P1,,4,runs/e6_phone_raw_cache/raw_v1_seed42001_batch080.npy,3,cc7266a9f5cf45791123f26074e8a1b7dbf83032fe259d99c252e98511021532,audio/inferred_rirs/small_pc_room/P1_r4.wav,44100,1.0,False,False,all normal protocol events; existing selected_for_demo flag retained,runs/matched_reg_1s/hybrid_shoebox_mit_but_ace_1000ms_full_c1_vm_seed42001/model_updates20000.pt,fa83b4108777231ef557379e8f7478aea1ab63f3e95449382edeaf85442d87fc,0.3895051181316376,7.189736625721838,ff575f47daca1d06089c610b74ec7e225b2fecbf25a7536eefef50861017498c,False,38.18191410091892,44100,website-only extension,user-authorized project example; no separate dataset license asserted,"One-second model interval; input zero padding beyond valid support is preserved. IEEE float WAV; independent -1 dBFS playback-only gain; no additional filtering, denoising, alignment or inference.",,
room03_P1_r5_event04_recorded,phone_recording,Small PC room,P1,,5,reports/phone_clap_demo/results/segments/m4a/room03_SmallPCRoom_m4a_ev04_P1_r5.wav,,337489b0fdb3fd5c7219d50b0849598e00664bc1c7940ed9c0ce5a5c8dca0e63,audio/phone_recordings/small_pc_room/P1_r5.wav,44100,1.0,False,False,all normal protocol events; existing selected_for_demo flag retained,runs/matched_reg_1s/hybrid_shoebox_mit_but_ace_1000ms_full_c1_vm_seed42001/model_updates20000.pt,fa83b4108777231ef557379e8f7478aea1ab63f3e95449382edeaf85442d87fc,0.9007639288902283,-0.09221973048316154,ebfaab875278381ff611c45e987ec93c95efa2c020d5596bc2cb05b4b840b26c,False,37.64677532591042,44100,website-only extension,user-authorized project example; no separate dataset license asserted,"One-second model interval; input zero padding beyond valid support is preserved. IEEE float WAV; independent -1 dBFS playback-only gain; no additional filtering, denoising, alignment or inference.",,
room03_P1_r5_event04_inferred,inferred_rir,Small PC room,P1,,5,runs/e6_phone_raw_cache/raw_v1_seed42001_batch080.npy,4,cc7266a9f5cf45791123f26074e8a1b7dbf83032fe259d99c252e98511021532,audio/inferred_rirs/small_pc_room/P1_r5.wav,44100,1.0,False,False,all normal protocol events; existing selected_for_demo flag retained,runs/matched_reg_1s/hybrid_shoebox_mit_but_ace_1000ms_full_c1_vm_seed42001/model_updates20000.pt,fa83b4108777231ef557379e8f7478aea1ab63f3e95449382edeaf85442d87fc,0.6705067157745361,2.4719373582098743,3551ffbc21c51e70660f4c49cfa5b1ebacfe33b4d5d1dab0dada9ca63f3ff112,False,37.64677532591042,44100,website-only extension,user-authorized project example; no separate dataset license asserted,"One-second model interval; input zero padding beyond valid support is preserved. IEEE float WAV; independent -1 dBFS playback-only gain; no additional filtering, denoising, alignment or inference.",,
room03_P2_r1_event05_recorded,phone_recording,Small PC room,P2,,1,reports/phone_clap_demo/results/segments/m4a/room03_SmallPCRoom_m4a_ev05_P2_r1.wav,,ab053efb0fe88f7278079a823ae58b039a05ddd24d477bfc30f21e8d99fe9633,audio/phone_recordings/small_pc_room/P2_r1.wav,44100,1.0,False,False,all normal protocol events; existing selected_for_demo flag retained,runs/matched_reg_1s/hybrid_shoebox_mit_but_ace_1000ms_full_c1_vm_seed42001/model_updates20000.pt,fa83b4108777231ef557379e8f7478aea1ab63f3e95449382edeaf85442d87fc,0.6969920992851257,2.1354428958969196,509cb20a299340d7a83a98c8989994e1eafe0b6b42b82ac4e1c3b18beb37811a,False,38.72051841189182,44100,website-only extension,user-authorized project example; no separate dataset license asserted,"One-second model interval; input zero padding beyond valid support is preserved. IEEE float WAV; independent -1 dBFS playback-only gain; no additional filtering, denoising, alignment or inference.",,
room03_P2_r1_event05_inferred,inferred_rir,Small PC room,P2,,1,runs/e6_phone_raw_cache/raw_v1_seed42001_batch080.npy,5,cc7266a9f5cf45791123f26074e8a1b7dbf83032fe259d99c252e98511021532,audio/inferred_rirs/small_pc_room/P2_r1.wav,44100,1.0,False,False,all normal protocol events; existing selected_for_demo flag retained,runs/matched_reg_1s/hybrid_shoebox_mit_but_ace_1000ms_full_c1_vm_seed42001/model_updates20000.pt,fa83b4108777231ef557379e8f7478aea1ab63f3e95449382edeaf85442d87fc,0.499148964881897,5.035396503500692,1bc6e13e2a7c01f4722b0c835a0e5fffb734f6bc38c22022a76a4ac21d78bbd9,False,38.72051841189182,44100,website-only extension,user-authorized project example; no separate dataset license asserted,"One-second model interval; input zero padding beyond valid support is preserved. IEEE float WAV; independent -1 dBFS playback-only gain; no additional filtering, denoising, alignment or inference.",,
room03_P2_r2_event06_recorded,phone_recording,Small PC room,P2,,2,reports/phone_clap_demo/results/segments/m4a/room03_SmallPCRoom_m4a_ev06_P2_r2.wav,,96cc4298c5c218e6b40fb276c4e986e083a9dbfc6f6cdff416bdcfc5556f0690,audio/phone_recordings/small_pc_room/P2_r2.wav,44100,1.0,False,False,all normal protocol events; existing selected_for_demo flag retained,runs/matched_reg_1s/hybrid_shoebox_mit_but_ace_1000ms_full_c1_vm_seed42001/model_updates20000.pt,fa83b4108777231ef557379e8f7478aea1ab63f3e95449382edeaf85442d87fc,0.9724144339561462,-0.7570279326933933,467a2449110fac403a346e17838feb1f3c4bac6aa3d43f6f5cff9aa1ea55bcab,False,38.862516451025186,44100,website-only extension,user-authorized project example; no separate dataset license asserted,"One-second model interval; input zero padding beyond valid support is preserved. IEEE float WAV; independent -1 dBFS playback-only gain; no additional filtering, denoising, alignment or inference.",,
room03_P2_r2_event06_inferred,inferred_rir,Small PC room,P2,,2,runs/e6_phone_raw_cache/raw_v1_seed42001_batch080.npy,6,cc7266a9f5cf45791123f26074e8a1b7dbf83032fe259d99c252e98511021532,audio/inferred_rirs/small_pc_room/P2_r2.wav,44100,1.0,False,False,all normal protocol events; existing selected_for_demo flag retained,runs/matched_reg_1s/hybrid_shoebox_mit_but_ace_1000ms_full_c1_vm_seed42001/model_updates20000.pt,fa83b4108777231ef557379e8f7478aea1ab63f3e95449382edeaf85442d87fc,0.6143335103988647,3.2319158865313993,860a1828167288963f233710d5398311ca80bf1c09f6c0ad7a65607f11eb2f8e,False,38.862516451025186,44100,website-only extension,user-authorized project example; no separate dataset license asserted,"One-second model interval; input zero padding beyond valid support is preserved. IEEE float WAV; independent -1 dBFS playback-only gain; no additional filtering, denoising, alignment or inference.",,
room03_P2_r3_event07_recorded,phone_recording,Small PC room,P2,,3,reports/phone_clap_demo/results/segments/m4a/room03_SmallPCRoom_m4a_ev07_P2_r3.wav,,26f8cdc84ab44ad1d1fea14d1b4a4acddc6df1635a700b4cc3af5aa907b576c6,audio/phone_recordings/small_pc_room/P2_r3.wav,44100,1.0,False,True,all normal protocol events; existing selected_for_demo flag retained,runs/matched_reg_1s/hybrid_shoebox_mit_but_ace_1000ms_full_c1_vm_seed42001/model_updates20000.pt,fa83b4108777231ef557379e8f7478aea1ab63f3e95449382edeaf85442d87fc,0.9248842597007751,-0.3217477678991796,5099de187a622586635fd559d1f53ee33442c1d0b7cbe53f7d9df919d8d30176,False,39.470964203647355,44100,website-only extension,user-authorized project example; no separate dataset license asserted,"One-second model interval; input zero padding beyond valid support is preserved. IEEE float WAV; independent -1 dBFS playback-only gain; no additional filtering, denoising, alignment or inference.",,
room03_P2_r3_event07_inferred,inferred_rir,Small PC room,P2,,3,runs/e6_phone_raw_cache/raw_v1_seed42001_batch080.npy,7,cc7266a9f5cf45791123f26074e8a1b7dbf83032fe259d99c252e98511021532,audio/inferred_rirs/small_pc_room/P2_r3.wav,44100,1.0,False,True,all normal protocol events; existing selected_for_demo flag retained,runs/matched_reg_1s/hybrid_shoebox_mit_but_ace_1000ms_full_c1_vm_seed42001/model_updates20000.pt,fa83b4108777231ef557379e8f7478aea1ab63f3e95449382edeaf85442d87fc,0.42847299575805664,6.361530880315059,efab2775f4310fe50ff82f93f7e993dafc188524b2dd4c1067e68cfbb296b892,False,39.470964203647355,44100,website-only extension,user-authorized project example; no separate dataset license asserted,"One-second model interval; input zero padding beyond valid support is preserved. IEEE float WAV; independent -1 dBFS playback-only gain; no additional filtering, denoising, alignment or inference.",,
room03_P2_r4_event08_recorded,phone_recording,Small PC room,P2,,4,reports/phone_clap_demo/results/segments/m4a/room03_SmallPCRoom_m4a_ev08_P2_r4.wav,,93d155aa39b371eb6b1e574a86943bce49bc8ae8d695fded30aa7169275eb605,audio/phone_recordings/small_pc_room/P2_r4.wav,44100,1.0,False,False,all normal protocol events; existing selected_for_demo flag retained,runs/matched_reg_1s/hybrid_shoebox_mit_but_ace_1000ms_full_c1_vm_seed42001/model_updates20000.pt,fa83b4108777231ef557379e8f7478aea1ab63f3e95449382edeaf85442d87fc,0.8665072917938232,0.24455556557956265,e64d4bfcf4fc56033e460b219d4a45ea9fedb69821d1c94e66f247cb871e079c,False,38.91241861535635,44100,website-only extension,user-authorized project example; no separate dataset license asserted,"One-second model interval; input zero padding beyond valid support is preserved. IEEE float WAV; independent -1 dBFS playback-only gain; no additional filtering, denoising, alignment or inference.",,
room03_P2_r4_event08_inferred,inferred_rir,Small PC room,P2,,4,runs/e6_phone_raw_cache/raw_v1_seed42001_batch088.npy,0,91910af9ea948344920a2d84e87d0c7065660cefaa1e607ab90a268689c4f63c,audio/inferred_rirs/small_pc_room/P2_r4.wav,44100,1.0,False,False,all normal protocol events; existing selected_for_demo flag retained,runs/matched_reg_1s/hybrid_shoebox_mit_but_ace_1000ms_full_c1_vm_seed42001/model_updates20000.pt,fa83b4108777231ef557379e8f7478aea1ab63f3e95449382edeaf85442d87fc,0.4645358622074127,5.659615056115664,9e64aa043118ca3319c254a90c26057063d606d11a6a64aa16795c367452d40e,False,38.91241861535635,44100,website-only extension,user-authorized project example; no separate dataset license asserted,"One-second model interval; input zero padding beyond valid support is preserved. IEEE float WAV; independent -1 dBFS playback-only gain; no additional filtering, denoising, alignment or inference.",,
room03_P2_r5_event09_recorded,phone_recording,Small PC room,P2,,5,reports/phone_clap_demo/results/segments/m4a/room03_SmallPCRoom_m4a_ev09_P2_r5.wav,,3feab51b39f4a9d3fe67d9f204cac394ec64e721e3899f67e864d25040ae8703,audio/phone_recordings/small_pc_room/P2_r5.wav,44100,1.0,False,False,all normal protocol events; existing selected_for_demo flag retained,runs/matched_reg_1s/hybrid_shoebox_mit_but_ace_1000ms_full_c1_vm_seed42001/model_updates20000.pt,fa83b4108777231ef557379e8f7478aea1ab63f3e95449382edeaf85442d87fc,0.8695035576820374,0.21457273375404037,2420d466c4874658b9ea93f78761246a774cf3959285abe288f7ae3ffefab050,False,38.324434836793685,44100,website-only extension,user-authorized project example; no separate dataset license asserted,"One-second model interval; input zero padding beyond valid support is preserved. IEEE float WAV; independent -1 dBFS playback-only gain; no additional filtering, denoising, alignment or inference.",,
room03_P2_r5_event09_inferred,inferred_rir,Small PC room,P2,,5,runs/e6_phone_raw_cache/raw_v1_seed42001_batch088.npy,1,91910af9ea948344920a2d84e87d0c7065660cefaa1e607ab90a268689c4f63c,audio/inferred_rirs/small_pc_room/P2_r5.wav,44100,1.0,False,False,all normal protocol events; existing selected_for_demo flag retained,runs/matched_reg_1s/hybrid_shoebox_mit_but_ace_1000ms_full_c1_vm_seed42001/model_updates20000.pt,fa83b4108777231ef557379e8f7478aea1ab63f3e95449382edeaf85442d87fc,0.7340938448905945,1.6849683462853644,c61cb9acb4707d9d0e7794003b52663a21a82199e40b2da71c4833e7a7f3c3d0,False,38.324434836793685,44100,website-only extension,user-authorized project example; no separate dataset license asserted,"One-second model interval; input zero padding beyond valid support is preserved. IEEE float WAV; independent -1 dBFS playback-only gain; no additional filtering, denoising, alignment or inference.",,
room03_P3_r1_event10_recorded,phone_recording,Small PC room,P3,,1,reports/phone_clap_demo/results/segments/m4a/room03_SmallPCRoom_m4a_ev10_P3_r1.wav,,d10bd22014843792e0ac2a4d8bec104ea836d7e6b091ce2460e7889f2da49067,audio/phone_recordings/small_pc_room/P3_r1.wav,44100,1.0,False,True,all normal protocol events; existing selected_for_demo flag retained,runs/matched_reg_1s/hybrid_shoebox_mit_but_ace_1000ms_full_c1_vm_seed42001/model_updates20000.pt,fa83b4108777231ef557379e8f7478aea1ab63f3e95449382edeaf85442d87fc,0.9118911623954773,-0.19886013517060722,fccc4a0b5d836f4bfdacc9398cef6426e51030f4524aa31960e0d3385096b7b2,False,37.56666029263234,44100,website-only extension,user-authorized project example; no separate dataset license asserted,"One-second model interval; input zero padding beyond valid support is preserved. IEEE float WAV; independent -1 dBFS playback-only gain; no additional filtering, denoising, alignment or inference.",,
room03_P3_r1_event10_inferred,inferred_rir,Small PC room,P3,,1,runs/e6_phone_raw_cache/raw_v1_seed42001_batch088.npy,2,91910af9ea948344920a2d84e87d0c7065660cefaa1e607ab90a268689c4f63c,audio/inferred_rirs/small_pc_room/P3_r1.wav,44100,1.0,False,True,all normal protocol events; existing selected_for_demo flag retained,runs/matched_reg_1s/hybrid_shoebox_mit_but_ace_1000ms_full_c1_vm_seed42001/model_updates20000.pt,fa83b4108777231ef557379e8f7478aea1ab63f3e95449382edeaf85442d87fc,0.3902311325073242,7.173561713858877,559a327cf90ec5b988760662091b1e570fffed47b8577f7b63671038ec29d5c3,False,37.56666029263234,44100,website-only extension,user-authorized project example; no separate dataset license asserted,"One-second model interval; input zero padding beyond valid support is preserved. IEEE float WAV; independent -1 dBFS playback-only gain; no additional filtering, denoising, alignment or inference.",,
room03_P3_r2_event11_recorded,phone_recording,Small PC room,P3,,2,reports/phone_clap_demo/results/segments/m4a/room03_SmallPCRoom_m4a_ev11_P3_r2.wav,,c0d51419d3ac8e39752675392ed1d279108ca0011e351a2d02db6e81b9928991,audio/phone_recordings/small_pc_room/P3_r2.wav,44100,1.0,False,False,all normal protocol events; existing selected_for_demo flag retained,runs/matched_reg_1s/hybrid_shoebox_mit_but_ace_1000ms_full_c1_vm_seed42001/model_updates20000.pt,fa83b4108777231ef557379e8f7478aea1ab63f3e95449382edeaf85442d87fc,0.8289986252784729,0.6289237927211491,17ac95fa281547f2368e02380dbaa2748d85d47b589c91288db2db1bf0ba5e63,False,35.46626327494498,44100,website-only extension,user-authorized project example; no separate dataset license asserted,"One-second model interval; input zero padding beyond valid support is preserved. IEEE float WAV; independent -1 dBFS playback-only gain; no additional filtering, denoising, alignment or inference.",,
room03_P3_r2_event11_inferred,inferred_rir,Small PC room,P3,,2,runs/e6_phone_raw_cache/raw_v1_seed42001_batch088.npy,3,91910af9ea948344920a2d84e87d0c7065660cefaa1e607ab90a268689c4f63c,audio/inferred_rirs/small_pc_room/P3_r2.wav,44100,1.0,False,False,all normal protocol events; existing selected_for_demo flag retained,runs/matched_reg_1s/hybrid_shoebox_mit_but_ace_1000ms_full_c1_vm_seed42001/model_updates20000.pt,fa83b4108777231ef557379e8f7478aea1ab63f3e95449382edeaf85442d87fc,0.782090425491333,1.1348606160014156,50cad8e7f5530fdfea68f49ce8c37e40d54e2a04faea1448712fbc566fe30d71,False,35.46626327494498,44100,website-only extension,user-authorized project example; no separate dataset license asserted,"One-second model interval; input zero padding beyond valid support is preserved. IEEE float WAV; independent -1 dBFS playback-only gain; no additional filtering, denoising, alignment or inference.",,
room03_P3_r3_event12_recorded,phone_recording,Small PC room,P3,,3,reports/phone_clap_demo/results/segments/m4a/room03_SmallPCRoom_m4a_ev12_P3_r3.wav,,a0d0c6ddf5bdea297b8378d7efe03389bf40dac75a5216197ddb16bfe4712c31,audio/phone_recordings/small_pc_room/P3_r3.wav,44100,1.0,False,False,all normal protocol events; existing selected_for_demo flag retained,runs/matched_reg_1s/hybrid_shoebox_mit_but_ace_1000ms_full_c1_vm_seed42001/model_updates20000.pt,fa83b4108777231ef557379e8f7478aea1ab63f3e95449382edeaf85442d87fc,0.767869770526886,1.294248587321616,48c4ac656449354d5f36d5f1283ab9a4fd57999f865e3e32dfd93b5761137032,False,35.55715637212933,44100,website-only extension,user-authorized project example; no separate dataset license asserted,"One-second model interval; input zero padding beyond valid support is preserved. IEEE float WAV; independent -1 dBFS playback-only gain; no additional filtering, denoising, alignment or inference.",,
room03_P3_r3_event12_inferred,inferred_rir,Small PC room,P3,,3,runs/e6_phone_raw_cache/raw_v1_seed42001_batch088.npy,4,91910af9ea948344920a2d84e87d0c7065660cefaa1e607ab90a268689c4f63c,audio/inferred_rirs/small_pc_room/P3_r3.wav,44100,1.0,False,False,all normal protocol events; existing selected_for_demo flag retained,runs/matched_reg_1s/hybrid_shoebox_mit_but_ace_1000ms_full_c1_vm_seed42001/model_updates20000.pt,fa83b4108777231ef557379e8f7478aea1ab63f3e95449382edeaf85442d87fc,0.6451517939567566,2.8067618151443225,76c72a19757fd5e401d01fa853273c817f392efb58829e90d41774ce51355c4e,False,35.55715637212933,44100,website-only extension,user-authorized project example; no separate dataset license asserted,"One-second model interval; input zero padding beyond valid support is preserved. IEEE float WAV; independent -1 dBFS playback-only gain; no additional filtering, denoising, alignment or inference.",,
room03_P3_r4_event13_recorded,phone_recording,Small PC room,P3,,4,reports/phone_clap_demo/results/segments/m4a/room03_SmallPCRoom_m4a_ev13_P3_r4.wav,,07eb80693d2c954e71c40c0b7b7e33ca77eefaf3f15d6b61b9feddbe0dd8ce18,audio/phone_recordings/small_pc_room/P3_r4.wav,44100,1.0,False,False,all normal protocol events; existing selected_for_demo flag retained,runs/matched_reg_1s/hybrid_shoebox_mit_but_ace_1000ms_full_c1_vm_seed42001/model_updates20000.pt,fa83b4108777231ef557379e8f7478aea1ab63f3e95449382edeaf85442d87fc,0.7444634437561035,1.5631324609839856,adcbcd16591965b6cd96ec2f6d94367943dd2170ea776f039741a36e53d94811,False,36.51742921026215,44100,website-only extension,user-authorized project example; no separate dataset license asserted,"One-second model interval; input zero padding beyond valid support is preserved. IEEE float WAV; independent -1 dBFS playback-only gain; no additional filtering, denoising, alignment or inference.",,
room03_P3_r4_event13_inferred,inferred_rir,Small PC room,P3,,4,runs/e6_phone_raw_cache/raw_v1_seed42001_batch088.npy,5,91910af9ea948344920a2d84e87d0c7065660cefaa1e607ab90a268689c4f63c,audio/inferred_rirs/small_pc_room/P3_r4.wav,44100,1.0,False,False,all normal protocol events; existing selected_for_demo flag retained,runs/matched_reg_1s/hybrid_shoebox_mit_but_ace_1000ms_full_c1_vm_seed42001/model_updates20000.pt,fa83b4108777231ef557379e8f7478aea1ab63f3e95449382edeaf85442d87fc,0.3563978374004364,7.961298797972985,f45d22ec12fb6c2f26d14ef42d9a8e0e99539a715101776055a91f3381bbe9a8,False,36.51742921026215,44100,website-only extension,user-authorized project example; no separate dataset license asserted,"One-second model interval; input zero padding beyond valid support is preserved. IEEE float WAV; independent -1 dBFS playback-only gain; no additional filtering, denoising, alignment or inference.",,
room03_P3_r5_event14_recorded,phone_recording,Small PC room,P3,,5,reports/phone_clap_demo/results/segments/m4a/room03_SmallPCRoom_m4a_ev14_P3_r5.wav,,b635f47a6815b05cceb92c2fa52c9cf96465f8f7800f8613189f010e6696559a,audio/phone_recordings/small_pc_room/P3_r5.wav,44100,1.0,False,False,all normal protocol events; existing selected_for_demo flag retained,runs/matched_reg_1s/hybrid_shoebox_mit_but_ace_1000ms_full_c1_vm_seed42001/model_updates20000.pt,fa83b4108777231ef557379e8f7478aea1ab63f3e95449382edeaf85442d87fc,0.8853988647460938,0.05722078413964882,b9a6de8240a611276b43db5ecd28c33ea60c7904f9bb05c2bcb114c3c1befda4,False,35.39820531181726,44100,website-only extension,user-authorized project example; no separate dataset license asserted,"One-second model interval; input zero padding beyond valid support is preserved. IEEE float WAV; independent -1 dBFS playback-only gain; no additional filtering, denoising, alignment or inference.",,
room03_P3_r5_event14_inferred,inferred_rir,Small PC room,P3,,5,runs/e6_phone_raw_cache/raw_v1_seed42001_batch088.npy,6,91910af9ea948344920a2d84e87d0c7065660cefaa1e607ab90a268689c4f63c,audio/inferred_rirs/small_pc_room/P3_r5.wav,44100,1.0,False,False,all normal protocol events; existing selected_for_demo flag retained,runs/matched_reg_1s/hybrid_shoebox_mit_but_ace_1000ms_full_c1_vm_seed42001/model_updates20000.pt,fa83b4108777231ef557379e8f7478aea1ab63f3e95449382edeaf85442d87fc,0.6696805357933044,2.4826464722367527,b755b15d9141e27c95d352764a8f76515e9fb92315e4ed18c64fd0ad6a8b56fa,False,35.39820531181726,44100,website-only extension,user-authorized project example; no separate dataset license asserted,"One-second model interval; input zero padding beyond valid support is preserved. IEEE float WAV; independent -1 dBFS playback-only gain; no additional filtering, denoising, alignment or inference.",,
room03_A1_r1_event15_recorded,phone_recording,Small PC room,A1,,1,reports/phone_clap_demo/results/segments/m4a/room03_SmallPCRoom_m4a_ev15_A1_r1.wav,,ba7f87df91098081c848464cb2f8f7bd3fa601f2760df8258fce0b7b506c596d,audio/phone_recordings/small_pc_room/A1_r1.wav,44100,1.0,False,False,all normal protocol events; existing selected_for_demo flag retained,runs/matched_reg_1s/hybrid_shoebox_mit_but_ace_1000ms_full_c1_vm_seed42001/model_updates20000.pt,fa83b4108777231ef557379e8f7478aea1ab63f3e95449382edeaf85442d87fc,0.716004490852356,1.9016850748964973,96ec98ae47226a067a2ad35529b150983e204c76521ebf55552468739be7d860,False,36.26014646718525,44100,website-only extension,user-authorized project example; no separate dataset license asserted,"One-second model interval; input zero padding beyond valid support is preserved. IEEE float WAV; independent -1 dBFS playback-only gain; no additional filtering, denoising, alignment or inference.",,
room03_A1_r1_event15_inferred,inferred_rir,Small PC room,A1,,1,runs/e6_phone_raw_cache/raw_v1_seed42001_batch088.npy,7,91910af9ea948344920a2d84e87d0c7065660cefaa1e607ab90a268689c4f63c,audio/inferred_rirs/small_pc_room/A1_r1.wav,44100,1.0,False,False,all normal protocol events; existing selected_for_demo flag retained,runs/matched_reg_1s/hybrid_shoebox_mit_but_ace_1000ms_full_c1_vm_seed42001/model_updates20000.pt,fa83b4108777231ef557379e8f7478aea1ab63f3e95449382edeaf85442d87fc,0.753368079662323,1.4598556975261323,3585f115b4aaa4386cd997470519f2ac1d112ee0176f4ff6f7f18676812dcdd2,False,36.26014646718525,44100,website-only extension,user-authorized project example; no separate dataset license asserted,"One-second model interval; input zero padding beyond valid support is preserved. IEEE float WAV; independent -1 dBFS playback-only gain; no additional filtering, denoising, alignment or inference.",,
room03_A1_r2_event16_recorded,phone_recording,Small PC room,A1,,2,reports/phone_clap_demo/results/segments/m4a/room03_SmallPCRoom_m4a_ev16_A1_r2.wav,,d424f53c532fcf2c8e796f489a7acfdc997cef429f08d72effb9a64465b8bdf3,audio/phone_recordings/small_pc_room/A1_r2.wav,44100,1.0,False,False,all normal protocol events; existing selected_for_demo flag retained,runs/matched_reg_1s/hybrid_shoebox_mit_but_ace_1000ms_full_c1_vm_seed42001/model_updates20000.pt,fa83b4108777231ef557379e8f7478aea1ab63f3e95449382edeaf85442d87fc,0.9266970753669739,-0.33875584801287095,8681d214eefff4bdc7c0b849c1178f2331f8beba9104ffd325bba969fdec0e22,False,39.93609604843258,44100,website-only extension,user-authorized project example; no separate dataset license asserted,"One-second model interval; input zero padding beyond valid support is preserved. IEEE float WAV; independent -1 dBFS playback-only gain; no additional filtering, denoising, alignment or inference.",,
room03_A1_r2_event16_inferred,inferred_rir,Small PC room,A1,,2,runs/e6_phone_raw_cache/raw_v1_seed42001_batch096.npy,0,4bc51d04502d3f0d387affa03ad51d7514f6012e7752b791dde30e88984446a3,audio/inferred_rirs/small_pc_room/A1_r2.wav,44100,1.0,False,False,all normal protocol events; existing selected_for_demo flag retained,runs/matched_reg_1s/hybrid_shoebox_mit_but_ace_1000ms_full_c1_vm_seed42001/model_updates20000.pt,fa83b4108777231ef557379e8f7478aea1ab63f3e95449382edeaf85442d87fc,0.9175768494606018,-0.25284895491858034,102db12ed1abd8dc9e6b1993c82f5e51936e55ee9cfb8975a9432558c6374a8c,False,39.93609604843258,44100,website-only extension,user-authorized project example; no separate dataset license asserted,"One-second model interval; input zero padding beyond valid support is preserved. IEEE float WAV; independent -1 dBFS playback-only gain; no additional filtering, denoising, alignment or inference.",,
room03_A1_r3_event17_recorded,phone_recording,Small PC room,A1,,3,reports/phone_clap_demo/results/segments/m4a/room03_SmallPCRoom_m4a_ev17_A1_r3.wav,,97d27759985dcea01fda1bae383887232c56e857c61bb80c57802b666810bd81,audio/phone_recordings/small_pc_room/A1_r3.wav,44100,1.0,False,True,all normal protocol events; existing selected_for_demo flag retained,runs/matched_reg_1s/hybrid_shoebox_mit_but_ace_1000ms_full_c1_vm_seed42001/model_updates20000.pt,fa83b4108777231ef557379e8f7478aea1ab63f3e95449382edeaf85442d87fc,0.947684109210968,-0.533271968519235,6c2659da2b10176cef1f84e031ce0189b47dab063b572e5dde7d8df1418585da,False,40.053063144906375,44100,website-only extension,user-authorized project example; no separate dataset license asserted,"One-second model interval; input zero padding beyond valid support is preserved. IEEE float WAV; independent -1 dBFS playback-only gain; no additional filtering, denoising, alignment or inference.",,
room03_A1_r3_event17_inferred,inferred_rir,Small PC room,A1,,3,runs/e6_phone_raw_cache/raw_v1_seed42001_batch096.npy,1,4bc51d04502d3f0d387affa03ad51d7514f6012e7752b791dde30e88984446a3,audio/inferred_rirs/small_pc_room/A1_r3.wav,44100,1.0,False,True,all normal protocol events; existing selected_for_demo flag retained,runs/matched_reg_1s/hybrid_shoebox_mit_but_ace_1000ms_full_c1_vm_seed42001/model_updates20000.pt,fa83b4108777231ef557379e8f7478aea1ab63f3e95449382edeaf85442d87fc,0.8967850804328918,-0.053767488179773455,74cfa5b18d0148452965d36e68968d4cc725c0aef92e713a29f226df53a7ea2c,False,40.053063144906375,44100,website-only extension,user-authorized project example; no separate dataset license asserted,"One-second model interval; input zero padding beyond valid support is preserved. IEEE float WAV; independent -1 dBFS playback-only gain; no additional filtering, denoising, alignment or inference.",,
room03_A1_r4_event18_recorded,phone_recording,Small PC room,A1,,4,reports/phone_clap_demo/results/segments/m4a/room03_SmallPCRoom_m4a_ev18_A1_r4.wav,,025673b0bae016be14363b1b2c9004664eca758d5c617e40b2f8282529064f88,audio/phone_recordings/small_pc_room/A1_r4.wav,44100,1.0,False,False,all normal protocol events; existing selected_for_demo flag retained,runs/matched_reg_1s/hybrid_shoebox_mit_but_ace_1000ms_full_c1_vm_seed42001/model_updates20000.pt,fa83b4108777231ef557379e8f7478aea1ab63f3e95449382edeaf85442d87fc,0.7215699553489685,1.8344311639176434,820949df0646af5e0735c0e8f6d4e104f72f1cec9dde5ff38d6ed13e6e4463c7,False,34.91276309229755,44100,website-only extension,user-authorized project example; no separate dataset license asserted,"One-second model interval; input zero padding beyond valid support is preserved. IEEE float WAV; independent -1 dBFS playback-only gain; no additional filtering, denoising, alignment or inference.",,
room03_A1_r4_event18_inferred,inferred_rir,Small PC room,A1,,4,runs/e6_phone_raw_cache/raw_v1_seed42001_batch096.npy,2,4bc51d04502d3f0d387affa03ad51d7514f6012e7752b791dde30e88984446a3,audio/inferred_rirs/small_pc_room/A1_r4.wav,44100,1.0,False,False,all normal protocol events; existing selected_for_demo flag retained,runs/matched_reg_1s/hybrid_shoebox_mit_but_ace_1000ms_full_c1_vm_seed42001/model_updates20000.pt,fa83b4108777231ef557379e8f7478aea1ab63f3e95449382edeaf85442d87fc,0.49757418036460876,5.062843274387584,f508f901d97432feafd1a8b129217dbd87b84f99722eb9b9030af6b5cbe57358,False,34.91276309229755,44100,website-only extension,user-authorized project example; no separate dataset license asserted,"One-second model interval; input zero padding beyond valid support is preserved. IEEE float WAV; independent -1 dBFS playback-only gain; no additional filtering, denoising, alignment or inference.",,
room03_A1_r5_event19_recorded,phone_recording,Small PC room,A1,,5,reports/phone_clap_demo/results/segments/m4a/room03_SmallPCRoom_m4a_ev19_A1_r5.wav,,3c9502f7b7411dbb70411f10115bb630bf1494784389b67d397799e5a5aa7dda,audio/phone_recordings/small_pc_room/A1_r5.wav,44100,1.0,False,False,all normal protocol events; existing selected_for_demo flag retained,runs/matched_reg_1s/hybrid_shoebox_mit_but_ace_1000ms_full_c1_vm_seed42001/model_updates20000.pt,fa83b4108777231ef557379e8f7478aea1ab63f3e95449382edeaf85442d87fc,0.8848752379417419,0.06235915763770524,0bee11915b0338b34c54eaf975abddb3a22dd0a459af9fe13cb6934f03bb2984,False,37.78149894138926,44100,website-only extension,user-authorized project example; no separate dataset license asserted,"One-second model interval; input zero padding beyond valid support is preserved. IEEE float WAV; independent -1 dBFS playback-only gain; no additional filtering, denoising, alignment or inference.",,
room03_A1_r5_event19_inferred,inferred_rir,Small PC room,A1,,5,runs/e6_phone_raw_cache/raw_v1_seed42001_batch096.npy,3,4bc51d04502d3f0d387affa03ad51d7514f6012e7752b791dde30e88984446a3,audio/inferred_rirs/small_pc_room/A1_r5.wav,44100,1.0,False,False,all normal protocol events; existing selected_for_demo flag retained,runs/matched_reg_1s/hybrid_shoebox_mit_but_ace_1000ms_full_c1_vm_seed42001/model_updates20000.pt,fa83b4108777231ef557379e8f7478aea1ab63f3e95449382edeaf85442d87fc,0.6568519473075867,2.6506501647603646,802effc789b61b7883f3aca59a015cb6da2ff510472381b2dee1f513f9c23b88,False,37.78149894138926,44100,website-only extension,user-authorized project example; no separate dataset license asserted,"One-second model interval; input zero padding beyond valid support is preserved. IEEE float WAV; independent -1 dBFS playback-only gain; no additional filtering, denoising, alignment or inference.",,
room03_A2_r1_event20_recorded,phone_recording,Small PC room,A2,,1,reports/phone_clap_demo/results/segments/m4a/room03_SmallPCRoom_m4a_ev20_A2_r1.wav,,d85660a828d0af840ef1ec4c7e5b416a0e2ee207e1585b664e6a51ea87b3e5e3,audio/phone_recordings/small_pc_room/A2_r1.wav,44100,1.0,False,False,all normal protocol events; existing selected_for_demo flag retained,runs/matched_reg_1s/hybrid_shoebox_mit_but_ace_1000ms_full_c1_vm_seed42001/model_updates20000.pt,fa83b4108777231ef557379e8f7478aea1ab63f3e95449382edeaf85442d87fc,0.9352213740348816,-0.41828847717595774,8572d535cc2665772abc6f1c514dc84946e10b8a461babdb1e739b78ea4992a7,False,37.3658815890637,44100,website-only extension,user-authorized project example; no separate dataset license asserted,"One-second model interval; input zero padding beyond valid support is preserved. IEEE float WAV; independent -1 dBFS playback-only gain; no additional filtering, denoising, alignment or inference.",,
room03_A2_r1_event20_inferred,inferred_rir,Small PC room,A2,,1,runs/e6_phone_raw_cache/raw_v1_seed42001_batch096.npy,4,4bc51d04502d3f0d387affa03ad51d7514f6012e7752b791dde30e88984446a3,audio/inferred_rirs/small_pc_room/A2_r1.wav,44100,1.0,False,False,all normal protocol events; existing selected_for_demo flag retained,runs/matched_reg_1s/hybrid_shoebox_mit_but_ace_1000ms_full_c1_vm_seed42001/model_updates20000.pt,fa83b4108777231ef557379e8f7478aea1ab63f3e95449382edeaf85442d87fc,0.55770343542099,4.071933605424879,ea81552752436710605e98d970a137e8c66748816f3032796f7cab59142ae92a,False,37.3658815890637,44100,website-only extension,user-authorized project example; no separate dataset license asserted,"One-second model interval; input zero padding beyond valid support is preserved. IEEE float WAV; independent -1 dBFS playback-only gain; no additional filtering, denoising, alignment or inference.",,
room03_A2_r2_event21_recorded,phone_recording,Small PC room,A2,,2,reports/phone_clap_demo/results/segments/m4a/room03_SmallPCRoom_m4a_ev21_A2_r2.wav,,547e6b47b6d66939f3490b483e553b53952f21571c82a8a48cf4931bdc15a71b,audio/phone_recordings/small_pc_room/A2_r2.wav,44100,1.0,False,True,all normal protocol events; existing selected_for_demo flag retained,runs/matched_reg_1s/hybrid_shoebox_mit_but_ace_1000ms_full_c1_vm_seed42001/model_updates20000.pt,fa83b4108777231ef557379e8f7478aea1ab63f3e95449382edeaf85442d87fc,0.9304001927375793,-0.37339583373841767,c802d0501b2270c55d731d56f720ed772e61945f19475512d7252a821c18f33f,False,41.20561657983,44100,website-only extension,user-authorized project example; no separate dataset license asserted,"One-second model interval; input zero padding beyond valid support is preserved. IEEE float WAV; independent -1 dBFS playback-only gain; no additional filtering, denoising, alignment or inference.",,
room03_A2_r2_event21_inferred,inferred_rir,Small PC room,A2,,2,runs/e6_phone_raw_cache/raw_v1_seed42001_batch096.npy,5,4bc51d04502d3f0d387affa03ad51d7514f6012e7752b791dde30e88984446a3,audio/inferred_rirs/small_pc_room/A2_r2.wav,44100,1.0,False,True,all normal protocol events; existing selected_for_demo flag retained,runs/matched_reg_1s/hybrid_shoebox_mit_but_ace_1000ms_full_c1_vm_seed42001/model_updates20000.pt,fa83b4108777231ef557379e8f7478aea1ab63f3e95449382edeaf85442d87fc,0.7739742398262024,1.2254698738746503,87f6982e60246753a50a49e3d07bef9f22eb40e3812e5e0def4909c3dc2e9ea8,False,41.20561657983,44100,website-only extension,user-authorized project example; no separate dataset license asserted,"One-second model interval; input zero padding beyond valid support is preserved. IEEE float WAV; independent -1 dBFS playback-only gain; no additional filtering, denoising, alignment or inference.",,
room03_A2_r3_event22_recorded,phone_recording,Small PC room,A2,,3,reports/phone_clap_demo/results/segments/m4a/room03_SmallPCRoom_m4a_ev22_A2_r3.wav,,2981a3bf061e8013301a8988de070c962ca0d4a1214092e072316b1f47fbce7f,audio/phone_recordings/small_pc_room/A2_r3.wav,44100,1.0,False,False,all normal protocol events; existing selected_for_demo flag retained,runs/matched_reg_1s/hybrid_shoebox_mit_but_ace_1000ms_full_c1_vm_seed42001/model_updates20000.pt,fa83b4108777231ef557379e8f7478aea1ab63f3e95449382edeaf85442d87fc,0.9394897222518921,-0.45784066810918167,34908c9d3bcfee2c8457bc43608db6d399dc14b4c667f7caf1896de6dcef58ca,False,40.32931357225853,44100,website-only extension,user-authorized project example; no separate dataset license asserted,"One-second model interval; input zero padding beyond valid support is preserved. IEEE float WAV; independent -1 dBFS playback-only gain; no additional filtering, denoising, alignment or inference.",,
room03_A2_r3_event22_inferred,inferred_rir,Small PC room,A2,,3,runs/e6_phone_raw_cache/raw_v1_seed42001_batch096.npy,6,4bc51d04502d3f0d387affa03ad51d7514f6012e7752b791dde30e88984446a3,audio/inferred_rirs/small_pc_room/A2_r3.wav,44100,1.0,False,False,all normal protocol events; existing selected_for_demo flag retained,runs/matched_reg_1s/hybrid_shoebox_mit_but_ace_1000ms_full_c1_vm_seed42001/model_updates20000.pt,fa83b4108777231ef557379e8f7478aea1ab63f3e95449382edeaf85442d87fc,0.444702684879303,6.038604970061295,2787f8cb38439d4c56c5928f37afea779912fa6f19a4f76a43d00697f6b3d73a,False,40.32931357225853,44100,website-only extension,user-authorized project example; no separate dataset license asserted,"One-second model interval; input zero padding beyond valid support is preserved. IEEE float WAV; independent -1 dBFS playback-only gain; no additional filtering, denoising, alignment or inference.",,
room03_A2_r4_event23_recorded,phone_recording,Small PC room,A2,,4,reports/phone_clap_demo/results/segments/m4a/room03_SmallPCRoom_m4a_ev23_A2_r4.wav,,44a4bee8123ed456f0b399f541f0a58789e83215a75832398447a76f42dcc9a5,audio/phone_recordings/small_pc_room/A2_r4.wav,44100,1.0,False,False,all normal protocol events; existing selected_for_demo flag retained,runs/matched_reg_1s/hybrid_shoebox_mit_but_ace_1000ms_full_c1_vm_seed42001/model_updates20000.pt,fa83b4108777231ef557379e8f7478aea1ab63f3e95449382edeaf85442d87fc,0.8936160206794739,-0.023018923510116897,0d2eabe2e3c026901eb376669bcfa2cd6c3ec8413afdbd86e6f00c25b0bb4c49,False,38.838879178974466,44100,website-only extension,user-authorized project example; no separate dataset license asserted,"One-second model interval; input zero padding beyond valid support is preserved. IEEE float WAV; independent -1 dBFS playback-only gain; no additional filtering, denoising, alignment or inference.",,
room03_A2_r4_event23_inferred,inferred_rir,Small PC room,A2,,4,runs/e6_phone_raw_cache/raw_v1_seed42001_batch096.npy,7,4bc51d04502d3f0d387affa03ad51d7514f6012e7752b791dde30e88984446a3,audio/inferred_rirs/small_pc_room/A2_r4.wav,44100,1.0,False,False,all normal protocol events; existing selected_for_demo flag retained,runs/matched_reg_1s/hybrid_shoebox_mit_but_ace_1000ms_full_c1_vm_seed42001/model_updates20000.pt,fa83b4108777231ef557379e8f7478aea1ab63f3e95449382edeaf85442d87fc,0.5650227665901184,3.9586810540445114,bb7c63412f99dd385066d63d7dc16982301eb15cf0d85dcbffa622a31ca5130a,False,38.838879178974466,44100,website-only extension,user-authorized project example; no separate dataset license asserted,"One-second model interval; input zero padding beyond valid support is preserved. IEEE float WAV; independent -1 dBFS playback-only gain; no additional filtering, denoising, alignment or inference.",,
room03_A2_r5_event24_recorded,phone_recording,Small PC room,A2,,5,reports/phone_clap_demo/results/segments/m4a/room03_SmallPCRoom_m4a_ev24_A2_r5.wav,,077106655a8bdd2f9348905f2f903640629190b9e16de1a23499bb5256ed0162,audio/phone_recordings/small_pc_room/A2_r5.wav,44100,1.0,False,False,all normal protocol events; existing selected_for_demo flag retained,runs/matched_reg_1s/hybrid_shoebox_mit_but_ace_1000ms_full_c1_vm_seed42001/model_updates20000.pt,fa83b4108777231ef557379e8f7478aea1ab63f3e95449382edeaf85442d87fc,0.48742568492889404,5.241831787433789,53f749f2c0de30af6673fe3adec6c398f058865853d5ab1202b430f7e562422f,False,31.85224857126689,44100,website-only extension,user-authorized project example; no separate dataset license asserted,"One-second model interval; input zero padding beyond valid support is preserved. IEEE float WAV; independent -1 dBFS playback-only gain; no additional filtering, denoising, alignment or inference.",,
room03_A2_r5_event24_inferred,inferred_rir,Small PC room,A2,,5,runs/e6_phone_raw_cache/raw_v1_seed42001_batch104.npy,0,13eb0369a2540434580a9bfe7424c238b0fcb4b58a3ac48661cbd4f6b2132d6f,audio/inferred_rirs/small_pc_room/A2_r5.wav,44100,1.0,False,False,all normal protocol events; existing selected_for_demo flag retained,runs/matched_reg_1s/hybrid_shoebox_mit_but_ace_1000ms_full_c1_vm_seed42001/model_updates20000.pt,fa83b4108777231ef557379e8f7478aea1ab63f3e95449382edeaf85442d87fc,0.7202470898628235,1.8503697559616281,ddf0a1f926cf455bd4332d92614e32405ac9279925bb0c580a9d70778ff661d9,False,31.85224857126689,44100,website-only extension,user-authorized project example; no separate dataset license asserted,"One-second model interval; input zero padding beyond valid support is preserved. IEEE float WAV; independent -1 dBFS playback-only gain; no additional filtering, denoising, alignment or inference.",,
room03_A3_r1_event25_recorded,phone_recording,Small PC room,A3,,1,reports/phone_clap_demo/results/segments/m4a/room03_SmallPCRoom_m4a_ev25_A3_r1.wav,,07aaf97e83976a1e09a17922c78341462acbf4f0825e71074951bf871f0fbd34,audio/phone_recordings/small_pc_room/A3_r1.wav,44100,1.0,False,False,all normal protocol events; existing selected_for_demo flag retained,runs/matched_reg_1s/hybrid_shoebox_mit_but_ace_1000ms_full_c1_vm_seed42001/model_updates20000.pt,fa83b4108777231ef557379e8f7478aea1ab63f3e95449382edeaf85442d87fc,0.9701601266860962,-0.7368684254657938,e6a4ea3ee6d8442b2343222c7c0a83e1ae109e1e4ab15bb15fe275d832f028cd,False,38.37241901039236,43442,website-only extension,user-authorized project example; no separate dataset license asserted,"One-second model interval; input zero padding beyond valid support is preserved. IEEE float WAV; independent -1 dBFS playback-only gain; no additional filtering, denoising, alignment or inference.",,
room03_A3_r1_event25_inferred,inferred_rir,Small PC room,A3,,1,runs/e6_phone_raw_cache/raw_v1_seed42001_batch104.npy,1,13eb0369a2540434580a9bfe7424c238b0fcb4b58a3ac48661cbd4f6b2132d6f,audio/inferred_rirs/small_pc_room/A3_r1.wav,44100,1.0,False,False,all normal protocol events; existing selected_for_demo flag retained,runs/matched_reg_1s/hybrid_shoebox_mit_but_ace_1000ms_full_c1_vm_seed42001/model_updates20000.pt,fa83b4108777231ef557379e8f7478aea1ab63f3e95449382edeaf85442d87fc,0.44449785351753235,6.042606637980727,6692940bbe218ab518d4695f8373dc0caa16b16defb78014a8cf14942cbee1fa,False,38.37241901039236,43442,website-only extension,user-authorized project example; no separate dataset license asserted,"One-second model interval; input zero padding beyond valid support is preserved. IEEE float WAV; independent -1 dBFS playback-only gain; no additional filtering, denoising, alignment or inference.",,
room03_A3_r2_event26_recorded,phone_recording,Small PC room,A3,,2,reports/phone_clap_demo/results/segments/m4a/room03_SmallPCRoom_m4a_ev26_A3_r2.wav,,9810df39ddc0d2eacafa48d465d2aa26c2741757bd6528d3ee5e27f641e3b26f,audio/phone_recordings/small_pc_room/A3_r2.wav,44100,1.0,False,False,all normal protocol events; existing selected_for_demo flag retained,runs/matched_reg_1s/hybrid_shoebox_mit_but_ace_1000ms_full_c1_vm_seed42001/model_updates20000.pt,fa83b4108777231ef557379e8f7478aea1ab63f3e95449382edeaf85442d87fc,0.9425492286682129,-0.48608084717193856,7cfc2292637599e9919d1dd626c757c29e6ce150ac32ac1ef9338df53125d1ab,False,34.06285481879496,44100,website-only extension,user-authorized project example; no separate dataset license asserted,"One-second model interval; input zero padding beyond valid support is preserved. IEEE float WAV; independent -1 dBFS playback-only gain; no additional filtering, denoising, alignment or inference.",,
room03_A3_r2_event26_inferred,inferred_rir,Small PC room,A3,,2,runs/e6_phone_raw_cache/raw_v1_seed42001_batch104.npy,2,13eb0369a2540434580a9bfe7424c238b0fcb4b58a3ac48661cbd4f6b2132d6f,audio/inferred_rirs/small_pc_room/A3_r2.wav,44100,1.0,False,False,all normal protocol events; existing selected_for_demo flag retained,runs/matched_reg_1s/hybrid_shoebox_mit_but_ace_1000ms_full_c1_vm_seed42001/model_updates20000.pt,fa83b4108777231ef557379e8f7478aea1ab63f3e95449382edeaf85442d87fc,0.43545806407928467,6.221073250136381,e576e978c90248a297d3a1a7ac26c7a2bbaeba9dedc62940b6234b5eff1e83fc,False,34.06285481879496,44100,website-only extension,user-authorized project example; no separate dataset license asserted,"One-second model interval; input zero padding beyond valid support is preserved. IEEE float WAV; independent -1 dBFS playback-only gain; no additional filtering, denoising, alignment or inference.",,
room03_A3_r3_event27_recorded,phone_recording,Small PC room,A3,,3,reports/phone_clap_demo/results/segments/m4a/room03_SmallPCRoom_m4a_ev27_A3_r3.wav,,347009bec2a4c71429796bd3fb6a761cdfe91fbc96c7d4ef9d7ffcfc1532b851,audio/phone_recordings/small_pc_room/A3_r3.wav,44100,1.0,False,False,all normal protocol events; existing selected_for_demo flag retained,runs/matched_reg_1s/hybrid_shoebox_mit_but_ace_1000ms_full_c1_vm_seed42001/model_updates20000.pt,fa83b4108777231ef557379e8f7478aea1ab63f3e95449382edeaf85442d87fc,0.9138039946556091,-0.21706104447681038,6ed40bf5dcdb41ac875a5753de5ae67cde2b973b03c003d79f225c99e503edc3,False,39.64296346625535,44100,website-only extension,user-authorized project example; no separate dataset license asserted,"One-second model interval; input zero padding beyond valid support is preserved. IEEE float WAV; independent -1 dBFS playback-only gain; no additional filtering, denoising, alignment or inference.",,
room03_A3_r3_event27_inferred,inferred_rir,Small PC room,A3,,3,runs/e6_phone_raw_cache/raw_v1_seed42001_batch104.npy,3,13eb0369a2540434580a9bfe7424c238b0fcb4b58a3ac48661cbd4f6b2132d6f,audio/inferred_rirs/small_pc_room/A3_r3.wav,44100,1.0,False,False,all normal protocol events; existing selected_for_demo flag retained,runs/matched_reg_1s/hybrid_shoebox_mit_but_ace_1000ms_full_c1_vm_seed42001/model_updates20000.pt,fa83b4108777231ef557379e8f7478aea1ab63f3e95449382edeaf85442d87fc,0.4534142017364502,5.870097622470551,ad50982175e0b4701e6d8c0ba0e18db67afe38d4fac3f39ac8e4f950b838a60c,False,39.64296346625535,44100,website-only extension,user-authorized project example; no separate dataset license asserted,"One-second model interval; input zero padding beyond valid support is preserved. IEEE float WAV; independent -1 dBFS playback-only gain; no additional filtering, denoising, alignment or inference.",,
room03_A3_r4_event28_recorded,phone_recording,Small PC room,A3,,4,reports/phone_clap_demo/results/segments/m4a/room03_SmallPCRoom_m4a_ev28_A3_r4.wav,,6dca4056833b7973898387e184e9e08992d920c6c8588453f4be5b1c52edc4ab,audio/phone_recordings/small_pc_room/A3_r4.wav,44100,1.0,False,False,all normal protocol events; existing selected_for_demo flag retained,runs/matched_reg_1s/hybrid_shoebox_mit_but_ace_1000ms_full_c1_vm_seed42001/model_updates20000.pt,fa83b4108777231ef557379e8f7478aea1ab63f3e95449382edeaf85442d87fc,0.881746768951416,0.09312246148599135,9756a73738476cd6c84e79eedb30f1b0e7cba0420bd9ad56d293259a182471a1,False,36.366324829164526,44100,website-only extension,user-authorized project example; no separate dataset license asserted,"One-second model interval; input zero padding beyond valid support is preserved. IEEE float WAV; independent -1 dBFS playback-only gain; no additional filtering, denoising, alignment or inference.",,
room03_A3_r4_event28_inferred,inferred_rir,Small PC room,A3,,4,runs/e6_phone_raw_cache/raw_v1_seed42001_batch104.npy,4,13eb0369a2540434580a9bfe7424c238b0fcb4b58a3ac48661cbd4f6b2132d6f,audio/inferred_rirs/small_pc_room/A3_r4.wav,44100,1.0,False,False,all normal protocol events; existing selected_for_demo flag retained,runs/matched_reg_1s/hybrid_shoebox_mit_but_ace_1000ms_full_c1_vm_seed42001/model_updates20000.pt,fa83b4108777231ef557379e8f7478aea1ab63f3e95449382edeaf85442d87fc,0.3469047546386719,8.195794954488418,f0ede0a5ae724d322abf7e7ff2549707798c93b33e29f61d4f633640f2d65576,False,36.366324829164526,44100,website-only extension,user-authorized project example; no separate dataset license asserted,"One-second model interval; input zero padding beyond valid support is preserved. IEEE float WAV; independent -1 dBFS playback-only gain; no additional filtering, denoising, alignment or inference.",,
room03_A3_r5_event29_recorded,phone_recording,Small PC room,A3,,5,reports/phone_clap_demo/results/segments/m4a/room03_SmallPCRoom_m4a_ev29_A3_r5.wav,,de97f62e57b9cfb8814d6c0b091e6d7bcd42c99f4406a4284c8b86d4158e990f,audio/phone_recordings/small_pc_room/A3_r5.wav,44100,1.0,False,True,all normal protocol events; existing selected_for_demo flag retained,runs/matched_reg_1s/hybrid_shoebox_mit_but_ace_1000ms_full_c1_vm_seed42001/model_updates20000.pt,fa83b4108777231ef557379e8f7478aea1ab63f3e95449382edeaf85442d87fc,0.915131151676178,-0.22966678553819164,53fda566737ef55b81ea98caf41cffdd3c81df29bdaec6bec46c3935d5002aa0,False,41.42137974909164,44100,website-only extension,user-authorized project example; no separate dataset license asserted,"One-second model interval; input zero padding beyond valid support is preserved. IEEE float WAV; independent -1 dBFS playback-only gain; no additional filtering, denoising, alignment or inference.",,
room03_A3_r5_event29_inferred,inferred_rir,Small PC room,A3,,5,runs/e6_phone_raw_cache/raw_v1_seed42001_batch104.npy,5,13eb0369a2540434580a9bfe7424c238b0fcb4b58a3ac48661cbd4f6b2132d6f,audio/inferred_rirs/small_pc_room/A3_r5.wav,44100,1.0,False,True,all normal protocol events; existing selected_for_demo flag retained,runs/matched_reg_1s/hybrid_shoebox_mit_but_ace_1000ms_full_c1_vm_seed42001/model_updates20000.pt,fa83b4108777231ef557379e8f7478aea1ab63f3e95449382edeaf85442d87fc,0.6898312568664551,2.225142625087903,d5d5118ed380ba521b68290b158ceb79a0caaa471ca83b5aa14a0a7d3ac4377b,False,41.42137974909164,44100,website-only extension,user-authorized project example; no separate dataset license asserted,"One-second model interval; input zero padding beyond valid support is preserved. IEEE float WAV; independent -1 dBFS playback-only gain; no additional filtering, denoising, alignment or inference.",,
room03_A1minus_r1_event30_recorded,phone_recording,Small PC room,A1-,,1,reports/phone_clap_demo/results/segments/m4a/room03_SmallPCRoom_m4a_ev30_A1m_r1.wav,,d5af289b45b9807d7652cdfc7851a77cdae5a3c640e26e8096f6ba4e2ab72524,audio/phone_recordings/small_pc_room/A1minus_r1.wav,44100,1.0,False,False,all normal protocol events; existing selected_for_demo flag retained,runs/matched_reg_1s/hybrid_shoebox_mit_but_ace_1000ms_full_c1_vm_seed42001/model_updates20000.pt,fa83b4108777231ef557379e8f7478aea1ab63f3e95449382edeaf85442d87fc,0.9717321991920471,-0.7509318738772306,aaa61bc4a1781e319e3991dd3591640f74b3580243323021994409e55ecdaa01,False,42.919233401407425,44100,website-only extension,user-authorized project example; no separate dataset license asserted,"One-second model interval; input zero padding beyond valid support is preserved. IEEE float WAV; independent -1 dBFS playback-only gain; no additional filtering, denoising, alignment or inference.",,
room03_A1minus_r1_event30_inferred,inferred_rir,Small PC room,A1-,,1,runs/e6_phone_raw_cache/raw_v1_seed42001_batch104.npy,6,13eb0369a2540434580a9bfe7424c238b0fcb4b58a3ac48661cbd4f6b2132d6f,audio/inferred_rirs/small_pc_room/A1minus_r1.wav,44100,1.0,False,False,all normal protocol events; existing selected_for_demo flag retained,runs/matched_reg_1s/hybrid_shoebox_mit_but_ace_1000ms_full_c1_vm_seed42001/model_updates20000.pt,fa83b4108777231ef557379e8f7478aea1ab63f3e95449382edeaf85442d87fc,0.4285481572151184,6.360007361040224,d4667ab6eec0e36b23cea84cdb1c629be250661a72a2c49de1f49b2e1ca2e96d,False,42.919233401407425,44100,website-only extension,user-authorized project example; no separate dataset license asserted,"One-second model interval; input zero padding beyond valid support is preserved. IEEE float WAV; independent -1 dBFS playback-only gain; no additional filtering, denoising, alignment or inference.",,
room03_A1minus_r2_event31_recorded,phone_recording,Small PC room,A1-,,2,reports/phone_clap_demo/results/segments/m4a/room03_SmallPCRoom_m4a_ev31_A1m_r2.wav,,326bf987224d4b619ce82e8df632303dbba2f35b88c44b82078f1f1f338eba8a,audio/phone_recordings/small_pc_room/A1minus_r2.wav,44100,1.0,False,True,all normal protocol events; existing selected_for_demo flag retained,runs/matched_reg_1s/hybrid_shoebox_mit_but_ace_1000ms_full_c1_vm_seed42001/model_updates20000.pt,fa83b4108777231ef557379e8f7478aea1ab63f3e95449382edeaf85442d87fc,0.9634338617324829,-0.6764381271981011,6dab14470b1ee667b023fba3a5a28383cde8130e9421cf3135fc8383eb986a58,False,43.025462082188895,44100,website-only extension,user-authorized project example; no separate dataset license asserted,"One-second model interval; input zero padding beyond valid support is preserved. IEEE float WAV; independent -1 dBFS playback-only gain; no additional filtering, denoising, alignment or inference.",,
room03_A1minus_r2_event31_inferred,inferred_rir,Small PC room,A1-,,2,runs/e6_phone_raw_cache/raw_v1_seed42001_batch104.npy,7,13eb0369a2540434580a9bfe7424c238b0fcb4b58a3ac48661cbd4f6b2132d6f,audio/inferred_rirs/small_pc_room/A1minus_r2.wav,44100,1.0,False,True,all normal protocol events; existing selected_for_demo flag retained,runs/matched_reg_1s/hybrid_shoebox_mit_but_ace_1000ms_full_c1_vm_seed42001/model_updates20000.pt,fa83b4108777231ef557379e8f7478aea1ab63f3e95449382edeaf85442d87fc,0.4347286820411682,6.2356341093978385,6387e2a46bdab689359fd4e5ab387476bceb09f258aa405b2688dadeb74de38a,False,43.025462082188895,44100,website-only extension,user-authorized project example; no separate dataset license asserted,"One-second model interval; input zero padding beyond valid support is preserved. IEEE float WAV; independent -1 dBFS playback-only gain; no additional filtering, denoising, alignment or inference.",,
room03_A1minus_r3_event32_recorded,phone_recording,Small PC room,A1-,,3,reports/phone_clap_demo/results/segments/m4a/room03_SmallPCRoom_m4a_ev32_A1m_r3.wav,,ed62fc110e1e1ba5fe2fdd9109772023ffa39bbf03d92b33dba9a2be1735d3ca,audio/phone_recordings/small_pc_room/A1minus_r3.wav,44100,1.0,False,False,all normal protocol events; existing selected_for_demo flag retained,runs/matched_reg_1s/hybrid_shoebox_mit_but_ace_1000ms_full_c1_vm_seed42001/model_updates20000.pt,fa83b4108777231ef557379e8f7478aea1ab63f3e95449382edeaf85442d87fc,0.9192569851875305,-0.26873877281688296,965e1d6b64242ca6c47c9cab320a4d199646be191ddc8e6129d72057dd6a8256,False,41.65815397641941,44100,website-only extension,user-authorized project example; no separate dataset license asserted,"One-second model interval; input zero padding beyond valid support is preserved. IEEE float WAV; independent -1 dBFS playback-only gain; no additional filtering, denoising, alignment or inference.",,
room03_A1minus_r3_event32_inferred,inferred_rir,Small PC room,A1-,,3,runs/e6_phone_raw_cache/raw_v1_seed42001_batch112.npy,0,943b35d18aee5fd2cfdb376a6a3f6da7dad5a2a2a562e418999d7ca0a2cc575d,audio/inferred_rirs/small_pc_room/A1minus_r3.wav,44100,1.0,False,False,all normal protocol events; existing selected_for_demo flag retained,runs/matched_reg_1s/hybrid_shoebox_mit_but_ace_1000ms_full_c1_vm_seed42001/model_updates20000.pt,fa83b4108777231ef557379e8f7478aea1ab63f3e95449382edeaf85442d87fc,0.6328014731407166,2.9746503697227817,cb5e1351a558c89e54b4d50aefd5825b52499ea9754e5ea67d0c0f17912c9b39,False,41.65815397641941,44100,website-only extension,user-authorized project example; no separate dataset license asserted,"One-second model interval; input zero padding beyond valid support is preserved. IEEE float WAV; independent -1 dBFS playback-only gain; no additional filtering, denoising, alignment or inference.",,
room03_A1minus_r4_event33_recorded,phone_recording,Small PC room,A1-,,4,reports/phone_clap_demo/results/segments/m4a/room03_SmallPCRoom_m4a_ev33_A1m_r4.wav,,a184f5b232b4b89731d8595397dbff58ab6eb0277e7108f7bd0edee1469ac1f3,audio/phone_recordings/small_pc_room/A1minus_r4.wav,44100,1.0,False,False,all normal protocol events; existing selected_for_demo flag retained,runs/matched_reg_1s/hybrid_shoebox_mit_but_ace_1000ms_full_c1_vm_seed42001/model_updates20000.pt,fa83b4108777231ef557379e8f7478aea1ab63f3e95449382edeaf85442d87fc,0.9423760771751404,-0.48448505474550935,d979d2a8ef1dcc9ef087aac835f188fffdbbb18e3e61fd1d38c47202e9322ebc,False,42.44683653779499,44100,website-only extension,user-authorized project example; no separate dataset license asserted,"One-second model interval; input zero padding beyond valid support is preserved. IEEE float WAV; independent -1 dBFS playback-only gain; no additional filtering, denoising, alignment or inference.",,
room03_A1minus_r4_event33_inferred,inferred_rir,Small PC room,A1-,,4,runs/e6_phone_raw_cache/raw_v1_seed42001_batch112.npy,1,943b35d18aee5fd2cfdb376a6a3f6da7dad5a2a2a562e418999d7ca0a2cc575d,audio/inferred_rirs/small_pc_room/A1minus_r4.wav,44100,1.0,False,False,all normal protocol events; existing selected_for_demo flag retained,runs/matched_reg_1s/hybrid_shoebox_mit_but_ace_1000ms_full_c1_vm_seed42001/model_updates20000.pt,fa83b4108777231ef557379e8f7478aea1ab63f3e95449382edeaf85442d87fc,0.4513271152973175,5.910171474057664,2ee903d8387a819024e099e9f9485ab1833feda83057e9c910ed72703ae9404e,False,42.44683653779499,44100,website-only extension,user-authorized project example; no separate dataset license asserted,"One-second model interval; input zero padding beyond valid support is preserved. IEEE float WAV; independent -1 dBFS playback-only gain; no additional filtering, denoising, alignment or inference.",,
room03_A1minus_r5_event34_recorded,phone_recording,Small PC room,A1-,,5,reports/phone_clap_demo/results/segments/m4a/room03_SmallPCRoom_m4a_ev34_A1m_r5.wav,,9cecc63416a9832db6f9a6b46406a169f82e8d21de4f024d54917a3c38492630,audio/phone_recordings/small_pc_room/A1minus_r5.wav,44100,1.0,False,False,all normal protocol events; existing selected_for_demo flag retained,runs/matched_reg_1s/hybrid_shoebox_mit_but_ace_1000ms_full_c1_vm_seed42001/model_updates20000.pt,fa83b4108777231ef557379e8f7478aea1ab63f3e95449382edeaf85442d87fc,0.895878791809082,-0.044985112677945846,853e801646b4ff4d6f56cb184a6f7943cc11dcb34e43af7351053106b5996656,False,42.829302000143684,44100,website-only extension,user-authorized project example; no separate dataset license asserted,"One-second model interval; input zero padding beyond valid support is preserved. IEEE float WAV; independent -1 dBFS playback-only gain; no additional filtering, denoising, alignment or inference.",,
room03_A1minus_r5_event34_inferred,inferred_rir,Small PC room,A1-,,5,runs/e6_phone_raw_cache/raw_v1_seed42001_batch112.npy,2,943b35d18aee5fd2cfdb376a6a3f6da7dad5a2a2a562e418999d7ca0a2cc575d,audio/inferred_rirs/small_pc_room/A1minus_r5.wav,44100,1.0,False,False,all normal protocol events; existing selected_for_demo flag retained,runs/matched_reg_1s/hybrid_shoebox_mit_but_ace_1000ms_full_c1_vm_seed42001/model_updates20000.pt,fa83b4108777231ef557379e8f7478aea1ab63f3e95449382edeaf85442d87fc,0.6633713841438293,2.564865331533416,7b797444f2e682103b827fb676b229267e970891089586dfa84a02070b320bfc,False,42.829302000143684,44100,website-only extension,user-authorized project example; no separate dataset license asserted,"One-second model interval; input zero padding beyond valid support is preserved. IEEE float WAV; independent -1 dBFS playback-only gain; no additional filtering, denoising, alignment or inference.",,
room03_A1plus_r1_event35_recorded,phone_recording,Small PC room,A1+,,1,reports/phone_clap_demo/results/segments/m4a/room03_SmallPCRoom_m4a_ev35_A1p_r1.wav,,694e9377a286cf132e3164e8b1af1339e79676992a26c383a98a8c3b67eb8add,audio/phone_recordings/small_pc_room/A1plus_r1.wav,44100,1.0,False,False,all normal protocol events; existing selected_for_demo flag retained,runs/matched_reg_1s/hybrid_shoebox_mit_but_ace_1000ms_full_c1_vm_seed42001/model_updates20000.pt,fa83b4108777231ef557379e8f7478aea1ab63f3e95449382edeaf85442d87fc,0.8952321410179138,-0.038713320632517007,8ea2c65c50b11f78a03d9ea925d9236a54ec640c6ccd9eb8772780da54b0cb9d,False,44.878199249891566,43027,website-only extension,user-authorized project example; no separate dataset license asserted,"One-second model interval; input zero padding beyond valid support is preserved. IEEE float WAV; independent -1 dBFS playback-only gain; no additional filtering, denoising, alignment or inference.",,
room03_A1plus_r1_event35_inferred,inferred_rir,Small PC room,A1+,,1,runs/e6_phone_raw_cache/raw_v1_seed42001_batch112.npy,3,943b35d18aee5fd2cfdb376a6a3f6da7dad5a2a2a562e418999d7ca0a2cc575d,audio/inferred_rirs/small_pc_room/A1plus_r1.wav,44100,1.0,False,False,all normal protocol events; existing selected_for_demo flag retained,runs/matched_reg_1s/hybrid_shoebox_mit_but_ace_1000ms_full_c1_vm_seed42001/model_updates20000.pt,fa83b4108777231ef557379e8f7478aea1ab63f3e95449382edeaf85442d87fc,0.3228538930416107,8.819879448207855,6a2800e26ab9e25cde433dfc1f0910d1886ba8d66ad3a31c32c564f1259d3b1f,False,44.878199249891566,43027,website-only extension,user-authorized project example; no separate dataset license asserted,"One-second model interval; input zero padding beyond valid support is preserved. IEEE float WAV; independent -1 dBFS playback-only gain; no additional filtering, denoising, alignment or inference.",,
room03_A1plus_r2_event36_recorded,phone_recording,Small PC room,A1+,,2,reports/phone_clap_demo/results/segments/m4a/room03_SmallPCRoom_m4a_ev36_A1p_r2.wav,,a7a0acf9041a28f825486d3b5403ff3b8af7d01b51625a5bdcd30a897571362c,audio/phone_recordings/small_pc_room/A1plus_r2.wav,44100,1.0,False,False,all normal protocol events; existing selected_for_demo flag retained,runs/matched_reg_1s/hybrid_shoebox_mit_but_ace_1000ms_full_c1_vm_seed42001/model_updates20000.pt,fa83b4108777231ef557379e8f7478aea1ab63f3e95449382edeaf85442d87fc,0.9779655337333679,-0.8064709858711838,2d2a851518456ead9c8ddcdf15c13bb345b9fca0c9896203204307e4accb2b4b,False,43.54328928124583,43337,website-only extension,user-authorized project example; no separate dataset license asserted,"One-second model interval; input zero padding beyond valid support is preserved. IEEE float WAV; independent -1 dBFS playback-only gain; no additional filtering, denoising, alignment or inference.",,
room03_A1plus_r2_event36_inferred,inferred_rir,Small PC room,A1+,,2,runs/e6_phone_raw_cache/raw_v1_seed42001_batch112.npy,4,943b35d18aee5fd2cfdb376a6a3f6da7dad5a2a2a562e418999d7ca0a2cc575d,audio/inferred_rirs/small_pc_room/A1plus_r2.wav,44100,1.0,False,False,all normal protocol events; existing selected_for_demo flag retained,runs/matched_reg_1s/hybrid_shoebox_mit_but_ace_1000ms_full_c1_vm_seed42001/model_updates20000.pt,fa83b4108777231ef557379e8f7478aea1ab63f3e95449382edeaf85442d87fc,0.43845999240875244,6.161400559928688,019860c8105490f113b025452c3d38c61e7c6c2f8302654da3198845961ba2cc,False,43.54328928124583,43337,website-only extension,user-authorized project example; no separate dataset license asserted,"One-second model interval; input zero padding beyond valid support is preserved. IEEE float WAV; independent -1 dBFS playback-only gain; no additional filtering, denoising, alignment or inference.",,
room03_A1plus_r3_event37_recorded,phone_recording,Small PC room,A1+,,3,reports/phone_clap_demo/results/segments/m4a/room03_SmallPCRoom_m4a_ev37_A1p_r3.wav,,2ae31a439a7ea199c05769578df6ca78606dc22a2d218c07be90f94443a433c8,audio/phone_recordings/small_pc_room/A1plus_r3.wav,44100,1.0,False,False,all normal protocol events; existing selected_for_demo flag retained,runs/matched_reg_1s/hybrid_shoebox_mit_but_ace_1000ms_full_c1_vm_seed42001/model_updates20000.pt,fa83b4108777231ef557379e8f7478aea1ab63f3e95449382edeaf85442d87fc,0.97397381067276,-0.7709455845287638,5a747f4d2a0819ecbdef120b8b41f77372c7bceef48ea08724a3f6adfa7c4e29,False,39.7973588553929,43241,website-only extension,user-authorized project example; no separate dataset license asserted,"One-second model interval; input zero padding beyond valid support is preserved. IEEE float WAV; independent -1 dBFS playback-only gain; no additional filtering, denoising, alignment or inference.",,
room03_A1plus_r3_event37_inferred,inferred_rir,Small PC room,A1+,,3,runs/e6_phone_raw_cache/raw_v1_seed42001_batch112.npy,5,943b35d18aee5fd2cfdb376a6a3f6da7dad5a2a2a562e418999d7ca0a2cc575d,audio/inferred_rirs/small_pc_room/A1plus_r3.wav,44100,1.0,False,False,all normal protocol events; existing selected_for_demo flag retained,runs/matched_reg_1s/hybrid_shoebox_mit_but_ace_1000ms_full_c1_vm_seed42001/model_updates20000.pt,fa83b4108777231ef557379e8f7478aea1ab63f3e95449382edeaf85442d87fc,0.39860501885414124,6.989144747585845,d70330ea6a3ea02eeb5b81c3de5065e9b444fac3e68ebed6753035dad73fc836,False,39.7973588553929,43241,website-only extension,user-authorized project example; no separate dataset license asserted,"One-second model interval; input zero padding beyond valid support is preserved. IEEE float WAV; independent -1 dBFS playback-only gain; no additional filtering, denoising, alignment or inference.",,
room03_A1plus_r4_event38_recorded,phone_recording,Small PC room,A1+,,4,reports/phone_clap_demo/results/segments/m4a/room03_SmallPCRoom_m4a_ev38_A1p_r4.wav,,5d0160df67430bf8625b5ae1c183f8acb258f04d84dd96a9613c8d548fbab333,audio/phone_recordings/small_pc_room/A1plus_r4.wav,44100,1.0,False,False,all normal protocol events; existing selected_for_demo flag retained,runs/matched_reg_1s/hybrid_shoebox_mit_but_ace_1000ms_full_c1_vm_seed42001/model_updates20000.pt,fa83b4108777231ef557379e8f7478aea1ab63f3e95449382edeaf85442d87fc,0.920194685459137,-0.27759441377581356,df128e40aeee51b2cb989ab1d94952f3cc712e134739b37e05ac3fde60982347,False,42.338654987497804,44100,website-only extension,user-authorized project example; no separate dataset license asserted,"One-second model interval; input zero padding beyond valid support is preserved. IEEE float WAV; independent -1 dBFS playback-only gain; no additional filtering, denoising, alignment or inference.",,
room03_A1plus_r4_event38_inferred,inferred_rir,Small PC room,A1+,,4,runs/e6_phone_raw_cache/raw_v1_seed42001_batch112.npy,6,943b35d18aee5fd2cfdb376a6a3f6da7dad5a2a2a562e418999d7ca0a2cc575d,audio/inferred_rirs/small_pc_room/A1plus_r4.wav,44100,1.0,False,False,all normal protocol events; existing selected_for_demo flag retained,runs/matched_reg_1s/hybrid_shoebox_mit_but_ace_1000ms_full_c1_vm_seed42001/model_updates20000.pt,fa83b4108777231ef557379e8f7478aea1ab63f3e95449382edeaf85442d87fc,0.41535684466362,6.631572568058296,ff05707d57160998bdc9f284cad8705ae0d0ffdc5112996f0c65309ce7efef7b,False,42.338654987497804,44100,website-only extension,user-authorized project example; no separate dataset license asserted,"One-second model interval; input zero padding beyond valid support is preserved. IEEE float WAV; independent -1 dBFS playback-only gain; no additional filtering, denoising, alignment or inference.",,
room03_A1plus_r5_event39_recorded,phone_recording,Small PC room,A1+,,5,reports/phone_clap_demo/results/segments/m4a/room03_SmallPCRoom_m4a_ev39_A1p_r5.wav,,7fae0377f93bdd2ac6d71928f7bac6f4bb77c6d8a59ccd3ef8e8ea29afc8b10a,audio/phone_recordings/small_pc_room/A1plus_r5.wav,44100,1.0,False,True,all normal protocol events; existing selected_for_demo flag retained,runs/matched_reg_1s/hybrid_shoebox_mit_but_ace_1000ms_full_c1_vm_seed42001/model_updates20000.pt,fa83b4108777231ef557379e8f7478aea1ab63f3e95449382edeaf85442d87fc,0.9368667006492615,-0.433556059149158,acd20a03569c8f1ee1983ea60ceeea0daed135b8c54051ac0b9fdd5cd3018b59,False,45.03033889159049,44100,website-only extension,user-authorized project example; no separate dataset license asserted,"One-second model interval; input zero padding beyond valid support is preserved. IEEE float WAV; independent -1 dBFS playback-only gain; no additional filtering, denoising, alignment or inference.",,
room03_A1plus_r5_event39_inferred,inferred_rir,Small PC room,A1+,,5,runs/e6_phone_raw_cache/raw_v1_seed42001_batch112.npy,7,943b35d18aee5fd2cfdb376a6a3f6da7dad5a2a2a562e418999d7ca0a2cc575d,audio/inferred_rirs/small_pc_room/A1plus_r5.wav,44100,1.0,False,True,all normal protocol events; existing selected_for_demo flag retained,runs/matched_reg_1s/hybrid_shoebox_mit_but_ace_1000ms_full_c1_vm_seed42001/model_updates20000.pt,fa83b4108777231ef557379e8f7478aea1ab63f3e95449382edeaf85442d87fc,0.5077656507492065,4.886733631067141,b5b9d6aa89dcc42e910ee8aa64b1f44638f0cf0579cb443a74956fe2db005f96,False,45.03033889159049,44100,website-only extension,user-authorized project example; no separate dataset license asserted,"One-second model interval; input zero padding beyond valid support is preserved. IEEE float WAV; independent -1 dBFS playback-only gain; no additional filtering, denoising, alignment or inference.",,
room04_P1_r1_event00_recorded,phone_recording,Bathroom,P1,,1,reports/phone_clap_demo/results/segments/m4a/room04_Bathroom_m4a_ev00_P1_r1.wav,,1235cc38f6140a2e28ab13256bdeb72d5b8063a8fa52351fa593f029b5bae3ba,audio/phone_recordings/bathroom/P1_r1.wav,44100,1.0,False,False,all normal protocol events; existing selected_for_demo flag retained,runs/matched_reg_1s/hybrid_shoebox_mit_but_ace_1000ms_full_c1_vm_seed42001/model_updates20000.pt,fa83b4108777231ef557379e8f7478aea1ab63f3e95449382edeaf85442d87fc,0.8176788687705994,0.7483445110189385,944fbff3dcc069926044cac1a535e9b52c55c6d9e2c4f5f87298078a59ffd569,False,46.5140418777067,44100,website-only extension,user-authorized project example; no separate dataset license asserted,"One-second model interval; input zero padding beyond valid support is preserved. IEEE float WAV; independent -1 dBFS playback-only gain; no additional filtering, denoising, alignment or inference.",,
room04_P1_r1_event00_inferred,inferred_rir,Bathroom,P1,,1,runs/e6_phone_raw_cache/raw_v1_seed42001_batch120.npy,0,4b507840bda280027bd6c68be72d7734da2f75daaa957292153dd961076d684a,audio/inferred_rirs/bathroom/P1_r1.wav,44100,1.0,False,False,all normal protocol events; existing selected_for_demo flag retained,runs/matched_reg_1s/hybrid_shoebox_mit_but_ace_1000ms_full_c1_vm_seed42001/model_updates20000.pt,fa83b4108777231ef557379e8f7478aea1ab63f3e95449382edeaf85442d87fc,0.450264036655426,5.930654789625547,db0a43a76ba4ec46001ff5dc347b45b77a3eea4f062c1aaabd8706b921029dc1,False,46.5140418777067,44100,website-only extension,user-authorized project example; no separate dataset license asserted,"One-second model interval; input zero padding beyond valid support is preserved. IEEE float WAV; independent -1 dBFS playback-only gain; no additional filtering, denoising, alignment or inference.",,
room04_P1_r2_event01_recorded,phone_recording,Bathroom,P1,,2,reports/phone_clap_demo/results/segments/m4a/room04_Bathroom_m4a_ev01_P1_r2.wav,,1613780d60876de1fb33c03e04471823820bf2c9fb94229da882e1c33a303f20,audio/phone_recordings/bathroom/P1_r2.wav,44100,1.0,False,False,all normal protocol events; existing selected_for_demo flag retained,runs/matched_reg_1s/hybrid_shoebox_mit_but_ace_1000ms_full_c1_vm_seed42001/model_updates20000.pt,fa83b4108777231ef557379e8f7478aea1ab63f3e95449382edeaf85442d87fc,0.8604863882064819,0.3051199053006414,eef20907b4e772fb45f8984124e40aec7e0964236f8e4b0592a35c2d15e98203,False,49.08417379202047,44100,website-only extension,user-authorized project example; no separate dataset license asserted,"One-second model interval; input zero padding beyond valid support is preserved. IEEE float WAV; independent -1 dBFS playback-only gain; no additional filtering, denoising, alignment or inference.",,
room04_P1_r2_event01_inferred,inferred_rir,Bathroom,P1,,2,runs/e6_phone_raw_cache/raw_v1_seed42001_batch120.npy,1,4b507840bda280027bd6c68be72d7734da2f75daaa957292153dd961076d684a,audio/inferred_rirs/bathroom/P1_r2.wav,44100,1.0,False,False,all normal protocol events; existing selected_for_demo flag retained,runs/matched_reg_1s/hybrid_shoebox_mit_but_ace_1000ms_full_c1_vm_seed42001/model_updates20000.pt,fa83b4108777231ef557379e8f7478aea1ab63f3e95449382edeaf85442d87fc,0.6109776496887207,3.2794935298263366,9cf3bdca27065d9b2afb53cf9aa5e51bec3401cc617e63dd1f37b20ee6eeab1f,False,49.08417379202047,44100,website-only extension,user-authorized project example; no separate dataset license asserted,"One-second model interval; input zero padding beyond valid support is preserved. IEEE float WAV; independent -1 dBFS playback-only gain; no additional filtering, denoising, alignment or inference.",,
room04_P1_r3_event02_recorded,phone_recording,Bathroom,P1,,3,reports/phone_clap_demo/results/segments/m4a/room04_Bathroom_m4a_ev02_P1_r3.wav,,2d96cd0a7d49f473f7850deaaa6dafe1a8469c4dbe07a04e65e6ecee31d4f983,audio/phone_recordings/bathroom/P1_r3.wav,44100,1.0,False,True,all normal protocol events; existing selected_for_demo flag retained,runs/matched_reg_1s/hybrid_shoebox_mit_but_ace_1000ms_full_c1_vm_seed42001/model_updates20000.pt,fa83b4108777231ef557379e8f7478aea1ab63f3e95449382edeaf85442d87fc,0.9083561301231384,-0.16512302822579497,40554a140ddf204e7a27a2e1262bbb668aa4c73a08948ff57d7c2dd2de6e6ed0,False,50.98812340982222,44100,website-only extension,user-authorized project example; no separate dataset license asserted,"One-second model interval; input zero padding beyond valid support is preserved. IEEE float WAV; independent -1 dBFS playback-only gain; no additional filtering, denoising, alignment or inference.",,
room04_P1_r3_event02_inferred,inferred_rir,Bathroom,P1,,3,runs/e6_phone_raw_cache/raw_v1_seed42001_batch120.npy,2,4b507840bda280027bd6c68be72d7734da2f75daaa957292153dd961076d684a,audio/inferred_rirs/bathroom/P1_r3.wav,44100,1.0,False,True,all normal protocol events; existing selected_for_demo flag retained,runs/matched_reg_1s/hybrid_shoebox_mit_but_ace_1000ms_full_c1_vm_seed42001/model_updates20000.pt,fa83b4108777231ef557379e8f7478aea1ab63f3e95449382edeaf85442d87fc,0.607212483882904,3.333186164329107,c5886a2b38286ea7927902687daaeae29f5da0bc7014ce18c0d25ac068e40867,False,50.98812340982222,44100,website-only extension,user-authorized project example; no separate dataset license asserted,"One-second model interval; input zero padding beyond valid support is preserved. IEEE float WAV; independent -1 dBFS playback-only gain; no additional filtering, denoising, alignment or inference.",,
room04_P1_r4_event03_recorded,phone_recording,Bathroom,P1,,4,reports/phone_clap_demo/results/segments/m4a/room04_Bathroom_m4a_ev03_P1_r4.wav,,f676ee00b2b04023c99e6ddb7e658b1f5d8f44398836742c6729ae172b8e46f9,audio/phone_recordings/bathroom/P1_r4.wav,44100,1.0,False,False,all normal protocol events; existing selected_for_demo flag retained,runs/matched_reg_1s/hybrid_shoebox_mit_but_ace_1000ms_full_c1_vm_seed42001/model_updates20000.pt,fa83b4108777231ef557379e8f7478aea1ab63f3e95449382edeaf85442d87fc,0.9478549361228943,-0.5348375218238454,298482835d70805c5191e0d1a16b4c2a1b93cbdd5ff9737d9940af86b87eee7d,False,49.20327746545268,44100,website-only extension,user-authorized project example; no separate dataset license asserted,"One-second model interval; input zero padding beyond valid support is preserved. IEEE float WAV; independent -1 dBFS playback-only gain; no additional filtering, denoising, alignment or inference.",,
room04_P1_r4_event03_inferred,inferred_rir,Bathroom,P1,,4,runs/e6_phone_raw_cache/raw_v1_seed42001_batch120.npy,3,4b507840bda280027bd6c68be72d7734da2f75daaa957292153dd961076d684a,audio/inferred_rirs/bathroom/P1_r4.wav,44100,1.0,False,False,all normal protocol events; existing selected_for_demo flag retained,runs/matched_reg_1s/hybrid_shoebox_mit_but_ace_1000ms_full_c1_vm_seed42001/model_updates20000.pt,fa83b4108777231ef557379e8f7478aea1ab63f3e95449382edeaf85442d87fc,0.48433515429496765,5.29708015191102,17de5d1834678c47f712646f499e772dba0d0068387467271296748f4eed7c23,False,49.20327746545268,44100,website-only extension,user-authorized project example; no separate dataset license asserted,"One-second model interval; input zero padding beyond valid support is preserved. IEEE float WAV; independent -1 dBFS playback-only gain; no additional filtering, denoising, alignment or inference.",,
room04_P1_r5_event04_recorded,phone_recording,Bathroom,P1,,5,reports/phone_clap_demo/results/segments/m4a/room04_Bathroom_m4a_ev04_P1_r5.wav,,cf10e7f2e6aea8f9c2458f6ee2d791be9e543bca4d47ba38d40158bfb4751cc1,audio/phone_recordings/bathroom/P1_r5.wav,44100,1.0,False,False,all normal protocol events; existing selected_for_demo flag retained,runs/matched_reg_1s/hybrid_shoebox_mit_but_ace_1000ms_full_c1_vm_seed42001/model_updates20000.pt,fa83b4108777231ef557379e8f7478aea1ab63f3e95449382edeaf85442d87fc,0.8432618975639343,0.48075045288103013,21d945f07b5029735fa9e48b6214048cb955691c3abe5c0915dfc060026c33fb,False,49.38803215084525,44100,website-only extension,user-authorized project example; no separate dataset license asserted,"One-second model interval; input zero padding beyond valid support is preserved. IEEE float WAV; independent -1 dBFS playback-only gain; no additional filtering, denoising, alignment or inference.",,
room04_P1_r5_event04_inferred,inferred_rir,Bathroom,P1,,5,runs/e6_phone_raw_cache/raw_v1_seed42001_batch120.npy,4,4b507840bda280027bd6c68be72d7734da2f75daaa957292153dd961076d684a,audio/inferred_rirs/bathroom/P1_r5.wav,44100,1.0,False,False,all normal protocol events; existing selected_for_demo flag retained,runs/matched_reg_1s/hybrid_shoebox_mit_but_ace_1000ms_full_c1_vm_seed42001/model_updates20000.pt,fa83b4108777231ef557379e8f7478aea1ab63f3e95449382edeaf85442d87fc,0.7020750641822815,2.0723290332632534,9662279100d622268f57fe2a0edcc1194ff3ae5441959faea8e49bcc6090f812,False,49.38803215084525,44100,website-only extension,user-authorized project example; no separate dataset license asserted,"One-second model interval; input zero padding beyond valid support is preserved. IEEE float WAV; independent -1 dBFS playback-only gain; no additional filtering, denoising, alignment or inference.",,
room04_P2_r1_event05_recorded,phone_recording,Bathroom,P2,,1,reports/phone_clap_demo/results/segments/m4a/room04_Bathroom_m4a_ev05_P2_r1.wav,,f14f04e892e7e5cb6a733d10ea59c62de74b06423696d6ea8b8c1aecd052acbf,audio/phone_recordings/bathroom/P2_r1.wav,44100,1.0,False,False,all normal protocol events; existing selected_for_demo flag retained,runs/matched_reg_1s/hybrid_shoebox_mit_but_ace_1000ms_full_c1_vm_seed42001/model_updates20000.pt,fa83b4108777231ef557379e8f7478aea1ab63f3e95449382edeaf85442d87fc,0.9784987568855286,-0.8112055650700111,57556ce6475359f08103927192f0fa1c96c18f9b3fa9f47bd7394ee6fc22d381,True,46.85956441746021,44100,website-only extension,user-authorized project example; no separate dataset license asserted,"One-second model interval; input zero padding beyond valid support is preserved. IEEE float WAV; independent -1 dBFS playback-only gain; no additional filtering, denoising, alignment or inference.",,
room04_P2_r1_event05_inferred,inferred_rir,Bathroom,P2,,1,runs/e6_phone_raw_cache/raw_v1_seed42001_batch120.npy,5,4b507840bda280027bd6c68be72d7734da2f75daaa957292153dd961076d684a,audio/inferred_rirs/bathroom/P2_r1.wav,44100,1.0,False,False,all normal protocol events; existing selected_for_demo flag retained,runs/matched_reg_1s/hybrid_shoebox_mit_but_ace_1000ms_full_c1_vm_seed42001/model_updates20000.pt,fa83b4108777231ef557379e8f7478aea1ab63f3e95449382edeaf85442d87fc,0.41516149044036865,6.635658751789743,493f35caefe698f1cbe1c0f1bf2c57009d2660e187fa93992bfc2d1ee3bba493,True,46.85956441746021,44100,website-only extension,user-authorized project example; no separate dataset license asserted,"One-second model interval; input zero padding beyond valid support is preserved. IEEE float WAV; independent -1 dBFS playback-only gain; no additional filtering, denoising, alignment or inference.",,
room04_P2_r2_event06_recorded,phone_recording,Bathroom,P2,,2,reports/phone_clap_demo/results/segments/m4a/room04_Bathroom_m4a_ev06_P2_r2.wav,,0e8d072fefe05c35f5f214fbc946586ac42539f8241422a14bed9280f019652c,audio/phone_recordings/bathroom/P2_r2.wav,44100,1.0,False,False,all normal protocol events; existing selected_for_demo flag retained,runs/matched_reg_1s/hybrid_shoebox_mit_but_ace_1000ms_full_c1_vm_seed42001/model_updates20000.pt,fa83b4108777231ef557379e8f7478aea1ab63f3e95449382edeaf85442d87fc,0.8691906929016113,0.21769865308440745,3a39358f1780f8ce302207cd3c49cae1d0e6601816bc5f3e2505d7ef19151c71,False,48.6612124594796,44100,website-only extension,user-authorized project example; no separate dataset license asserted,"One-second model interval; input zero padding beyond valid support is preserved. IEEE float WAV; independent -1 dBFS playback-only gain; no additional filtering, denoising, alignment or inference.",,
room04_P2_r2_event06_inferred,inferred_rir,Bathroom,P2,,2,runs/e6_phone_raw_cache/raw_v1_seed42001_batch120.npy,6,4b507840bda280027bd6c68be72d7734da2f75daaa957292153dd961076d684a,audio/inferred_rirs/bathroom/P2_r2.wav,44100,1.0,False,False,all normal protocol events; existing selected_for_demo flag retained,runs/matched_reg_1s/hybrid_shoebox_mit_but_ace_1000ms_full_c1_vm_seed42001/model_updates20000.pt,fa83b4108777231ef557379e8f7478aea1ab63f3e95449382edeaf85442d87fc,0.389255553483963,7.195303653283647,09336641165eca24639a355d88ae3ee5fc851ed27452919a9b3d7d097e37246a,False,48.6612124594796,44100,website-only extension,user-authorized project example; no separate dataset license asserted,"One-second model interval; input zero padding beyond valid support is preserved. IEEE float WAV; independent -1 dBFS playback-only gain; no additional filtering, denoising, alignment or inference.",,
room04_P2_r3_event07_recorded,phone_recording,Bathroom,P2,,3,reports/phone_clap_demo/results/segments/m4a/room04_Bathroom_m4a_ev07_P2_r3.wav,,6af8d712d3b181653fcb7a10536c05fd50067468effb07bbfccd20f63f986e62,audio/phone_recordings/bathroom/P2_r3.wav,44100,1.0,False,False,all normal protocol events; existing selected_for_demo flag retained,runs/matched_reg_1s/hybrid_shoebox_mit_but_ace_1000ms_full_c1_vm_seed42001/model_updates20000.pt,fa83b4108777231ef557379e8f7478aea1ab63f3e95449382edeaf85442d87fc,0.9347051382064819,-0.41349260149072975,e65f7cf3c1437799c4c48158af6cd381daf81dc8d098e29a0c205d90e15184e6,False,46.46313748356999,44100,website-only extension,user-authorized project example; no separate dataset license asserted,"One-second model interval; input zero padding beyond valid support is preserved. IEEE float WAV; independent -1 dBFS playback-only gain; no additional filtering, denoising, alignment or inference.",,
room04_P2_r3_event07_inferred,inferred_rir,Bathroom,P2,,3,runs/e6_phone_raw_cache/raw_v1_seed42001_batch120.npy,7,4b507840bda280027bd6c68be72d7734da2f75daaa957292153dd961076d684a,audio/inferred_rirs/bathroom/P2_r3.wav,44100,1.0,False,False,all normal protocol events; existing selected_for_demo flag retained,runs/matched_reg_1s/hybrid_shoebox_mit_but_ace_1000ms_full_c1_vm_seed42001/model_updates20000.pt,fa83b4108777231ef557379e8f7478aea1ab63f3e95449382edeaf85442d87fc,0.47142642736434937,5.531721506373724,f63ee4bb756593a6e488b4470ed247cf9aef38f1be6e3aeca2004b5254bd5149,False,46.46313748356999,44100,website-only extension,user-authorized project example; no separate dataset license asserted,"One-second model interval; input zero padding beyond valid support is preserved. IEEE float WAV; independent -1 dBFS playback-only gain; no additional filtering, denoising, alignment or inference.",,
room04_P2_r4_event08_recorded,phone_recording,Bathroom,P2,,4,reports/phone_clap_demo/results/segments/m4a/room04_Bathroom_m4a_ev08_P2_r4.wav,,6bc8eb3cf3fb23cf60881065399f60abca440995fbeb8b107a9790ae507ae3da,audio/phone_recordings/bathroom/P2_r4.wav,44100,1.0,False,True,all normal protocol events; existing selected_for_demo flag retained,runs/matched_reg_1s/hybrid_shoebox_mit_but_ace_1000ms_full_c1_vm_seed42001/model_updates20000.pt,fa83b4108777231ef557379e8f7478aea1ab63f3e95449382edeaf85442d87fc,0.9223118424415588,-0.29755569989423214,e22684078a7cfb4704929159f6ca36100ae6db0beeaf198d676e80265a752404,False,50.167381879497846,44100,website-only extension,user-authorized project example; no separate dataset license asserted,"One-second model interval; input zero padding beyond valid support is preserved. IEEE float WAV; independent -1 dBFS playback-only gain; no additional filtering, denoising, alignment or inference.",,
room04_P2_r4_event08_inferred,inferred_rir,Bathroom,P2,,4,runs/e6_phone_raw_cache/raw_v1_seed42001_batch128.npy,0,0a785326f9d4351d6a9f52e4a01bbf30409d625c359b36071c07d973146a8d8e,audio/inferred_rirs/bathroom/P2_r4.wav,44100,1.0,False,True,all normal protocol events; existing selected_for_demo flag retained,runs/matched_reg_1s/hybrid_shoebox_mit_but_ace_1000ms_full_c1_vm_seed42001/model_updates20000.pt,fa83b4108777231ef557379e8f7478aea1ab63f3e95449382edeaf85442d87fc,0.3508323132991791,8.098008258159236,3011acc9d972d27bf4121974681d69e34e880b6a5a015a5f8a70c29bcbd7c35e,False,50.167381879497846,44100,website-only extension,user-authorized project example; no separate dataset license asserted,"One-second model interval; input zero padding beyond valid support is preserved. IEEE float WAV; independent -1 dBFS playback-only gain; no additional filtering, denoising, alignment or inference.",,
room04_P2_r5_event09_recorded,phone_recording,Bathroom,P2,,5,reports/phone_clap_demo/results/segments/m4a/room04_Bathroom_m4a_ev09_P2_r5.wav,,53f5d1bd6f4b3d3e78c2c4122e1ffc2e2cbe5efc7ec043890835e6ad340a5adc,audio/phone_recordings/bathroom/P2_r5.wav,44100,1.0,False,False,all normal protocol events; existing selected_for_demo flag retained,runs/matched_reg_1s/hybrid_shoebox_mit_but_ace_1000ms_full_c1_vm_seed42001/model_updates20000.pt,fa83b4108777231ef557379e8f7478aea1ab63f3e95449382edeaf85442d87fc,0.8469007611274719,0.4433495364737122,33251b5e7ab69395d1c3cbe74b5075d5f47119165d41d7d73b44951e53e92b88,False,46.07950614504773,44100,website-only extension,user-authorized project example; no separate dataset license asserted,"One-second model interval; input zero padding beyond valid support is preserved. IEEE float WAV; independent -1 dBFS playback-only gain; no additional filtering, denoising, alignment or inference.",,
room04_P2_r5_event09_inferred,inferred_rir,Bathroom,P2,,5,runs/e6_phone_raw_cache/raw_v1_seed42001_batch128.npy,1,0a785326f9d4351d6a9f52e4a01bbf30409d625c359b36071c07d973146a8d8e,audio/inferred_rirs/bathroom/P2_r5.wav,44100,1.0,False,False,all normal protocol events; existing selected_for_demo flag retained,runs/matched_reg_1s/hybrid_shoebox_mit_but_ace_1000ms_full_c1_vm_seed42001/model_updates20000.pt,fa83b4108777231ef557379e8f7478aea1ab63f3e95449382edeaf85442d87fc,0.8237407207489014,0.6841892919707259,ac62329a790f35fe8c1f71908ac9e3aca2c5a1221eb6e1c72f05a535a6e7d391,False,46.07950614504773,44100,website-only extension,user-authorized project example; no separate dataset license asserted,"One-second model interval; input zero padding beyond valid support is preserved. IEEE float WAV; independent -1 dBFS playback-only gain; no additional filtering, denoising, alignment or inference.",,
room04_P3_r1_event10_recorded,phone_recording,Bathroom,P3,,1,reports/phone_clap_demo/results/segments/m4a/room04_Bathroom_m4a_ev10_P3_r1.wav,,26e0a8eed1382708404ece48d7c38be2aea8a0cfe8a31acbcd1f805d264aea94,audio/phone_recordings/bathroom/P3_r1.wav,44100,1.0,False,False,all normal protocol events; existing selected_for_demo flag retained,runs/matched_reg_1s/hybrid_shoebox_mit_but_ace_1000ms_full_c1_vm_seed42001/model_updates20000.pt,fa83b4108777231ef557379e8f7478aea1ab63f3e95449382edeaf85442d87fc,0.9369917511940002,-0.43471535187089455,303631beedb809674ab11c23fb82e430e144e5061269a9ea0dee509f0a1bb3dc,False,50.15838257870607,44100,website-only extension,user-authorized project example; no separate dataset license asserted,"One-second model interval; input zero padding beyond valid support is preserved. IEEE float WAV; independent -1 dBFS playback-only gain; no additional filtering, denoising, alignment or inference.",,
room04_P3_r1_event10_inferred,inferred_rir,Bathroom,P3,,1,runs/e6_phone_raw_cache/raw_v1_seed42001_batch128.npy,2,0a785326f9d4351d6a9f52e4a01bbf30409d625c359b36071c07d973146a8d8e,audio/inferred_rirs/bathroom/P3_r1.wav,44100,1.0,False,False,all normal protocol events; existing selected_for_demo flag retained,runs/matched_reg_1s/hybrid_shoebox_mit_but_ace_1000ms_full_c1_vm_seed42001/model_updates20000.pt,fa83b4108777231ef557379e8f7478aea1ab63f3e95449382edeaf85442d87fc,0.41312792897224426,6.678308882432663,0b2d2e49ec2352baf7abeee38b2f850ebfa1911e084d9aad61d490b9991525f5,False,50.15838257870607,44100,website-only extension,user-authorized project example; no separate dataset license asserted,"One-second model interval; input zero padding beyond valid support is preserved. IEEE float WAV; independent -1 dBFS playback-only gain; no additional filtering, denoising, alignment or inference.",,
room04_P3_r2_event11_recorded,phone_recording,Bathroom,P3,,2,reports/phone_clap_demo/results/segments/m4a/room04_Bathroom_m4a_ev11_P3_r2.wav,,e885ff81cf22a153d8fae72f62052b6b73b7a20ad4f19c512ed5ec604e1007f6,audio/phone_recordings/bathroom/P3_r2.wav,44100,1.0,False,False,all normal protocol events; existing selected_for_demo flag retained,runs/matched_reg_1s/hybrid_shoebox_mit_but_ace_1000ms_full_c1_vm_seed42001/model_updates20000.pt,fa83b4108777231ef557379e8f7478aea1ab63f3e95449382edeaf85442d87fc,0.9464144706726074,-0.521627440622697,d0ee9b01ec841e5965abd23c99d1bd558f2f17d3a3c947a0d671241f84cfa66d,False,49.375785597363816,44100,website-only extension,user-authorized project example; no separate dataset license asserted,"One-second model interval; input zero padding beyond valid support is preserved. IEEE float WAV; independent -1 dBFS playback-only gain; no additional filtering, denoising, alignment or inference.",,
room04_P3_r2_event11_inferred,inferred_rir,Bathroom,P3,,2,runs/e6_phone_raw_cache/raw_v1_seed42001_batch128.npy,3,0a785326f9d4351d6a9f52e4a01bbf30409d625c359b36071c07d973146a8d8e,audio/inferred_rirs/bathroom/P3_r2.wav,44100,1.0,False,False,all normal protocol events; existing selected_for_demo flag retained,runs/matched_reg_1s/hybrid_shoebox_mit_but_ace_1000ms_full_c1_vm_seed42001/model_updates20000.pt,fa83b4108777231ef557379e8f7478aea1ab63f3e95449382edeaf85442d87fc,0.40050452947616577,6.947851358617037,364bee395c9f48c43fedc797a830fe5bce93bf17a79d757697db8dceb707563b,False,49.375785597363816,44100,website-only extension,user-authorized project example; no separate dataset license asserted,"One-second model interval; input zero padding beyond valid support is preserved. IEEE float WAV; independent -1 dBFS playback-only gain; no additional filtering, denoising, alignment or inference.",,
room04_P3_r3_event12_recorded,phone_recording,Bathroom,P3,,3,reports/phone_clap_demo/results/segments/m4a/room04_Bathroom_m4a_ev12_P3_r3.wav,,07d8996173190b08b7bebfb5e4c44b978b77c4a5cb8c9464f42753eb9e4cd503,audio/phone_recordings/bathroom/P3_r3.wav,44100,1.0,False,False,all normal protocol events; existing selected_for_demo flag retained,runs/matched_reg_1s/hybrid_shoebox_mit_but_ace_1000ms_full_c1_vm_seed42001/model_updates20000.pt,fa83b4108777231ef557379e8f7478aea1ab63f3e95449382edeaf85442d87fc,0.9079912304878235,-0.1616330812336193,a825f6090f8a09c5d88537bb4fc7bf4138814159d9ecd0f87bdb37c933267a85,False,50.821233475642174,44100,website-only extension,user-authorized project example; no separate dataset license asserted,"One-second model interval; input zero padding beyond valid support is preserved. IEEE float WAV; independent -1 dBFS playback-only gain; no additional filtering, denoising, alignment or inference.",,
room04_P3_r3_event12_inferred,inferred_rir,Bathroom,P3,,3,runs/e6_phone_raw_cache/raw_v1_seed42001_batch128.npy,4,0a785326f9d4351d6a9f52e4a01bbf30409d625c359b36071c07d973146a8d8e,audio/inferred_rirs/bathroom/P3_r3.wav,44100,1.0,False,False,all normal protocol events; existing selected_for_demo flag retained,runs/matched_reg_1s/hybrid_shoebox_mit_but_ace_1000ms_full_c1_vm_seed42001/model_updates20000.pt,fa83b4108777231ef557379e8f7478aea1ab63f3e95449382edeaf85442d87fc,0.2709698975086212,10.341579058677215,84d29463fb27d176bdf427cc2ef8c21416aafd3e40ccc5b8c3c04e745a52aeb4,False,50.821233475642174,44100,website-only extension,user-authorized project example; no separate dataset license asserted,"One-second model interval; input zero padding beyond valid support is preserved. IEEE float WAV; independent -1 dBFS playback-only gain; no additional filtering, denoising, alignment or inference.",,
room04_P3_r4_event13_recorded,phone_recording,Bathroom,P3,,4,reports/phone_clap_demo/results/segments/m4a/room04_Bathroom_m4a_ev13_P3_r4.wav,,dc42d94f816d867eb358aadfbe4281ac081b7602fc521ecc6a77bedeb9721a55,audio/phone_recordings/bathroom/P3_r4.wav,44100,1.0,False,True,all normal protocol events; existing selected_for_demo flag retained,runs/matched_reg_1s/hybrid_shoebox_mit_but_ace_1000ms_full_c1_vm_seed42001/model_updates20000.pt,fa83b4108777231ef557379e8f7478aea1ab63f3e95449382edeaf85442d87fc,0.9294270873069763,-0.3643065088979686,0615ea252057887e0dc86f263f45d7e7c6a569a2b779cf4710fc344d6b9a3c86,False,52.465632075211865,44100,website-only extension,user-authorized project example; no separate dataset license asserted,"One-second model interval; input zero padding beyond valid support is preserved. IEEE float WAV; independent -1 dBFS playback-only gain; no additional filtering, denoising, alignment or inference.",,
room04_P3_r4_event13_inferred,inferred_rir,Bathroom,P3,,4,runs/e6_phone_raw_cache/raw_v1_seed42001_batch128.npy,5,0a785326f9d4351d6a9f52e4a01bbf30409d625c359b36071c07d973146a8d8e,audio/inferred_rirs/bathroom/P3_r4.wav,44100,1.0,False,True,all normal protocol events; existing selected_for_demo flag retained,runs/matched_reg_1s/hybrid_shoebox_mit_but_ace_1000ms_full_c1_vm_seed42001/model_updates20000.pt,fa83b4108777231ef557379e8f7478aea1ab63f3e95449382edeaf85442d87fc,0.5332406163215637,4.4615355657890285,01dd603e64745c59cdbc31e5cc8b925e8ff88576756d204cf38e7e875a435254,False,52.465632075211865,44100,website-only extension,user-authorized project example; no separate dataset license asserted,"One-second model interval; input zero padding beyond valid support is preserved. IEEE float WAV; independent -1 dBFS playback-only gain; no additional filtering, denoising, alignment or inference.",,
room04_P3_r5_event14_recorded,phone_recording,Bathroom,P3,,5,reports/phone_clap_demo/results/segments/m4a/room04_Bathroom_m4a_ev14_P3_r5.wav,,eb2c765cb3e983d404333df22da526fe726be07a23fd3eda1b4d2212d5d8a9e5,audio/phone_recordings/bathroom/P3_r5.wav,44100,1.0,False,False,all normal protocol events; existing selected_for_demo flag retained,runs/matched_reg_1s/hybrid_shoebox_mit_but_ace_1000ms_full_c1_vm_seed42001/model_updates20000.pt,fa83b4108777231ef557379e8f7478aea1ab63f3e95449382edeaf85442d87fc,0.9494318962097168,-0.5492763554240707,e09f99a8399b26de38d71f47a4b6e60f8348cd1ff4da8d1d5dc4dccbf79308a8,False,51.950965251039605,44100,website-only extension,user-authorized project example; no separate dataset license asserted,"One-second model interval; input zero padding beyond valid support is preserved. IEEE float WAV; independent -1 dBFS playback-only gain; no additional filtering, denoising, alignment or inference.",,
room04_P3_r5_event14_inferred,inferred_rir,Bathroom,P3,,5,runs/e6_phone_raw_cache/raw_v1_seed42001_batch128.npy,6,0a785326f9d4351d6a9f52e4a01bbf30409d625c359b36071c07d973146a8d8e,audio/inferred_rirs/bathroom/P3_r5.wav,44100,1.0,False,False,all normal protocol events; existing selected_for_demo flag retained,runs/matched_reg_1s/hybrid_shoebox_mit_but_ace_1000ms_full_c1_vm_seed42001/model_updates20000.pt,fa83b4108777231ef557379e8f7478aea1ab63f3e95449382edeaf85442d87fc,0.42197465896606445,6.494272582740721,aa12209a937abad1518928f953e97d9d8de2740038dea5126d826a815f34ee6c,False,51.950965251039605,44100,website-only extension,user-authorized project example; no separate dataset license asserted,"One-second model interval; input zero padding beyond valid support is preserved. IEEE float WAV; independent -1 dBFS playback-only gain; no additional filtering, denoising, alignment or inference.",,
room04_A1_r1_event15_recorded,phone_recording,Bathroom,A1,,1,reports/phone_clap_demo/results/segments/m4a/room04_Bathroom_m4a_ev15_A1_r1.wav,,1204cda221d3f0061937778cb68c3af14655211fbb315695f8acafa4186a78b6,audio/phone_recordings/bathroom/A1_r1.wav,44100,1.0,False,False,all normal protocol events; existing selected_for_demo flag retained,runs/matched_reg_1s/hybrid_shoebox_mit_but_ace_1000ms_full_c1_vm_seed42001/model_updates20000.pt,fa83b4108777231ef557379e8f7478aea1ab63f3e95449382edeaf85442d87fc,0.6501417756080627,2.7398385394426534,8176e0ccf9fe8ebe39b564a13c22a756dd599622efc0be8f46a0fb25a3f6bb6e,False,49.41202286781095,44100,website-only extension,user-authorized project example; no separate dataset license asserted,"One-second model interval; input zero padding beyond valid support is preserved. IEEE float WAV; independent -1 dBFS playback-only gain; no additional filtering, denoising, alignment or inference.",,
room04_A1_r1_event15_inferred,inferred_rir,Bathroom,A1,,1,runs/e6_phone_raw_cache/raw_v1_seed42001_batch128.npy,7,0a785326f9d4351d6a9f52e4a01bbf30409d625c359b36071c07d973146a8d8e,audio/inferred_rirs/bathroom/A1_r1.wav,44100,1.0,False,False,all normal protocol events; existing selected_for_demo flag retained,runs/matched_reg_1s/hybrid_shoebox_mit_but_ace_1000ms_full_c1_vm_seed42001/model_updates20000.pt,fa83b4108777231ef557379e8f7478aea1ab63f3e95449382edeaf85442d87fc,0.6405922174453735,2.8683668376731215,fa69541ed7b5f1a5eadb8a37016aa9a18bb23272fb2e96782881959573f0b665,False,49.41202286781095,44100,website-only extension,user-authorized project example; no separate dataset license asserted,"One-second model interval; input zero padding beyond valid support is preserved. IEEE float WAV; independent -1 dBFS playback-only gain; no additional filtering, denoising, alignment or inference.",,
room04_A1_r2_event16_recorded,phone_recording,Bathroom,A1,,2,reports/phone_clap_demo/results/segments/m4a/room04_Bathroom_m4a_ev16_A1_r2.wav,,ad46d350cbe0a9352260e81982fcac9d6b6224d9c6cfb6121b6420e034a1c556,audio/phone_recordings/bathroom/A1_r2.wav,44100,1.0,False,False,all normal protocol events; existing selected_for_demo flag retained,runs/matched_reg_1s/hybrid_shoebox_mit_but_ace_1000ms_full_c1_vm_seed42001/model_updates20000.pt,fa83b4108777231ef557379e8f7478aea1ab63f3e95449382edeaf85442d87fc,0.7628548741340637,1.3511614914280747,acb74e0d2c67ef236d9e9f0bad22ca83059442ced386c8af2ddae525b1600daf,False,49.241211513122494,44100,website-only extension,user-authorized project example; no separate dataset license asserted,"One-second model interval; input zero padding beyond valid support is preserved. IEEE float WAV; independent -1 dBFS playback-only gain; no additional filtering, denoising, alignment or inference.",,
room04_A1_r2_event16_inferred,inferred_rir,Bathroom,A1,,2,runs/e6_phone_raw_cache/raw_v1_seed42001_batch136.npy,0,c3d65df6eaa0b7b6237feea5880c792750e8e49c30870627c8e36c034861954a,audio/inferred_rirs/bathroom/A1_r2.wav,44100,1.0,False,False,all normal protocol events; existing selected_for_demo flag retained,runs/matched_reg_1s/hybrid_shoebox_mit_but_ace_1000ms_full_c1_vm_seed42001/model_updates20000.pt,fa83b4108777231ef557379e8f7478aea1ab63f3e95449382edeaf85442d87fc,0.7049049139022827,2.0373892389699932,264d6c51db9f270e4694dc677dfc4e1a058c8ada5d8daac2f3bd88670a9225ee,False,49.241211513122494,44100,website-only extension,user-authorized project example; no separate dataset license asserted,"One-second model interval; input zero padding beyond valid support is preserved. IEEE float WAV; independent -1 dBFS playback-only gain; no additional filtering, denoising, alignment or inference.",,
room04_A1_r3_event17_recorded,phone_recording,Bathroom,A1,,3,reports/phone_clap_demo/results/segments/m4a/room04_Bathroom_m4a_ev17_A1_r3.wav,,2f58409001a33c07d2413585c9c85677d0f8276ba9dd0cc2759c9e53412bcf8d,audio/phone_recordings/bathroom/A1_r3.wav,44100,1.0,False,True,all normal protocol events; existing selected_for_demo flag retained,runs/matched_reg_1s/hybrid_shoebox_mit_but_ace_1000ms_full_c1_vm_seed42001/model_updates20000.pt,fa83b4108777231ef557379e8f7478aea1ab63f3e95449382edeaf85442d87fc,0.9812090396881104,-0.8352308124680498,6bc6f312ed5328336a2bf5439dfbd469c90838bd3f0e6bcf540ab73798afef48,False,52.56662559684163,44100,website-only extension,user-authorized project example; no separate dataset license asserted,"One-second model interval; input zero padding beyond valid support is preserved. IEEE float WAV; independent -1 dBFS playback-only gain; no additional filtering, denoising, alignment or inference.",,
room04_A1_r3_event17_inferred,inferred_rir,Bathroom,A1,,3,runs/e6_phone_raw_cache/raw_v1_seed42001_batch136.npy,1,c3d65df6eaa0b7b6237feea5880c792750e8e49c30870627c8e36c034861954a,audio/inferred_rirs/bathroom/A1_r3.wav,44100,1.0,False,True,all normal protocol events; existing selected_for_demo flag retained,runs/matched_reg_1s/hybrid_shoebox_mit_but_ace_1000ms_full_c1_vm_seed42001/model_updates20000.pt,fa83b4108777231ef557379e8f7478aea1ab63f3e95449382edeaf85442d87fc,0.4803380072116852,5.369060960568631,0f5adfcf599e69a44f64e4ba9448b440fedb7f4b6b6d9e8cefa5bc59dac064dc,False,52.56662559684163,44100,website-only extension,user-authorized project example; no separate dataset license asserted,"One-second model interval; input zero padding beyond valid support is preserved. IEEE float WAV; independent -1 dBFS playback-only gain; no additional filtering, denoising, alignment or inference.",,
room04_A1_r4_event18_recorded,phone_recording,Bathroom,A1,,4,reports/phone_clap_demo/results/segments/m4a/room04_Bathroom_m4a_ev18_A1_r4.wav,,e5f53d37f6da2e9ef7031cab33b68c1ac882886bb1180051f2932f7b87de7569,audio/phone_recordings/bathroom/A1_r4.wav,44100,1.0,False,False,all normal protocol events; existing selected_for_demo flag retained,runs/matched_reg_1s/hybrid_shoebox_mit_but_ace_1000ms_full_c1_vm_seed42001/model_updates20000.pt,fa83b4108777231ef557379e8f7478aea1ab63f3e95449382edeaf85442d87fc,0.9270603060722351,-0.3421597258784656,545bdb60f914e8fff06ce883ccc35f7b6ad399eec05f6855f49060493d686404,False,52.197525601045314,44100,website-only extension,user-authorized project example; no separate dataset license asserted,"One-second model interval; input zero padding beyond valid support is preserved. IEEE float WAV; independent -1 dBFS playback-only gain; no additional filtering, denoising, alignment or inference.",,
room04_A1_r4_event18_inferred,inferred_rir,Bathroom,A1,,4,runs/e6_phone_raw_cache/raw_v1_seed42001_batch136.npy,2,c3d65df6eaa0b7b6237feea5880c792750e8e49c30870627c8e36c034861954a,audio/inferred_rirs/bathroom/A1_r4.wav,44100,1.0,False,False,all normal protocol events; existing selected_for_demo flag retained,runs/matched_reg_1s/hybrid_shoebox_mit_but_ace_1000ms_full_c1_vm_seed42001/model_updates20000.pt,fa83b4108777231ef557379e8f7478aea1ab63f3e95449382edeaf85442d87fc,0.41279470920562744,6.685317554047429,6c3dc0c3efe456ffd09bc915da3c42530e805baf82c0f62ce358df923971763d,False,52.197525601045314,44100,website-only extension,user-authorized project example; no separate dataset license asserted,"One-second model interval; input zero padding beyond valid support is preserved. IEEE float WAV; independent -1 dBFS playback-only gain; no additional filtering, denoising, alignment or inference.",,
room04_A1_r5_event19_recorded,phone_recording,Bathroom,A1,,5,reports/phone_clap_demo/results/segments/m4a/room04_Bathroom_m4a_ev19_A1_r5.wav,,6eb9c8718aa1d2a2b8e3cf9296bf1fe34cdd5ca4e912bd03c4b035c70037b920,audio/phone_recordings/bathroom/A1_r5.wav,44100,1.0,False,False,all normal protocol events; existing selected_for_demo flag retained,runs/matched_reg_1s/hybrid_shoebox_mit_but_ace_1000ms_full_c1_vm_seed42001/model_updates20000.pt,fa83b4108777231ef557379e8f7478aea1ab63f3e95449382edeaf85442d87fc,0.8806085586547852,0.10434195875895602,5d3de9763070927a2aacf4af3d37e5395be04bfbd52e19609ebf9e1601eb7a78,False,50.04492642156517,44100,website-only extension,user-authorized project example; no separate dataset license asserted,"One-second model interval; input zero padding beyond valid support is preserved. IEEE float WAV; independent -1 dBFS playback-only gain; no additional filtering, denoising, alignment or inference.",,
room04_A1_r5_event19_inferred,inferred_rir,Bathroom,A1,,5,runs/e6_phone_raw_cache/raw_v1_seed42001_batch136.npy,3,c3d65df6eaa0b7b6237feea5880c792750e8e49c30870627c8e36c034861954a,audio/inferred_rirs/bathroom/A1_r5.wav,44100,1.0,False,False,all normal protocol events; existing selected_for_demo flag retained,runs/matched_reg_1s/hybrid_shoebox_mit_but_ace_1000ms_full_c1_vm_seed42001/model_updates20000.pt,fa83b4108777231ef557379e8f7478aea1ab63f3e95449382edeaf85442d87fc,0.5459476709365845,4.256979648198427,524730eef62613d2807c555d2c724bfb6979814922b4c724bf10b60d8694e508,False,50.04492642156517,44100,website-only extension,user-authorized project example; no separate dataset license asserted,"One-second model interval; input zero padding beyond valid support is preserved. IEEE float WAV; independent -1 dBFS playback-only gain; no additional filtering, denoising, alignment or inference.",,
room04_A2_r1_event20_recorded,phone_recording,Bathroom,A2,,1,reports/phone_clap_demo/results/segments/m4a/room04_Bathroom_m4a_ev20_A2_r1.wav,,1b168bd8cadb99fee90de8c7e4ae41554006e30575bcf6c9bfcbd9a9c77827b4,audio/phone_recordings/bathroom/A2_r1.wav,44100,1.0,False,False,all normal protocol events; existing selected_for_demo flag retained,runs/matched_reg_1s/hybrid_shoebox_mit_but_ace_1000ms_full_c1_vm_seed42001/model_updates20000.pt,fa83b4108777231ef557379e8f7478aea1ab63f3e95449382edeaf85442d87fc,0.40511125326156616,6.848513854594255,0bb8076d0682a9a14990273a9f470a4cdb65487aab75f8d134980ecfcdbf4caa,False,43.395527877126696,44100,website-only extension,user-authorized project example; no separate dataset license asserted,"One-second model interval; input zero padding beyond valid support is preserved. IEEE float WAV; independent -1 dBFS playback-only gain; no additional filtering, denoising, alignment or inference.",,
room04_A2_r1_event20_inferred,inferred_rir,Bathroom,A2,,1,runs/e6_phone_raw_cache/raw_v1_seed42001_batch136.npy,4,c3d65df6eaa0b7b6237feea5880c792750e8e49c30870627c8e36c034861954a,audio/inferred_rirs/bathroom/A2_r1.wav,44100,1.0,False,False,all normal protocol events; existing selected_for_demo flag retained,runs/matched_reg_1s/hybrid_shoebox_mit_but_ace_1000ms_full_c1_vm_seed42001/model_updates20000.pt,fa83b4108777231ef557379e8f7478aea1ab63f3e95449382edeaf85442d87fc,0.768044650554657,1.2922706273430704,4a5e2490741dca57132cafe0e1487d33ed4d5d16f7ed1dc3f09a5a6f98f15b10,False,43.395527877126696,44100,website-only extension,user-authorized project example; no separate dataset license asserted,"One-second model interval; input zero padding beyond valid support is preserved. IEEE float WAV; independent -1 dBFS playback-only gain; no additional filtering, denoising, alignment or inference.",,
room04_A2_r2_event21_recorded,phone_recording,Bathroom,A2,,2,reports/phone_clap_demo/results/segments/m4a/room04_Bathroom_m4a_ev21_A2_r2.wav,,bb1422b0cdbc9c65213defe1596434c396a9d811a99eeadc1fad2fce590e3113,audio/phone_recordings/bathroom/A2_r2.wav,44100,1.0,False,False,all normal protocol events; existing selected_for_demo flag retained,runs/matched_reg_1s/hybrid_shoebox_mit_but_ace_1000ms_full_c1_vm_seed42001/model_updates20000.pt,fa83b4108777231ef557379e8f7478aea1ab63f3e95449382edeaf85442d87fc,0.881865918636322,0.09194882396074348,a09169ab2a70b4b7d2ec38e085a9643c1a6062835139628cd8c43977bee360f8,False,50.65212707386501,44100,website-only extension,user-authorized project example; no separate dataset license asserted,"One-second model interval; input zero padding beyond valid support is preserved. IEEE float WAV; independent -1 dBFS playback-only gain; no additional filtering, denoising, alignment or inference.",,
room04_A2_r2_event21_inferred,inferred_rir,Bathroom,A2,,2,runs/e6_phone_raw_cache/raw_v1_seed42001_batch136.npy,5,c3d65df6eaa0b7b6237feea5880c792750e8e49c30870627c8e36c034861954a,audio/inferred_rirs/bathroom/A2_r2.wav,44100,1.0,False,False,all normal protocol events; existing selected_for_demo flag retained,runs/matched_reg_1s/hybrid_shoebox_mit_but_ace_1000ms_full_c1_vm_seed42001/model_updates20000.pt,fa83b4108777231ef557379e8f7478aea1ab63f3e95449382edeaf85442d87fc,0.4850216209888458,5.284778025197699,33099a436bae496eb1062e4d99b8076bed2fa4693ffa32a6de281d28e1d75826,False,50.65212707386501,44100,website-only extension,user-authorized project example; no separate dataset license asserted,"One-second model interval; input zero padding beyond valid support is preserved. IEEE float WAV; independent -1 dBFS playback-only gain; no additional filtering, denoising, alignment or inference.",,
room04_A2_r3_event22_recorded,phone_recording,Bathroom,A2,,3,reports/phone_clap_demo/results/segments/m4a/room04_Bathroom_m4a_ev22_A2_r3.wav,,7f9e707a790183bc0b8c916d84d32821ba9c97d81cb1fbe9c023e9643b5fec2e,audio/phone_recordings/bathroom/A2_r3.wav,44100,1.0,False,True,all normal protocol events; existing selected_for_demo flag retained,runs/matched_reg_1s/hybrid_shoebox_mit_but_ace_1000ms_full_c1_vm_seed42001/model_updates20000.pt,fa83b4108777231ef557379e8f7478aea1ab63f3e95449382edeaf85442d87fc,0.9763070344924927,-0.7917283700624957,02dd88595e741ba59c7c989ced6ce52431b3c9d35ef6700e599c209d92d9d515,False,51.04454302208413,44100,website-only extension,user-authorized project example; no separate dataset license asserted,"One-second model interval; input zero padding beyond valid support is preserved. IEEE float WAV; independent -1 dBFS playback-only gain; no additional filtering, denoising, alignment or inference.",,
room04_A2_r3_event22_inferred,inferred_rir,Bathroom,A2,,3,runs/e6_phone_raw_cache/raw_v1_seed42001_batch136.npy,6,c3d65df6eaa0b7b6237feea5880c792750e8e49c30870627c8e36c034861954a,audio/inferred_rirs/bathroom/A2_r3.wav,44100,1.0,False,True,all normal protocol events; existing selected_for_demo flag retained,runs/matched_reg_1s/hybrid_shoebox_mit_but_ace_1000ms_full_c1_vm_seed42001/model_updates20000.pt,fa83b4108777231ef557379e8f7478aea1ab63f3e95449382edeaf85442d87fc,0.5702053308486938,3.879374535783742,b00e6c30b9d8f5410147e51051a9e492aa9c27d6a02ae8d2453e3dd9efce2e53,False,51.04454302208413,44100,website-only extension,user-authorized project example; no separate dataset license asserted,"One-second model interval; input zero padding beyond valid support is preserved. IEEE float WAV; independent -1 dBFS playback-only gain; no additional filtering, denoising, alignment or inference.",,
room04_A2_r4_event23_recorded,phone_recording,Bathroom,A2,,4,reports/phone_clap_demo/results/segments/m4a/room04_Bathroom_m4a_ev23_A2_r4.wav,,3345034db197d175959e466260fed34840a5c24a7711e39df352ab66943258bf,audio/phone_recordings/bathroom/A2_r4.wav,44100,1.0,False,False,all normal protocol events; existing selected_for_demo flag retained,runs/matched_reg_1s/hybrid_shoebox_mit_but_ace_1000ms_full_c1_vm_seed42001/model_updates20000.pt,fa83b4108777231ef557379e8f7478aea1ab63f3e95449382edeaf85442d87fc,0.9618077278137207,-0.6617652433474359,993887daa8cbba42379e79702c170524fc379f0292fa9ea29c2b9078a47389d7,False,48.68284549925917,44100,website-only extension,user-authorized project example; no separate dataset license asserted,"One-second model interval; input zero padding beyond valid support is preserved. IEEE float WAV; independent -1 dBFS playback-only gain; no additional filtering, denoising, alignment or inference.",,
room04_A2_r4_event23_inferred,inferred_rir,Bathroom,A2,,4,runs/e6_phone_raw_cache/raw_v1_seed42001_batch136.npy,7,c3d65df6eaa0b7b6237feea5880c792750e8e49c30870627c8e36c034861954a,audio/inferred_rirs/bathroom/A2_r4.wav,44100,1.0,False,False,all normal protocol events; existing selected_for_demo flag retained,runs/matched_reg_1s/hybrid_shoebox_mit_but_ace_1000ms_full_c1_vm_seed42001/model_updates20000.pt,fa83b4108777231ef557379e8f7478aea1ab63f3e95449382edeaf85442d87fc,0.5444809198379517,4.280346691140411,3b9c7c819d4dd04097b306eaa1029446fc5ebe2cc9f3766058cb035cd2e668ea,False,48.68284549925917,44100,website-only extension,user-authorized project example; no separate dataset license asserted,"One-second model interval; input zero padding beyond valid support is preserved. IEEE float WAV; independent -1 dBFS playback-only gain; no additional filtering, denoising, alignment or inference.",,
room04_A2_r5_event24_recorded,phone_recording,Bathroom,A2,,5,reports/phone_clap_demo/results/segments/m4a/room04_Bathroom_m4a_ev24_A2_r5.wav,,1cee809fe11f0ddb06466b444cc66512e067f2afdbad16a1789dedad23d050ad,audio/phone_recordings/bathroom/A2_r5.wav,44100,1.0,False,False,all normal protocol events; existing selected_for_demo flag retained,runs/matched_reg_1s/hybrid_shoebox_mit_but_ace_1000ms_full_c1_vm_seed42001/model_updates20000.pt,fa83b4108777231ef557379e8f7478aea1ab63f3e95449382edeaf85442d87fc,0.809661865234375,0.8339263069377942,3f60daa9c53c39591370d7d6c69f357fde832e12bce2a4eaaa2203d37825dfb6,False,49.996484005690064,44100,website-only extension,user-authorized project example; no separate dataset license asserted,"One-second model interval; input zero padding beyond valid support is preserved. IEEE float WAV; independent -1 dBFS playback-only gain; no additional filtering, denoising, alignment or inference.",,
room04_A2_r5_event24_inferred,inferred_rir,Bathroom,A2,,5,runs/e6_phone_raw_cache/raw_v1_seed42001_batch144.npy,0,f2fa4a0591c2c8364cc4a05993ec5a245e99ed2c48fe40a2f116d870d6c08a74,audio/inferred_rirs/bathroom/A2_r5.wav,44100,1.0,False,False,all normal protocol events; existing selected_for_demo flag retained,runs/matched_reg_1s/hybrid_shoebox_mit_but_ace_1000ms_full_c1_vm_seed42001/model_updates20000.pt,fa83b4108777231ef557379e8f7478aea1ab63f3e95449382edeaf85442d87fc,0.7626816630363464,1.3531339023781475,8318fe7ff6d8c9ee44b507703369918647d48f104ccf752d7cbde57cfeb0b897,False,49.996484005690064,44100,website-only extension,user-authorized project example; no separate dataset license asserted,"One-second model interval; input zero padding beyond valid support is preserved. IEEE float WAV; independent -1 dBFS playback-only gain; no additional filtering, denoising, alignment or inference.",,
room04_A3_r1_event25_recorded,phone_recording,Bathroom,A3,,1,reports/phone_clap_demo/results/segments/m4a/room04_Bathroom_m4a_ev25_A3_r1.wav,,aee9bb66bc692bed67b63edbafdd5545797d24a4c9b8c1a592093c2e5e11d1d2,audio/phone_recordings/bathroom/A3_r1.wav,44100,1.0,False,False,all normal protocol events; existing selected_for_demo flag retained,runs/matched_reg_1s/hybrid_shoebox_mit_but_ace_1000ms_full_c1_vm_seed42001/model_updates20000.pt,fa83b4108777231ef557379e8f7478aea1ab63f3e95449382edeaf85442d87fc,0.7177954912185669,1.87998547968351,b26329e6670d3e3d1eab758293b41b558943f76c267c0cd2b09c9a608ce32ad4,False,44.5040899830625,44100,website-only extension,user-authorized project example; no separate dataset license asserted,"One-second model interval; input zero padding beyond valid support is preserved. IEEE float WAV; independent -1 dBFS playback-only gain; no additional filtering, denoising, alignment or inference.",,
room04_A3_r1_event25_inferred,inferred_rir,Bathroom,A3,,1,runs/e6_phone_raw_cache/raw_v1_seed42001_batch144.npy,1,f2fa4a0591c2c8364cc4a05993ec5a245e99ed2c48fe40a2f116d870d6c08a74,audio/inferred_rirs/bathroom/A3_r1.wav,44100,1.0,False,False,all normal protocol events; existing selected_for_demo flag retained,runs/matched_reg_1s/hybrid_shoebox_mit_but_ace_1000ms_full_c1_vm_seed42001/model_updates20000.pt,fa83b4108777231ef557379e8f7478aea1ab63f3e95449382edeaf85442d87fc,0.49644845724105835,5.082516691520046,fcadfdf6936fda165ace2d23b47b58e4da6d6ee76e07c3faeeb63655ab596ff4,False,44.5040899830625,44100,website-only extension,user-authorized project example; no separate dataset license asserted,"One-second model interval; input zero padding beyond valid support is preserved. IEEE float WAV; independent -1 dBFS playback-only gain; no additional filtering, denoising, alignment or inference.",,
room04_A3_r2_event26_recorded,phone_recording,Bathroom,A3,,2,reports/phone_clap_demo/results/segments/m4a/room04_Bathroom_m4a_ev26_A3_r2.wav,,d3c764eb74c0b9adbcd84ef4dc7cd7c3117e4a09592353c60871dce832a2e051,audio/phone_recordings/bathroom/A3_r2.wav,44100,1.0,False,False,all normal protocol events; existing selected_for_demo flag retained,runs/matched_reg_1s/hybrid_shoebox_mit_but_ace_1000ms_full_c1_vm_seed42001/model_updates20000.pt,fa83b4108777231ef557379e8f7478aea1ab63f3e95449382edeaf85442d87fc,0.9917925000190735,-0.9284163962495076,35e10dfb6775cd6e2da842dd7b804e8162d2bc1191492298908737091d122e40,True,48.86841363322942,44100,website-only extension,user-authorized project example; no separate dataset license asserted,"One-second model interval; input zero padding beyond valid support is preserved. IEEE float WAV; independent -1 dBFS playback-only gain; no additional filtering, denoising, alignment or inference.",,
room04_A3_r2_event26_inferred,inferred_rir,Bathroom,A3,,2,runs/e6_phone_raw_cache/raw_v1_seed42001_batch144.npy,2,f2fa4a0591c2c8364cc4a05993ec5a245e99ed2c48fe40a2f116d870d6c08a74,audio/inferred_rirs/bathroom/A3_r2.wav,44100,1.0,False,False,all normal protocol events; existing selected_for_demo flag retained,runs/matched_reg_1s/hybrid_shoebox_mit_but_ace_1000ms_full_c1_vm_seed42001/model_updates20000.pt,fa83b4108777231ef557379e8f7478aea1ab63f3e95449382edeaf85442d87fc,0.6919665336608887,2.1982981859477273,a02b9fb1ff98d92421538ceb6255bbbe9fd6536b75116cc546ac6b51d717fc8c,True,48.86841363322942,44100,website-only extension,user-authorized project example; no separate dataset license asserted,"One-second model interval; input zero padding beyond valid support is preserved. IEEE float WAV; independent -1 dBFS playback-only gain; no additional filtering, denoising, alignment or inference.",,
room04_A3_r3_event27_recorded,phone_recording,Bathroom,A3,,3,reports/phone_clap_demo/results/segments/m4a/room04_Bathroom_m4a_ev27_A3_r3.wav,,c8be40db698e5867463c373dbeb486da19ee651540f736b001701efdcf0cc49b,audio/phone_recordings/bathroom/A3_r3.wav,44100,1.0,False,True,all normal protocol events; existing selected_for_demo flag retained,runs/matched_reg_1s/hybrid_shoebox_mit_but_ace_1000ms_full_c1_vm_seed42001/model_updates20000.pt,fa83b4108777231ef557379e8f7478aea1ab63f3e95449382edeaf85442d87fc,0.8248366117477417,0.6726414082460921,57a476725d8eee2b8e52ab5b32514fba2fe507ddcb3aa99249474062eb08a5f9,False,47.056389898043285,44100,website-only extension,user-authorized project example; no separate dataset license asserted,"One-second model interval; input zero padding beyond valid support is preserved. IEEE float WAV; independent -1 dBFS playback-only gain; no additional filtering, denoising, alignment or inference.",,
room04_A3_r3_event27_inferred,inferred_rir,Bathroom,A3,,3,runs/e6_phone_raw_cache/raw_v1_seed42001_batch144.npy,3,f2fa4a0591c2c8364cc4a05993ec5a245e99ed2c48fe40a2f116d870d6c08a74,audio/inferred_rirs/bathroom/A3_r3.wav,44100,1.0,False,True,all normal protocol events; existing selected_for_demo flag retained,runs/matched_reg_1s/hybrid_shoebox_mit_but_ace_1000ms_full_c1_vm_seed42001/model_updates20000.pt,fa83b4108777231ef557379e8f7478aea1ab63f3e95449382edeaf85442d87fc,0.7148860692977905,1.9152633155260135,b50b13e74d530f4eb3586dc43c0fc2a1bf76c55e8b7f7a6e899a5a8e5ac7dffb,False,47.056389898043285,44100,website-only extension,user-authorized project example; no separate dataset license asserted,"One-second model interval; input zero padding beyond valid support is preserved. IEEE float WAV; independent -1 dBFS playback-only gain; no additional filtering, denoising, alignment or inference.",,
room04_A3_r4_event28_recorded,phone_recording,Bathroom,A3,,4,reports/phone_clap_demo/results/segments/m4a/room04_Bathroom_m4a_ev28_A3_r4.wav,,cbbad62734dce4be5bce10a82354447423689dc8b8f9640f5a70834fdca014ac,audio/phone_recordings/bathroom/A3_r4.wav,44100,1.0,False,False,all normal protocol events; existing selected_for_demo flag retained,runs/matched_reg_1s/hybrid_shoebox_mit_but_ace_1000ms_full_c1_vm_seed42001/model_updates20000.pt,fa83b4108777231ef557379e8f7478aea1ab63f3e95449382edeaf85442d87fc,0.9242263436317444,-0.31556686493149666,41a0218859cf101e2494afa5d8dea94e61cd00267be1193f3f2c7abb13a8fc09,False,46.93074866465306,44100,website-only extension,user-authorized project example; no separate dataset license asserted,"One-second model interval; input zero padding beyond valid support is preserved. IEEE float WAV; independent -1 dBFS playback-only gain; no additional filtering, denoising, alignment or inference.",,
room04_A3_r4_event28_inferred,inferred_rir,Bathroom,A3,,4,runs/e6_phone_raw_cache/raw_v1_seed42001_batch144.npy,4,f2fa4a0591c2c8364cc4a05993ec5a245e99ed2c48fe40a2f116d870d6c08a74,audio/inferred_rirs/bathroom/A3_r4.wav,44100,1.0,False,False,all normal protocol events; existing selected_for_demo flag retained,runs/matched_reg_1s/hybrid_shoebox_mit_but_ace_1000ms_full_c1_vm_seed42001/model_updates20000.pt,fa83b4108777231ef557379e8f7478aea1ab63f3e95449382edeaf85442d87fc,0.5658431649208069,3.946078515739739,050b5ae3eec9f90add773786ed32be33903ae95b9a82695ee2a7232541a728d4,False,46.93074866465306,44100,website-only extension,user-authorized project example; no separate dataset license asserted,"One-second model interval; input zero padding beyond valid support is preserved. IEEE float WAV; independent -1 dBFS playback-only gain; no additional filtering, denoising, alignment or inference.",,
room04_A3_r5_event29_recorded,phone_recording,Bathroom,A3,,5,reports/phone_clap_demo/results/segments/m4a/room04_Bathroom_m4a_ev29_A3_r5.wav,,fe8a82694b4c2ba7680dbb6fdd210def01d6a9f3e4ee485446379c9d454d1ba8,audio/phone_recordings/bathroom/A3_r5.wav,44100,1.0,False,False,all normal protocol events; existing selected_for_demo flag retained,runs/matched_reg_1s/hybrid_shoebox_mit_but_ace_1000ms_full_c1_vm_seed42001/model_updates20000.pt,fa83b4108777231ef557379e8f7478aea1ab63f3e95449382edeaf85442d87fc,0.9301573634147644,-0.3711285685265911,1eba982cb732466014bad4a07199341e89cf025eb1f247786ad75b4d5dde6318,False,46.7838254197369,44100,website-only extension,user-authorized project example; no separate dataset license asserted,"One-second model interval; input zero padding beyond valid support is preserved. IEEE float WAV; independent -1 dBFS playback-only gain; no additional filtering, denoising, alignment or inference.",,
room04_A3_r5_event29_inferred,inferred_rir,Bathroom,A3,,5,runs/e6_phone_raw_cache/raw_v1_seed42001_batch144.npy,5,f2fa4a0591c2c8364cc4a05993ec5a245e99ed2c48fe40a2f116d870d6c08a74,audio/inferred_rirs/bathroom/A3_r5.wav,44100,1.0,False,False,all normal protocol events; existing selected_for_demo flag retained,runs/matched_reg_1s/hybrid_shoebox_mit_but_ace_1000ms_full_c1_vm_seed42001/model_updates20000.pt,fa83b4108777231ef557379e8f7478aea1ab63f3e95449382edeaf85442d87fc,0.7052708864212036,2.032880869190072,636f5356cc59c089ba2171ee883203b3b368a4744f6714734ca45facedda740d,False,46.7838254197369,44100,website-only extension,user-authorized project example; no separate dataset license asserted,"One-second model interval; input zero padding beyond valid support is preserved. IEEE float WAV; independent -1 dBFS playback-only gain; no additional filtering, denoising, alignment or inference.",,
room04_A1minus_r1_event30_recorded,phone_recording,Bathroom,A1-,,1,reports/phone_clap_demo/results/segments/m4a/room04_Bathroom_m4a_ev30_A1m_r1.wav,,19225c51c503bc4d78c8d7c0a204de7f461d30ae9a26e1dd64748ab5de628c39,audio/phone_recordings/bathroom/A1minus_r1.wav,44100,1.0,False,False,all normal protocol events; existing selected_for_demo flag retained,runs/matched_reg_1s/hybrid_shoebox_mit_but_ace_1000ms_full_c1_vm_seed42001/model_updates20000.pt,fa83b4108777231ef557379e8f7478aea1ab63f3e95449382edeaf85442d87fc,1.0069830417633057,-1.0604431363825213,2a3de80d835627669c5a682907acc6d31e25b9199042b730b6e0002a7cbecb1b,True,47.80034947011676,44100,website-only extension,user-authorized project example; no separate dataset license asserted,"One-second model interval; input zero padding beyond valid support is preserved. IEEE float WAV; independent -1 dBFS playback-only gain; no additional filtering, denoising, alignment or inference.",,
room04_A1minus_r1_event30_inferred,inferred_rir,Bathroom,A1-,,1,runs/e6_phone_raw_cache/raw_v1_seed42001_batch144.npy,6,f2fa4a0591c2c8364cc4a05993ec5a245e99ed2c48fe40a2f116d870d6c08a74,audio/inferred_rirs/bathroom/A1minus_r1.wav,44100,1.0,False,False,all normal protocol events; existing selected_for_demo flag retained,runs/matched_reg_1s/hybrid_shoebox_mit_but_ace_1000ms_full_c1_vm_seed42001/model_updates20000.pt,fa83b4108777231ef557379e8f7478aea1ab63f3e95449382edeaf85442d87fc,0.37061724066734314,7.621487633826861,5a142f90474b022f34e360204690a0e18760b1bb0f92eded91ca42674abf1503,True,47.80034947011676,44100,website-only extension,user-authorized project example; no separate dataset license asserted,"One-second model interval; input zero padding beyond valid support is preserved. IEEE float WAV; independent -1 dBFS playback-only gain; no additional filtering, denoising, alignment or inference.",,
room04_A1minus_r2_event31_recorded,phone_recording,Bathroom,A1-,,2,reports/phone_clap_demo/results/segments/m4a/room04_Bathroom_m4a_ev31_A1m_r2.wav,,d621f238ec20ef95a030ab58015a33b7b6a33f7e1205cf845d14dc13ff3ed13a,audio/phone_recordings/bathroom/A1minus_r2.wav,44100,1.0,False,False,all normal protocol events; existing selected_for_demo flag retained,runs/matched_reg_1s/hybrid_shoebox_mit_but_ace_1000ms_full_c1_vm_seed42001/model_updates20000.pt,fa83b4108777231ef557379e8f7478aea1ab63f3e95449382edeaf85442d87fc,0.7392328381538391,1.6243749831550067,7cccf00bb28c1ecf4950e4a7cc0276b1c7dc3950c16b40c7969b2bdfe3e4a30e,False,45.428907812903624,44100,website-only extension,user-authorized project example; no separate dataset license asserted,"One-second model interval; input zero padding beyond valid support is preserved. IEEE float WAV; independent -1 dBFS playback-only gain; no additional filtering, denoising, alignment or inference.",,
room04_A1minus_r2_event31_inferred,inferred_rir,Bathroom,A1-,,2,runs/e6_phone_raw_cache/raw_v1_seed42001_batch144.npy,7,f2fa4a0591c2c8364cc4a05993ec5a245e99ed2c48fe40a2f116d870d6c08a74,audio/inferred_rirs/bathroom/A1minus_r2.wav,44100,1.0,False,False,all normal protocol events; existing selected_for_demo flag retained,runs/matched_reg_1s/hybrid_shoebox_mit_but_ace_1000ms_full_c1_vm_seed42001/model_updates20000.pt,fa83b4108777231ef557379e8f7478aea1ab63f3e95449382edeaf85442d87fc,0.5376189947128296,4.3905079109433744,60e4ad30bcc08cca9ed33a1dfabe8f9300263867b7d1f0bb82b3275562cc2e19,False,45.428907812903624,44100,website-only extension,user-authorized project example; no separate dataset license asserted,"One-second model interval; input zero padding beyond valid support is preserved. IEEE float WAV; independent -1 dBFS playback-only gain; no additional filtering, denoising, alignment or inference.",,
room04_A1minus_r3_event32_recorded,phone_recording,Bathroom,A1-,,3,reports/phone_clap_demo/results/segments/m4a/room04_Bathroom_m4a_ev32_A1m_r3.wav,,d138eaf3cb3d0797604feea1797508f6eca9c39caa3536fb6ae86d602788cc11,audio/phone_recordings/bathroom/A1minus_r3.wav,44100,1.0,False,False,all normal protocol events; existing selected_for_demo flag retained,runs/matched_reg_1s/hybrid_shoebox_mit_but_ace_1000ms_full_c1_vm_seed42001/model_updates20000.pt,fa83b4108777231ef557379e8f7478aea1ab63f3e95449382edeaf85442d87fc,0.7907617092132568,1.0390873708801427,8d17e375dce22f1316cc449386f41f424303f4e34c5bcefc8a5d4407610b7529,False,44.81314045810181,44100,website-only extension,user-authorized project example; no separate dataset license asserted,"One-second model interval; input zero padding beyond valid support is preserved. IEEE float WAV; independent -1 dBFS playback-only gain; no additional filtering, denoising, alignment or inference.",,
room04_A1minus_r3_event32_inferred,inferred_rir,Bathroom,A1-,,3,runs/e6_phone_raw_cache/raw_v1_seed42001_batch152.npy,0,1a261a679840240c71339c2507626f84b42fa0e623de6ea4bf44e6238c725897,audio/inferred_rirs/bathroom/A1minus_r3.wav,44100,1.0,False,False,all normal protocol events; existing selected_for_demo flag retained,runs/matched_reg_1s/hybrid_shoebox_mit_but_ace_1000ms_full_c1_vm_seed42001/model_updates20000.pt,fa83b4108777231ef557379e8f7478aea1ab63f3e95449382edeaf85442d87fc,0.805349588394165,0.8803111788887346,4aa4a00e8464d3c078531f6120bce349338edb7c445fa8b9799217333e30bb96,False,44.81314045810181,44100,website-only extension,user-authorized project example; no separate dataset license asserted,"One-second model interval; input zero padding beyond valid support is preserved. IEEE float WAV; independent -1 dBFS playback-only gain; no additional filtering, denoising, alignment or inference.",,
room04_A1minus_r4_event33_recorded,phone_recording,Bathroom,A1-,,4,reports/phone_clap_demo/results/segments/m4a/room04_Bathroom_m4a_ev33_A1m_r4.wav,,1fb9d0acc560fbf22cb4b95a2dd4d442c3624cbd90ebf2583a2e716bbd631025,audio/phone_recordings/bathroom/A1minus_r4.wav,44100,1.0,False,False,all normal protocol events; existing selected_for_demo flag retained,runs/matched_reg_1s/hybrid_shoebox_mit_but_ace_1000ms_full_c1_vm_seed42001/model_updates20000.pt,fa83b4108777231ef557379e8f7478aea1ab63f3e95449382edeaf85442d87fc,0.9286289215087891,-0.35684410687189794,4d999122e6ab450fa93a633dc6bcd3f6f97b4c7646912751e7185ac9f2ce46e7,False,47.19799821321971,44100,website-only extension,user-authorized project example; no separate dataset license asserted,"One-second model interval; input zero padding beyond valid support is preserved. IEEE float WAV; independent -1 dBFS playback-only gain; no additional filtering, denoising, alignment or inference.",,
room04_A1minus_r4_event33_inferred,inferred_rir,Bathroom,A1-,,4,runs/e6_phone_raw_cache/raw_v1_seed42001_batch152.npy,1,1a261a679840240c71339c2507626f84b42fa0e623de6ea4bf44e6238c725897,audio/inferred_rirs/bathroom/A1minus_r4.wav,44100,1.0,False,False,all normal protocol events; existing selected_for_demo flag retained,runs/matched_reg_1s/hybrid_shoebox_mit_but_ace_1000ms_full_c1_vm_seed42001/model_updates20000.pt,fa83b4108777231ef557379e8f7478aea1ab63f3e95449382edeaf85442d87fc,0.6130853891372681,3.2495806744434317,4da97499a5c77ed8b7838271a395b6bed4eab007ea46ebfd29ebe21abcddfbcf,False,47.19799821321971,44100,website-only extension,user-authorized project example; no separate dataset license asserted,"One-second model interval; input zero padding beyond valid support is preserved. IEEE float WAV; independent -1 dBFS playback-only gain; no additional filtering, denoising, alignment or inference.",,
room04_A1minus_r5_event34_recorded,phone_recording,Bathroom,A1-,,5,reports/phone_clap_demo/results/segments/m4a/room04_Bathroom_m4a_ev34_A1m_r5.wav,,989c604240124a57c1d379b80856c78d2e7ba617e820ec765f6a846534ac2045,audio/phone_recordings/bathroom/A1minus_r5.wav,44100,1.0,False,True,all normal protocol events; existing selected_for_demo flag retained,runs/matched_reg_1s/hybrid_shoebox_mit_but_ace_1000ms_full_c1_vm_seed42001/model_updates20000.pt,fa83b4108777231ef557379e8f7478aea1ab63f3e95449382edeaf85442d87fc,0.9246490001678467,-0.3195380878737607,b996aa57a04ec166a6093feb945d61a99324af9dd189f2b1857f5487a5da3a15,False,48.172763652370946,44100,website-only extension,user-authorized project example; no separate dataset license asserted,"One-second model interval; input zero padding beyond valid support is preserved. IEEE float WAV; independent -1 dBFS playback-only gain; no additional filtering, denoising, alignment or inference.",,
room04_A1minus_r5_event34_inferred,inferred_rir,Bathroom,A1-,,5,runs/e6_phone_raw_cache/raw_v1_seed42001_batch152.npy,2,1a261a679840240c71339c2507626f84b42fa0e623de6ea4bf44e6238c725897,audio/inferred_rirs/bathroom/A1minus_r5.wav,44100,1.0,False,True,all normal protocol events; existing selected_for_demo flag retained,runs/matched_reg_1s/hybrid_shoebox_mit_but_ace_1000ms_full_c1_vm_seed42001/model_updates20000.pt,fa83b4108777231ef557379e8f7478aea1ab63f3e95449382edeaf85442d87fc,0.6099202036857605,3.2945396068609805,670c74bec8b2f8737258688b57265e3c4cad394afa0b28443c0f539498776737,False,48.172763652370946,44100,website-only extension,user-authorized project example; no separate dataset license asserted,"One-second model interval; input zero padding beyond valid support is preserved. IEEE float WAV; independent -1 dBFS playback-only gain; no additional filtering, denoising, alignment or inference.",,
room04_A1plus_r1_event35_recorded,phone_recording,Bathroom,A1+,,1,reports/phone_clap_demo/results/segments/m4a/room04_Bathroom_m4a_ev35_A1p_r1.wav,,ebf93adf0841f5d764ae2b94f82c1feec18ff578d5e008e1cae38831b8257e8e,audio/phone_recordings/bathroom/A1plus_r1.wav,44100,1.0,False,False,all normal protocol events; existing selected_for_demo flag retained,runs/matched_reg_1s/hybrid_shoebox_mit_but_ace_1000ms_full_c1_vm_seed42001/model_updates20000.pt,fa83b4108777231ef557379e8f7478aea1ab63f3e95449382edeaf85442d87fc,0.9278289675712585,-0.3493585483921229,d02b1eeaedb62c8b56f539b19e3d9ff2c53c0afda088da9529f358286249314c,False,50.53209261637719,44100,website-only extension,user-authorized project example; no separate dataset license asserted,"One-second model interval; input zero padding beyond valid support is preserved. IEEE float WAV; independent -1 dBFS playback-only gain; no additional filtering, denoising, alignment or inference.",,
room04_A1plus_r1_event35_inferred,inferred_rir,Bathroom,A1+,,1,runs/e6_phone_raw_cache/raw_v1_seed42001_batch152.npy,3,1a261a679840240c71339c2507626f84b42fa0e623de6ea4bf44e6238c725897,audio/inferred_rirs/bathroom/A1plus_r1.wav,44100,1.0,False,False,all normal protocol events; existing selected_for_demo flag retained,runs/matched_reg_1s/hybrid_shoebox_mit_but_ace_1000ms_full_c1_vm_seed42001/model_updates20000.pt,fa83b4108777231ef557379e8f7478aea1ab63f3e95449382edeaf85442d87fc,0.425733745098114,6.417238496148504,bf790dcc4c81618f2beb52670190188627ca3647bd2055c1a07992e6e0aa1aff,False,50.53209261637719,44100,website-only extension,user-authorized project example; no separate dataset license asserted,"One-second model interval; input zero padding beyond valid support is preserved. IEEE float WAV; independent -1 dBFS playback-only gain; no additional filtering, denoising, alignment or inference.",,
room04_A1plus_r2_event36_recorded,phone_recording,Bathroom,A1+,,2,reports/phone_clap_demo/results/segments/m4a/room04_Bathroom_m4a_ev36_A1p_r2.wav,,80ec6242fd20f04d06f613e5a159289df5c66368fa83cb196a39e85246fab200,audio/phone_recordings/bathroom/A1plus_r2.wav,44100,1.0,False,False,all normal protocol events; existing selected_for_demo flag retained,runs/matched_reg_1s/hybrid_shoebox_mit_but_ace_1000ms_full_c1_vm_seed42001/model_updates20000.pt,fa83b4108777231ef557379e8f7478aea1ab63f3e95449382edeaf85442d87fc,0.9346591830253601,-0.41306554548343477,b81c0ef7aedf1273fcac3b02d2c350363902dff90874e60b8fdf95f22ecd3c21,False,49.75721680625003,44100,website-only extension,user-authorized project example; no separate dataset license asserted,"One-second model interval; input zero padding beyond valid support is preserved. IEEE float WAV; independent -1 dBFS playback-only gain; no additional filtering, denoising, alignment or inference.",,
room04_A1plus_r2_event36_inferred,inferred_rir,Bathroom,A1+,,2,runs/e6_phone_raw_cache/raw_v1_seed42001_batch152.npy,4,1a261a679840240c71339c2507626f84b42fa0e623de6ea4bf44e6238c725897,audio/inferred_rirs/bathroom/A1plus_r2.wav,44100,1.0,False,False,all normal protocol events; existing selected_for_demo flag retained,runs/matched_reg_1s/hybrid_shoebox_mit_but_ace_1000ms_full_c1_vm_seed42001/model_updates20000.pt,fa83b4108777231ef557379e8f7478aea1ab63f3e95449382edeaf85442d87fc,0.45810332894325256,5.780731045664437,8ddb42402180f79e7aca185fff347df0cc200952d2bedeb1dce067660fc60dff,False,49.75721680625003,44100,website-only extension,user-authorized project example; no separate dataset license asserted,"One-second model interval; input zero padding beyond valid support is preserved. IEEE float WAV; independent -1 dBFS playback-only gain; no additional filtering, denoising, alignment or inference.",,
room04_A1plus_r3_event37_recorded,phone_recording,Bathroom,A1+,,3,reports/phone_clap_demo/results/segments/m4a/room04_Bathroom_m4a_ev37_A1p_r3.wav,,998c839cb121d5fc145123b86393b2572d245faab6082217fee09ec852f211b3,audio/phone_recordings/bathroom/A1plus_r3.wav,44100,1.0,False,True,all normal protocol events; existing selected_for_demo flag retained,runs/matched_reg_1s/hybrid_shoebox_mit_but_ace_1000ms_full_c1_vm_seed42001/model_updates20000.pt,fa83b4108777231ef557379e8f7478aea1ab63f3e95449382edeaf85442d87fc,0.9446436762809753,-0.5053604324634813,2a576cc1ac4ef46f3a10eaeea13154ac50eb79e13c1892b0a90a75ba289772c4,False,54.81136999311663,44100,website-only extension,user-authorized project example; no separate dataset license asserted,"One-second model interval; input zero padding beyond valid support is preserved. IEEE float WAV; independent -1 dBFS playback-only gain; no additional filtering, denoising, alignment or inference.",,
room04_A1plus_r3_event37_inferred,inferred_rir,Bathroom,A1+,,3,runs/e6_phone_raw_cache/raw_v1_seed42001_batch152.npy,5,1a261a679840240c71339c2507626f84b42fa0e623de6ea4bf44e6238c725897,audio/inferred_rirs/bathroom/A1plus_r3.wav,44100,1.0,False,True,all normal protocol events; existing selected_for_demo flag retained,runs/matched_reg_1s/hybrid_shoebox_mit_but_ace_1000ms_full_c1_vm_seed42001/model_updates20000.pt,fa83b4108777231ef557379e8f7478aea1ab63f3e95449382edeaf85442d87fc,0.6537792086601257,2.6913778974365,26c0e8960836cd8dbf206e1a76fa0f405c3eb2fc18bfdf2040f7e2f3e9148f53,False,54.81136999311663,44100,website-only extension,user-authorized project example; no separate dataset license asserted,"One-second model interval; input zero padding beyond valid support is preserved. IEEE float WAV; independent -1 dBFS playback-only gain; no additional filtering, denoising, alignment or inference.",,
room04_A1plus_r4_event38_recorded,phone_recording,Bathroom,A1+,,4,reports/phone_clap_demo/results/segments/m4a/room04_Bathroom_m4a_ev38_A1p_r4.wav,,3d0ad0183c839f8e8d265406c1aa7850daa533fe9b2de24cac096735844f7481,audio/phone_recordings/bathroom/A1plus_r4.wav,44100,1.0,False,False,all normal protocol events; existing selected_for_demo flag retained,runs/matched_reg_1s/hybrid_shoebox_mit_but_ace_1000ms_full_c1_vm_seed42001/model_updates20000.pt,fa83b4108777231ef557379e8f7478aea1ab63f3e95449382edeaf85442d87fc,0.6368518471717834,2.919231743849578,664ea709046e68a6945efb65cd504cc25db076bcb204a6e8be9ba5b1bf4949dd,False,47.09921420283479,44100,website-only extension,user-authorized project example; no separate dataset license asserted,"One-second model interval; input zero padding beyond valid support is preserved. IEEE float WAV; independent -1 dBFS playback-only gain; no additional filtering, denoising, alignment or inference.",,
room04_A1plus_r4_event38_inferred,inferred_rir,Bathroom,A1+,,4,runs/e6_phone_raw_cache/raw_v1_seed42001_batch152.npy,6,1a261a679840240c71339c2507626f84b42fa0e623de6ea4bf44e6238c725897,audio/inferred_rirs/bathroom/A1plus_r4.wav,44100,1.0,False,False,all normal protocol events; existing selected_for_demo flag retained,runs/matched_reg_1s/hybrid_shoebox_mit_but_ace_1000ms_full_c1_vm_seed42001/model_updates20000.pt,fa83b4108777231ef557379e8f7478aea1ab63f3e95449382edeaf85442d87fc,0.7986608743667603,0.9527518143635237,b530f0e627a946831f14b3c37e7e716997f66a37a746e90b84119931270cb53f,False,47.09921420283479,44100,website-only extension,user-authorized project example; no separate dataset license asserted,"One-second model interval; input zero padding beyond valid support is preserved. IEEE float WAV; independent -1 dBFS playback-only gain; no additional filtering, denoising, alignment or inference.",,
room04_A1plus_r5_event39_recorded,phone_recording,Bathroom,A1+,,5,reports/phone_clap_demo/results/segments/m4a/room04_Bathroom_m4a_ev39_A1p_r5.wav,,67374c8eb11038f1613445f07e9f0bf35db6997fc33af29e8e0b10e73ec33bad,audio/phone_recordings/bathroom/A1plus_r5.wav,44100,1.0,False,False,all normal protocol events; existing selected_for_demo flag retained,runs/matched_reg_1s/hybrid_shoebox_mit_but_ace_1000ms_full_c1_vm_seed42001/model_updates20000.pt,fa83b4108777231ef557379e8f7478aea1ab63f3e95449382edeaf85442d87fc,0.8850437998771667,0.06070471995844366,f1abea81b0ff42156d11d61fa6c957032ac822df308b627a9dd59068a0767a4b,False,52.26156402286792,44100,website-only extension,user-authorized project example; no separate dataset license asserted,"One-second model interval; input zero padding beyond valid support is preserved. IEEE float WAV; independent -1 dBFS playback-only gain; no additional filtering, denoising, alignment or inference.",,
room04_A1plus_r5_event39_inferred,inferred_rir,Bathroom,A1+,,5,runs/e6_phone_raw_cache/raw_v1_seed42001_batch152.npy,7,1a261a679840240c71339c2507626f84b42fa0e623de6ea4bf44e6238c725897,audio/inferred_rirs/bathroom/A1plus_r5.wav,44100,1.0,False,False,all normal protocol events; existing selected_for_demo flag retained,runs/matched_reg_1s/hybrid_shoebox_mit_but_ace_1000ms_full_c1_vm_seed42001/model_updates20000.pt,fa83b4108777231ef557379e8f7478aea1ab63f3e95449382edeaf85442d87fc,0.3487311005592346,8.150186392373811,d698ae92f7cf5ec441838ec0c0b6f8914370a2f78a267ebdd170ac09b4cf9460,False,52.26156402286792,44100,website-only extension,user-authorized project example; no separate dataset license asserted,"One-second model interval; input zero padding beyond valid support is preserved. IEEE float WAV; independent -1 dBFS playback-only gain; no additional filtering, denoising, alignment or inference.",,
room05_P1_r1_event00_recorded,phone_recording,Medium clubroom,P1,,1,reports/phone_clap_demo/results/segments/m4a/room05_ClubroomMedium_m4a_ev00_P1_r1.wav,,c853ea9b5125625b7ec9c8c521ef7d9633806e834abefec91dc91d0337b35056,audio/phone_recordings/medium_clubroom/P1_r1.wav,44100,1.0,False,False,all normal protocol events; existing selected_for_demo flag retained,runs/matched_reg_1s/hybrid_shoebox_mit_but_ace_1000ms_full_c1_vm_seed42001/model_updates20000.pt,fa83b4108777231ef557379e8f7478aea1ab63f3e95449382edeaf85442d87fc,0.7745130658149719,1.2194250283735995,d12dea54f18b428f961c8afe2afa285241373d7163e4cae1be3ca84c3e988520,False,28.328755498944858,44100,website-only extension,user-authorized project example; no separate dataset license asserted,"One-second model interval; input zero padding beyond valid support is preserved. IEEE float WAV; independent -1 dBFS playback-only gain; no additional filtering, denoising, alignment or inference.",,
room05_P1_r1_event00_inferred,inferred_rir,Medium clubroom,P1,,1,runs/e6_phone_raw_cache/raw_v1_seed42001_batch160.npy,0,c1de3498a7d9817f9b3d6f2a409f338dae7bb6227d77933af1f502330fe95686,audio/inferred_rirs/medium_clubroom/P1_r1.wav,44100,1.0,False,False,all normal protocol events; existing selected_for_demo flag retained,runs/matched_reg_1s/hybrid_shoebox_mit_but_ace_1000ms_full_c1_vm_seed42001/model_updates20000.pt,fa83b4108777231ef557379e8f7478aea1ab63f3e95449382edeaf85442d87fc,0.4252946376800537,6.426201860915597,7dbffba6b94467df750ac75c90d4e15c5638754af748e32fd9274293789a4b10,False,28.328755498944858,44100,website-only extension,user-authorized project example; no separate dataset license asserted,"One-second model interval; input zero padding beyond valid support is preserved. IEEE float WAV; independent -1 dBFS playback-only gain; no additional filtering, denoising, alignment or inference.",,
room05_P1_r2_event01_recorded,phone_recording,Medium clubroom,P1,,2,reports/phone_clap_demo/results/segments/m4a/room05_ClubroomMedium_m4a_ev01_P1_r2.wav,,1f6497b511744d4cc81f46f60e04a2021497634e5bd20a1800fd001b56392abf,audio/phone_recordings/medium_clubroom/P1_r2.wav,44100,1.0,False,False,all normal protocol events; existing selected_for_demo flag retained,runs/matched_reg_1s/hybrid_shoebox_mit_but_ace_1000ms_full_c1_vm_seed42001/model_updates20000.pt,fa83b4108777231ef557379e8f7478aea1ab63f3e95449382edeaf85442d87fc,0.8412736058235168,0.5012547291171746,49755bdc9e3e84f6b531397b847ce631c67002690ab48956f966951d729fcf8b,False,26.11142013692904,44100,website-only extension,user-authorized project example; no separate dataset license asserted,"One-second model interval; input zero padding beyond valid support is preserved. IEEE float WAV; independent -1 dBFS playback-only gain; no additional filtering, denoising, alignment or inference.",,
room05_P1_r2_event01_inferred,inferred_rir,Medium clubroom,P1,,2,runs/e6_phone_raw_cache/raw_v1_seed42001_batch160.npy,1,c1de3498a7d9817f9b3d6f2a409f338dae7bb6227d77933af1f502330fe95686,audio/inferred_rirs/medium_clubroom/P1_r2.wav,44100,1.0,False,False,all normal protocol events; existing selected_for_demo flag retained,runs/matched_reg_1s/hybrid_shoebox_mit_but_ace_1000ms_full_c1_vm_seed42001/model_updates20000.pt,fa83b4108777231ef557379e8f7478aea1ab63f3e95449382edeaf85442d87fc,0.6738569140434265,2.4286462247366245,e67761d1b4cb64f3f42f1cff40ee6d379c673b842f5f4fd5e7e600022be4ed4f,False,26.11142013692904,44100,website-only extension,user-authorized project example; no separate dataset license asserted,"One-second model interval; input zero padding beyond valid support is preserved. IEEE float WAV; independent -1 dBFS playback-only gain; no additional filtering, denoising, alignment or inference.",,
room05_P1_r3_event02_recorded,phone_recording,Medium clubroom,P1,,3,reports/phone_clap_demo/results/segments/m4a/room05_ClubroomMedium_m4a_ev02_P1_r3.wav,,e0d300004909c0805c7549991a87f108b0817ccf36ca5c82db4edde3d6644c84,audio/phone_recordings/medium_clubroom/P1_r3.wav,44100,1.0,False,True,all normal protocol events; existing selected_for_demo flag retained,runs/matched_reg_1s/hybrid_shoebox_mit_but_ace_1000ms_full_c1_vm_seed42001/model_updates20000.pt,fa83b4108777231ef557379e8f7478aea1ab63f3e95449382edeaf85442d87fc,0.8653033375740051,0.25663242316432044,f814383c469ac6991567ebd2a08b89d05be5e43249882c2d5317d7cf79762f1a,False,31.581383128762617,44100,website-only extension,user-authorized project example; no separate dataset license asserted,"One-second model interval; input zero padding beyond valid support is preserved. IEEE float WAV; independent -1 dBFS playback-only gain; no additional filtering, denoising, alignment or inference.",,
room05_P1_r3_event02_inferred,inferred_rir,Medium clubroom,P1,,3,runs/e6_phone_raw_cache/raw_v1_seed42001_batch160.npy,2,c1de3498a7d9817f9b3d6f2a409f338dae7bb6227d77933af1f502330fe95686,audio/inferred_rirs/medium_clubroom/P1_r3.wav,44100,1.0,False,True,all normal protocol events; existing selected_for_demo flag retained,runs/matched_reg_1s/hybrid_shoebox_mit_but_ace_1000ms_full_c1_vm_seed42001/model_updates20000.pt,fa83b4108777231ef557379e8f7478aea1ab63f3e95449382edeaf85442d87fc,0.6734293103218079,2.434159706270608,816df829e7c6905d7d29ceb11c96b28f84116071b67eea37faff91e3db6baa50,False,31.581383128762617,44100,website-only extension,user-authorized project example; no separate dataset license asserted,"One-second model interval; input zero padding beyond valid support is preserved. IEEE float WAV; independent -1 dBFS playback-only gain; no additional filtering, denoising, alignment or inference.",,
room05_P1_r4_event03_recorded,phone_recording,Medium clubroom,P1,,4,reports/phone_clap_demo/results/segments/m4a/room05_ClubroomMedium_m4a_ev03_P1_r4.wav,,526b13bcff04b90edfc8cbeae31ce2a42b32e01c8e54d3d6b3d7ffb942600543,audio/phone_recordings/medium_clubroom/P1_r4.wav,44100,1.0,False,False,all normal protocol events; existing selected_for_demo flag retained,runs/matched_reg_1s/hybrid_shoebox_mit_but_ace_1000ms_full_c1_vm_seed42001/model_updates20000.pt,fa83b4108777231ef557379e8f7478aea1ab63f3e95449382edeaf85442d87fc,0.8797459006309509,0.11285496356965659,5fe94b92a1617d15b93878cc6e6f7951657c8d2a027ae0564255493a5b640c2b,False,29.183356559282963,44100,website-only extension,user-authorized project example; no separate dataset license asserted,"One-second model interval; input zero padding beyond valid support is preserved. IEEE float WAV; independent -1 dBFS playback-only gain; no additional filtering, denoising, alignment or inference.",,
room05_P1_r4_event03_inferred,inferred_rir,Medium clubroom,P1,,4,runs/e6_phone_raw_cache/raw_v1_seed42001_batch160.npy,3,c1de3498a7d9817f9b3d6f2a409f338dae7bb6227d77933af1f502330fe95686,audio/inferred_rirs/medium_clubroom/P1_r4.wav,44100,1.0,False,False,all normal protocol events; existing selected_for_demo flag retained,runs/matched_reg_1s/hybrid_shoebox_mit_but_ace_1000ms_full_c1_vm_seed42001/model_updates20000.pt,fa83b4108777231ef557379e8f7478aea1ab63f3e95449382edeaf85442d87fc,0.8007961511611938,0.92956045716497,54f0ec38ecf11e11dd5e89a7a8cdea71ca592b841ef806673667398c1166c865,False,29.183356559282963,44100,website-only extension,user-authorized project example; no separate dataset license asserted,"One-second model interval; input zero padding beyond valid support is preserved. IEEE float WAV; independent -1 dBFS playback-only gain; no additional filtering, denoising, alignment or inference.",,
room05_P1_r5_event04_recorded,phone_recording,Medium clubroom,P1,,5,reports/phone_clap_demo/results/segments/m4a/room05_ClubroomMedium_m4a_ev04_P1_r5.wav,,5e97c5b40012cd1e1924586e729675f316efb60d888e066ce945c636df367c01,audio/phone_recordings/medium_clubroom/P1_r5.wav,44100,1.0,False,False,all normal protocol events; existing selected_for_demo flag retained,runs/matched_reg_1s/hybrid_shoebox_mit_but_ace_1000ms_full_c1_vm_seed42001/model_updates20000.pt,fa83b4108777231ef557379e8f7478aea1ab63f3e95449382edeaf85442d87fc,0.8785051107406616,0.12511415269617143,a2ff0c2020bfbf50f1e67246b5468eede7b5f8ab2b63b4f0047a4df9b18a7d27,False,28.58003851843879,44100,website-only extension,user-authorized project example; no separate dataset license asserted,"One-second model interval; input zero padding beyond valid support is preserved. IEEE float WAV; independent -1 dBFS playback-only gain; no additional filtering, denoising, alignment or inference.",,
room05_P1_r5_event04_inferred,inferred_rir,Medium clubroom,P1,,5,runs/e6_phone_raw_cache/raw_v1_seed42001_batch160.npy,4,c1de3498a7d9817f9b3d6f2a409f338dae7bb6227d77933af1f502330fe95686,audio/inferred_rirs/medium_clubroom/P1_r5.wav,44100,1.0,False,False,all normal protocol events; existing selected_for_demo flag retained,runs/matched_reg_1s/hybrid_shoebox_mit_but_ace_1000ms_full_c1_vm_seed42001/model_updates20000.pt,fa83b4108777231ef557379e8f7478aea1ab63f3e95449382edeaf85442d87fc,0.4889960289001465,5.21389335469554,c885f4099e0e2322bf6545f7eaace074bf4b3295cf988122a2a2f914d29ca960,False,28.58003851843879,44100,website-only extension,user-authorized project example; no separate dataset license asserted,"One-second model interval; input zero padding beyond valid support is preserved. IEEE float WAV; independent -1 dBFS playback-only gain; no additional filtering, denoising, alignment or inference.",,
room05_P2_r1_event05_recorded,phone_recording,Medium clubroom,P2,,1,reports/phone_clap_demo/results/segments/m4a/room05_ClubroomMedium_m4a_ev05_P2_r1.wav,,1ea24c66b8d16f9d0039ba78cae82f932dfd77f46c390d711d1ce6f7f005170d,audio/phone_recordings/medium_clubroom/P2_r1.wav,44100,1.0,False,False,all normal protocol events; existing selected_for_demo flag retained,runs/matched_reg_1s/hybrid_shoebox_mit_but_ace_1000ms_full_c1_vm_seed42001/model_updates20000.pt,fa83b4108777231ef557379e8f7478aea1ab63f3e95449382edeaf85442d87fc,0.8912655711174011,-0.00014260791465411812,16ab8e7e8def2f81425c21070fceba0c5b9c100b599b6812e822ed8e4ba76fe8,False,29.22591773335397,44100,website-only extension,user-authorized project example; no separate dataset license asserted,"One-second model interval; input zero padding beyond valid support is preserved. IEEE float WAV; independent -1 dBFS playback-only gain; no additional filtering, denoising, alignment or inference.",,
room05_P2_r1_event05_inferred,inferred_rir,Medium clubroom,P2,,1,runs/e6_phone_raw_cache/raw_v1_seed42001_batch160.npy,5,c1de3498a7d9817f9b3d6f2a409f338dae7bb6227d77933af1f502330fe95686,audio/inferred_rirs/medium_clubroom/P2_r1.wav,44100,1.0,False,False,all normal protocol events; existing selected_for_demo flag retained,runs/matched_reg_1s/hybrid_shoebox_mit_but_ace_1000ms_full_c1_vm_seed42001/model_updates20000.pt,fa83b4108777231ef557379e8f7478aea1ab63f3e95449382edeaf85442d87fc,0.4205557107925415,6.523529305898296,fefa7957b8fba4d17d1268c9a8685a5b355ffa2aa889bf585bf6b173640596f8,False,29.22591773335397,44100,website-only extension,user-authorized project example; no separate dataset license asserted,"One-second model interval; input zero padding beyond valid support is preserved. IEEE float WAV; independent -1 dBFS playback-only gain; no additional filtering, denoising, alignment or inference.",,
room05_P2_r2_event06_recorded,phone_recording,Medium clubroom,P2,,2,reports/phone_clap_demo/results/segments/m4a/room05_ClubroomMedium_m4a_ev06_P2_r2.wav,,29368e8f808b54a96b57a93dcd487c20783eaafa4cdc8222baeca3842132c65d,audio/phone_recordings/medium_clubroom/P2_r2.wav,44100,1.0,False,False,all normal protocol events; existing selected_for_demo flag retained,runs/matched_reg_1s/hybrid_shoebox_mit_but_ace_1000ms_full_c1_vm_seed42001/model_updates20000.pt,fa83b4108777231ef557379e8f7478aea1ab63f3e95449382edeaf85442d87fc,0.8864770531654358,0.04665003628913687,5153f3808703989396418c86569b2cef6ea7aae4ec3b8f795de640de2e5e0730,False,25.486469390224773,44100,website-only extension,user-authorized project example; no separate dataset license asserted,"One-second model interval; input zero padding beyond valid support is preserved. IEEE float WAV; independent -1 dBFS playback-only gain; no additional filtering, denoising, alignment or inference.",,
room05_P2_r2_event06_inferred,inferred_rir,Medium clubroom,P2,,2,runs/e6_phone_raw_cache/raw_v1_seed42001_batch160.npy,6,c1de3498a7d9817f9b3d6f2a409f338dae7bb6227d77933af1f502330fe95686,audio/inferred_rirs/medium_clubroom/P2_r2.wav,44100,1.0,False,False,all normal protocol events; existing selected_for_demo flag retained,runs/matched_reg_1s/hybrid_shoebox_mit_but_ace_1000ms_full_c1_vm_seed42001/model_updates20000.pt,fa83b4108777231ef557379e8f7478aea1ab63f3e95449382edeaf85442d87fc,0.5751789212226868,3.8039407614190712,43c35dd48b6d155db4a4e5705b340649fa4fbb5b2173acb72bacd1eef0e09400,False,25.486469390224773,44100,website-only extension,user-authorized project example; no separate dataset license asserted,"One-second model interval; input zero padding beyond valid support is preserved. IEEE float WAV; independent -1 dBFS playback-only gain; no additional filtering, denoising, alignment or inference.",,
room05_P2_r3_event07_recorded,phone_recording,Medium clubroom,P2,,3,reports/phone_clap_demo/results/segments/m4a/room05_ClubroomMedium_m4a_ev07_P2_r3.wav,,d96f5a23d708da1a305fc9def98b6e81d4b54b98e17a73dcf13faef41f1f11a7,audio/phone_recordings/medium_clubroom/P2_r3.wav,44100,1.0,False,False,all normal protocol events; existing selected_for_demo flag retained,runs/matched_reg_1s/hybrid_shoebox_mit_but_ace_1000ms_full_c1_vm_seed42001/model_updates20000.pt,fa83b4108777231ef557379e8f7478aea1ab63f3e95449382edeaf85442d87fc,0.8884183764457703,0.02764933776043798,577c3619ae7cd5a13bc8a7f3d01d6ddc10464925c3283d9576e6492b6699adcc,False,26.76391981796527,44100,website-only extension,user-authorized project example; no separate dataset license asserted,"One-second model interval; input zero padding beyond valid support is preserved. IEEE float WAV; independent -1 dBFS playback-only gain; no additional filtering, denoising, alignment or inference.",,
room05_P2_r3_event07_inferred,inferred_rir,Medium clubroom,P2,,3,runs/e6_phone_raw_cache/raw_v1_seed42001_batch160.npy,7,c1de3498a7d9817f9b3d6f2a409f338dae7bb6227d77933af1f502330fe95686,audio/inferred_rirs/medium_clubroom/P2_r3.wav,44100,1.0,False,False,all normal protocol events; existing selected_for_demo flag retained,runs/matched_reg_1s/hybrid_shoebox_mit_but_ace_1000ms_full_c1_vm_seed42001/model_updates20000.pt,fa83b4108777231ef557379e8f7478aea1ab63f3e95449382edeaf85442d87fc,0.47471827268600464,5.471281025040011,9ee6daa30ea8ebf82cd816776b06a31100cdaf244e74b0d9668b879a7ea321ce,False,26.76391981796527,44100,website-only extension,user-authorized project example; no separate dataset license asserted,"One-second model interval; input zero padding beyond valid support is preserved. IEEE float WAV; independent -1 dBFS playback-only gain; no additional filtering, denoising, alignment or inference.",,
room05_P2_r4_event08_recorded,phone_recording,Medium clubroom,P2,,4,reports/phone_clap_demo/results/segments/m4a/room05_ClubroomMedium_m4a_ev08_P2_r4.wav,,4da667e9aee01b90c66056d5a659ac1df6ed9334f346481c6d9d98704fb9fee5,audio/phone_recordings/medium_clubroom/P2_r4.wav,44100,1.0,False,False,all normal protocol events; existing selected_for_demo flag retained,runs/matched_reg_1s/hybrid_shoebox_mit_but_ace_1000ms_full_c1_vm_seed42001/model_updates20000.pt,fa83b4108777231ef557379e8f7478aea1ab63f3e95449382edeaf85442d87fc,0.9361634254455566,-0.42703339727999917,d55647b67518ac6c149f152f300e3944b2962479a9f78f73b737dd9b81a69c3a,False,28.35873739721786,44100,website-only extension,user-authorized project example; no separate dataset license asserted,"One-second model interval; input zero padding beyond valid support is preserved. IEEE float WAV; independent -1 dBFS playback-only gain; no additional filtering, denoising, alignment or inference.",,
room05_P2_r4_event08_inferred,inferred_rir,Medium clubroom,P2,,4,runs/e6_phone_raw_cache/raw_v1_seed42001_batch168.npy,0,fe0bf6d1e64399510f4879d43f6d8902595dd9ea2d0c9bd28d75f1f6bc8e1cdb,audio/inferred_rirs/medium_clubroom/P2_r4.wav,44100,1.0,False,False,all normal protocol events; existing selected_for_demo flag retained,runs/matched_reg_1s/hybrid_shoebox_mit_but_ace_1000ms_full_c1_vm_seed42001/model_updates20000.pt,fa83b4108777231ef557379e8f7478aea1ab63f3e95449382edeaf85442d87fc,0.531109094619751,4.49632523468051,acf865700a03e6a8392ff1273282c2293a1facde8ad83ad297ab8cbc8cff0a84,False,28.35873739721786,44100,website-only extension,user-authorized project example; no separate dataset license asserted,"One-second model interval; input zero padding beyond valid support is preserved. IEEE float WAV; independent -1 dBFS playback-only gain; no additional filtering, denoising, alignment or inference.",,
room05_P2_r5_event09_recorded,phone_recording,Medium clubroom,P2,,5,reports/phone_clap_demo/results/segments/m4a/room05_ClubroomMedium_m4a_ev09_P2_r5.wav,,5476220f1465b874cda7258ae127fb0289cd93b871a565532979b8176363b65e,audio/phone_recordings/medium_clubroom/P2_r5.wav,44100,1.0,False,True,all normal protocol events; existing selected_for_demo flag retained,runs/matched_reg_1s/hybrid_shoebox_mit_but_ace_1000ms_full_c1_vm_seed42001/model_updates20000.pt,fa83b4108777231ef557379e8f7478aea1ab63f3e95449382edeaf85442d87fc,0.9247216582298279,-0.3202205902214033,799234beda2841b173e4e7dabaebf0eae935daff22b1e5a7abeec7c038713ef9,False,29.356626245799546,44100,website-only extension,user-authorized project example; no separate dataset license asserted,"One-second model interval; input zero padding beyond valid support is preserved. IEEE float WAV; independent -1 dBFS playback-only gain; no additional filtering, denoising, alignment or inference.",,
room05_P2_r5_event09_inferred,inferred_rir,Medium clubroom,P2,,5,runs/e6_phone_raw_cache/raw_v1_seed42001_batch168.npy,1,fe0bf6d1e64399510f4879d43f6d8902595dd9ea2d0c9bd28d75f1f6bc8e1cdb,audio/inferred_rirs/medium_clubroom/P2_r5.wav,44100,1.0,False,True,all normal protocol events; existing selected_for_demo flag retained,runs/matched_reg_1s/hybrid_shoebox_mit_but_ace_1000ms_full_c1_vm_seed42001/model_updates20000.pt,fa83b4108777231ef557379e8f7478aea1ab63f3e95449382edeaf85442d87fc,0.46302559971809387,5.687899941672887,dbf0ca99682477dd5e043884da95d5fdc6e6ab9557cd444233d0bc9925649b36,False,29.356626245799546,44100,website-only extension,user-authorized project example; no separate dataset license asserted,"One-second model interval; input zero padding beyond valid support is preserved. IEEE float WAV; independent -1 dBFS playback-only gain; no additional filtering, denoising, alignment or inference.",,
room05_P3_r1_event10_recorded,phone_recording,Medium clubroom,P3,,1,reports/phone_clap_demo/results/segments/m4a/room05_ClubroomMedium_m4a_ev10_P3_r1.wav,,3adb82c742ea2343a5a680a75ad5b0e9ce050ad974a7db551323556daabeea81,audio/phone_recordings/medium_clubroom/P3_r1.wav,44100,1.0,False,False,all normal protocol events; existing selected_for_demo flag retained,runs/matched_reg_1s/hybrid_shoebox_mit_but_ace_1000ms_full_c1_vm_seed42001/model_updates20000.pt,fa83b4108777231ef557379e8f7478aea1ab63f3e95449382edeaf85442d87fc,0.7984520792961121,0.9550228759647649,9ece1e39ec74578103f6ac4b19f88cc1ebe43e245edaa12803ca9542df319b1e,False,28.109489201350833,44100,website-only extension,user-authorized project example; no separate dataset license asserted,"One-second model interval; input zero padding beyond valid support is preserved. IEEE float WAV; independent -1 dBFS playback-only gain; no additional filtering, denoising, alignment or inference.",,
room05_P3_r1_event10_inferred,inferred_rir,Medium clubroom,P3,,1,runs/e6_phone_raw_cache/raw_v1_seed42001_batch168.npy,2,fe0bf6d1e64399510f4879d43f6d8902595dd9ea2d0c9bd28d75f1f6bc8e1cdb,audio/inferred_rirs/medium_clubroom/P3_r1.wav,44100,1.0,False,False,all normal protocol events; existing selected_for_demo flag retained,runs/matched_reg_1s/hybrid_shoebox_mit_but_ace_1000ms_full_c1_vm_seed42001/model_updates20000.pt,fa83b4108777231ef557379e8f7478aea1ab63f3e95449382edeaf85442d87fc,0.517427384853363,4.723011799363736,297152367d3c7bb063eb3f36cedcd85a43f76b8822665c6f975d0f90d1a0942c,False,28.109489201350833,44100,website-only extension,user-authorized project example; no separate dataset license asserted,"One-second model interval; input zero padding beyond valid support is preserved. IEEE float WAV; independent -1 dBFS playback-only gain; no additional filtering, denoising, alignment or inference.",,
room05_P3_r2_event11_recorded,phone_recording,Medium clubroom,P3,,2,reports/phone_clap_demo/results/segments/m4a/room05_ClubroomMedium_m4a_ev11_P3_r2.wav,,90bd74a9205d6d1d13caf1968ffef62336fe376ba64864cab9958cd2a32c8e55,audio/phone_recordings/medium_clubroom/P3_r2.wav,44100,1.0,False,False,all normal protocol events; existing selected_for_demo flag retained,runs/matched_reg_1s/hybrid_shoebox_mit_but_ace_1000ms_full_c1_vm_seed42001/model_updates20000.pt,fa83b4108777231ef557379e8f7478aea1ab63f3e95449382edeaf85442d87fc,0.8640357255935669,0.26936600441788827,bb685405cdbb4ba567b3246f58d43264e34747774e63c7f97b21496e0909e66c,False,27.000437563985617,44100,website-only extension,user-authorized project example; no separate dataset license asserted,"One-second model interval; input zero padding beyond valid support is preserved. IEEE float WAV; independent -1 dBFS playback-only gain; no additional filtering, denoising, alignment or inference.",,
room05_P3_r2_event11_inferred,inferred_rir,Medium clubroom,P3,,2,runs/e6_phone_raw_cache/raw_v1_seed42001_batch168.npy,3,fe0bf6d1e64399510f4879d43f6d8902595dd9ea2d0c9bd28d75f1f6bc8e1cdb,audio/inferred_rirs/medium_clubroom/P3_r2.wav,44100,1.0,False,False,all normal protocol events; existing selected_for_demo flag retained,runs/matched_reg_1s/hybrid_shoebox_mit_but_ace_1000ms_full_c1_vm_seed42001/model_updates20000.pt,fa83b4108777231ef557379e8f7478aea1ab63f3e95449382edeaf85442d87fc,0.44485896825790405,6.035552994545101,d5efb824e2c582744816ec172bde3b94e38b88d4b0974342ac91cefcdd65d7a5,False,27.000437563985617,44100,website-only extension,user-authorized project example; no separate dataset license asserted,"One-second model interval; input zero padding beyond valid support is preserved. IEEE float WAV; independent -1 dBFS playback-only gain; no additional filtering, denoising, alignment or inference.",,
room05_P3_r3_event12_recorded,phone_recording,Medium clubroom,P3,,3,reports/phone_clap_demo/results/segments/m4a/room05_ClubroomMedium_m4a_ev12_P3_r3.wav,,5d1317fb70c9db704c63257182757ff02f1eb87ec438f3de2b77b8cae1bb409a,audio/phone_recordings/medium_clubroom/P3_r3.wav,44100,1.0,False,False,all normal protocol events; existing selected_for_demo flag retained,runs/matched_reg_1s/hybrid_shoebox_mit_but_ace_1000ms_full_c1_vm_seed42001/model_updates20000.pt,fa83b4108777231ef557379e8f7478aea1ab63f3e95449382edeaf85442d87fc,0.8837791681289673,0.07312479123516419,7485315ae6df720d56f35ad36092ce66cf9874dd1a5dc1370e9a9b5a4557dbee,False,26.17294459191075,44100,website-only extension,user-authorized project example; no separate dataset license asserted,"One-second model interval; input zero padding beyond valid support is preserved. IEEE float WAV; independent -1 dBFS playback-only gain; no additional filtering, denoising, alignment or inference.",,
room05_P3_r3_event12_inferred,inferred_rir,Medium clubroom,P3,,3,runs/e6_phone_raw_cache/raw_v1_seed42001_batch168.npy,4,fe0bf6d1e64399510f4879d43f6d8902595dd9ea2d0c9bd28d75f1f6bc8e1cdb,audio/inferred_rirs/medium_clubroom/P3_r3.wav,44100,1.0,False,False,all normal protocol events; existing selected_for_demo flag retained,runs/matched_reg_1s/hybrid_shoebox_mit_but_ace_1000ms_full_c1_vm_seed42001/model_updates20000.pt,fa83b4108777231ef557379e8f7478aea1ab63f3e95449382edeaf85442d87fc,0.6047732830047607,3.3681480571441016,2499e0e4aa9847b803379754cbd84ac3120a679b1db7171bdebdfbd0474d733a,False,26.17294459191075,44100,website-only extension,user-authorized project example; no separate dataset license asserted,"One-second model interval; input zero padding beyond valid support is preserved. IEEE float WAV; independent -1 dBFS playback-only gain; no additional filtering, denoising, alignment or inference.",,
room05_P3_r4_event13_recorded,phone_recording,Medium clubroom,P3,,4,reports/phone_clap_demo/results/segments/m4a/room05_ClubroomMedium_m4a_ev13_P3_r4.wav,,ea565852b15bf26b62e96adcaaa7c560d9e90def6f9220f12e1c2347e98b690a,audio/phone_recordings/medium_clubroom/P3_r4.wav,44100,1.0,False,False,all normal protocol events; existing selected_for_demo flag retained,runs/matched_reg_1s/hybrid_shoebox_mit_but_ace_1000ms_full_c1_vm_seed42001/model_updates20000.pt,fa83b4108777231ef557379e8f7478aea1ab63f3e95449382edeaf85442d87fc,0.9254369139671326,-0.326936374262922,e3a37f1c09d5c26f85ebc8241a1766a6b60dac269dc35aa9ad3a9234d5cb1456,False,26.328478690370247,44100,website-only extension,user-authorized project example; no separate dataset license asserted,"One-second model interval; input zero padding beyond valid support is preserved. IEEE float WAV; independent -1 dBFS playback-only gain; no additional filtering, denoising, alignment or inference.",,
room05_P3_r4_event13_inferred,inferred_rir,Medium clubroom,P3,,4,runs/e6_phone_raw_cache/raw_v1_seed42001_batch168.npy,5,fe0bf6d1e64399510f4879d43f6d8902595dd9ea2d0c9bd28d75f1f6bc8e1cdb,audio/inferred_rirs/medium_clubroom/P3_r4.wav,44100,1.0,False,False,all normal protocol events; existing selected_for_demo flag retained,runs/matched_reg_1s/hybrid_shoebox_mit_but_ace_1000ms_full_c1_vm_seed42001/model_updates20000.pt,fa83b4108777231ef557379e8f7478aea1ab63f3e95449382edeaf85442d87fc,0.5159817337989807,4.74731345004191,713501b46c4a7862da5b08b885e21bd5c5332338e5355d37fbcb60c6d6df7796,False,26.328478690370247,44100,website-only extension,user-authorized project example; no separate dataset license asserted,"One-second model interval; input zero padding beyond valid support is preserved. IEEE float WAV; independent -1 dBFS playback-only gain; no additional filtering, denoising, alignment or inference.",,
room05_P3_r5_event14_recorded,phone_recording,Medium clubroom,P3,,5,reports/phone_clap_demo/results/segments/m4a/room05_ClubroomMedium_m4a_ev14_P3_r5.wav,,6e14ad51177884b198aae2f9f3bddaafcba92d8d36a72d1a28beec13d29562d0,audio/phone_recordings/medium_clubroom/P3_r5.wav,44100,1.0,False,True,all normal protocol events; existing selected_for_demo flag retained,runs/matched_reg_1s/hybrid_shoebox_mit_but_ace_1000ms_full_c1_vm_seed42001/model_updates20000.pt,fa83b4108777231ef557379e8f7478aea1ab63f3e95449382edeaf85442d87fc,0.8961064219474792,-0.04719179413477112,d1d9ccf52bd7d5724fdecac0b0fe98250513f33ba37f9fe1fd508035ee96c148,False,29.16789733077689,44100,website-only extension,user-authorized project example; no separate dataset license asserted,"One-second model interval; input zero padding beyond valid support is preserved. IEEE float WAV; independent -1 dBFS playback-only gain; no additional filtering, denoising, alignment or inference.",,
room05_P3_r5_event14_inferred,inferred_rir,Medium clubroom,P3,,5,runs/e6_phone_raw_cache/raw_v1_seed42001_batch168.npy,6,fe0bf6d1e64399510f4879d43f6d8902595dd9ea2d0c9bd28d75f1f6bc8e1cdb,audio/inferred_rirs/medium_clubroom/P3_r5.wav,44100,1.0,False,True,all normal protocol events; existing selected_for_demo flag retained,runs/matched_reg_1s/hybrid_shoebox_mit_but_ace_1000ms_full_c1_vm_seed42001/model_updates20000.pt,fa83b4108777231ef557379e8f7478aea1ab63f3e95449382edeaf85442d87fc,0.5432815551757812,4.299500786914664,80e87cc9e7c92285e73cddc51389bd106c005af6f93f775d3f4b75aff84a8389,False,29.16789733077689,44100,website-only extension,user-authorized project example; no separate dataset license asserted,"One-second model interval; input zero padding beyond valid support is preserved. IEEE float WAV; independent -1 dBFS playback-only gain; no additional filtering, denoising, alignment or inference.",,
room05_A1_r1_event15_recorded,phone_recording,Medium clubroom,A1,,1,reports/phone_clap_demo/results/segments/m4a/room05_ClubroomMedium_m4a_ev15_A1_r1.wav,,908e94beda7eda07f3cf4301b83456e7e0144f17fced92ff01f529d85ca14235,audio/phone_recordings/medium_clubroom/A1_r1.wav,44100,1.0,False,False,all normal protocol events; existing selected_for_demo flag retained,runs/matched_reg_1s/hybrid_shoebox_mit_but_ace_1000ms_full_c1_vm_seed42001/model_updates20000.pt,fa83b4108777231ef557379e8f7478aea1ab63f3e95449382edeaf85442d87fc,0.9199936985969543,-0.2756970539992958,06612eddfa83851df09de0e3e67134278954eca007847add1ad37eab265d99bd,False,26.259965016374267,44100,website-only extension,user-authorized project example; no separate dataset license asserted,"One-second model interval; input zero padding beyond valid support is preserved. IEEE float WAV; independent -1 dBFS playback-only gain; no additional filtering, denoising, alignment or inference.",,
room05_A1_r1_event15_inferred,inferred_rir,Medium clubroom,A1,,1,runs/e6_phone_raw_cache/raw_v1_seed42001_batch168.npy,7,fe0bf6d1e64399510f4879d43f6d8902595dd9ea2d0c9bd28d75f1f6bc8e1cdb,audio/inferred_rirs/medium_clubroom/A1_r1.wav,44100,1.0,False,False,all normal protocol events; existing selected_for_demo flag retained,runs/matched_reg_1s/hybrid_shoebox_mit_but_ace_1000ms_full_c1_vm_seed42001/model_updates20000.pt,fa83b4108777231ef557379e8f7478aea1ab63f3e95449382edeaf85442d87fc,0.7291052341461182,1.7441956802631515,e84ab76509cc26755e216d2764cad7f76fb1138e99a1a43a2acee8eeeaef2b1a,False,26.259965016374267,44100,website-only extension,user-authorized project example; no separate dataset license asserted,"One-second model interval; input zero padding beyond valid support is preserved. IEEE float WAV; independent -1 dBFS playback-only gain; no additional filtering, denoising, alignment or inference.",,
room05_A1_r2_event16_recorded,phone_recording,Medium clubroom,A1,,2,reports/phone_clap_demo/results/segments/m4a/room05_ClubroomMedium_m4a_ev16_A1_r2.wav,,d464cce09bfa36c30636523b3ad5cc049fe64511b7f836405bccfac26bdeff8a,audio/phone_recordings/medium_clubroom/A1_r2.wav,44100,1.0,False,False,all normal protocol events; existing selected_for_demo flag retained,runs/matched_reg_1s/hybrid_shoebox_mit_but_ace_1000ms_full_c1_vm_seed42001/model_updates20000.pt,fa83b4108777231ef557379e8f7478aea1ab63f3e95449382edeaf85442d87fc,0.8879515528678894,0.03221457848462602,01080507135829da3b388f151793585fb3e73aa04c407a368efc51401d13a033,False,25.55011974515095,44100,website-only extension,user-authorized project example; no separate dataset license asserted,"One-second model interval; input zero padding beyond valid support is preserved. IEEE float WAV; independent -1 dBFS playback-only gain; no additional filtering, denoising, alignment or inference.",,
room05_A1_r2_event16_inferred,inferred_rir,Medium clubroom,A1,,2,runs/e6_phone_raw_cache/raw_v1_seed42001_batch176.npy,0,a114dcf6ce3b8bdc6c16372fc56621148f0860bea8284b333aed502397df0fc5,audio/inferred_rirs/medium_clubroom/A1_r2.wav,44100,1.0,False,False,all normal protocol events; existing selected_for_demo flag retained,runs/matched_reg_1s/hybrid_shoebox_mit_but_ace_1000ms_full_c1_vm_seed42001/model_updates20000.pt,fa83b4108777231ef557379e8f7478aea1ab63f3e95449382edeaf85442d87fc,0.54953932762146,4.200024439411541,3d38ff5d34806bb429bcd8cb14a043f0e21243635c73614b70b1845119e57745,False,25.55011974515095,44100,website-only extension,user-authorized project example; no separate dataset license asserted,"One-second model interval; input zero padding beyond valid support is preserved. IEEE float WAV; independent -1 dBFS playback-only gain; no additional filtering, denoising, alignment or inference.",,
room05_A1_r3_event17_recorded,phone_recording,Medium clubroom,A1,,3,reports/phone_clap_demo/results/segments/m4a/room05_ClubroomMedium_m4a_ev17_A1_r3.wav,,97a9ab7204567c37f789fbb317c879277cba37364e579e46ff487564cb7d4eb1,audio/phone_recordings/medium_clubroom/A1_r3.wav,44100,1.0,False,True,all normal protocol events; existing selected_for_demo flag retained,runs/matched_reg_1s/hybrid_shoebox_mit_but_ace_1000ms_full_c1_vm_seed42001/model_updates20000.pt,fa83b4108777231ef557379e8f7478aea1ab63f3e95449382edeaf85442d87fc,0.8587654232978821,0.3225089999750761,77b40278b4f24c4333dfc33c6f275f86701615bd676e23fab75c71d95e50c346,False,30.64409863893275,44100,website-only extension,user-authorized project example; no separate dataset license asserted,"One-second model interval; input zero padding beyond valid support is preserved. IEEE float WAV; independent -1 dBFS playback-only gain; no additional filtering, denoising, alignment or inference.",,
room05_A1_r3_event17_inferred,inferred_rir,Medium clubroom,A1,,3,runs/e6_phone_raw_cache/raw_v1_seed42001_batch176.npy,1,a114dcf6ce3b8bdc6c16372fc56621148f0860bea8284b333aed502397df0fc5,audio/inferred_rirs/medium_clubroom/A1_r3.wav,44100,1.0,False,True,all normal protocol events; existing selected_for_demo flag retained,runs/matched_reg_1s/hybrid_shoebox_mit_but_ace_1000ms_full_c1_vm_seed42001/model_updates20000.pt,fa83b4108777231ef557379e8f7478aea1ab63f3e95449382edeaf85442d87fc,0.7954961657524109,0.9872381857554918,beae3a9ceae6852d715f856bc61e346e65478f93f4abf02e3383eb1319a4be1e,False,30.64409863893275,44100,website-only extension,user-authorized project example; no separate dataset license asserted,"One-second model interval; input zero padding beyond valid support is preserved. IEEE float WAV; independent -1 dBFS playback-only gain; no additional filtering, denoising, alignment or inference.",,
room05_A1_r4_event18_recorded,phone_recording,Medium clubroom,A1,,4,reports/phone_clap_demo/results/segments/m4a/room05_ClubroomMedium_m4a_ev18_A1_r4.wav,,1ed75f9aafc8ab83ea0c2147b0f6d0f73fc1feebe61c1209bb9c6438e1b3a54c,audio/phone_recordings/medium_clubroom/A1_r4.wav,44100,1.0,False,False,all normal protocol events; existing selected_for_demo flag retained,runs/matched_reg_1s/hybrid_shoebox_mit_but_ace_1000ms_full_c1_vm_seed42001/model_updates20000.pt,fa83b4108777231ef557379e8f7478aea1ab63f3e95449382edeaf85442d87fc,0.9389476776123047,-0.4528278419704138,dbf0038d30ee4eab57886705b1d4e531972492f9c5ba0cc20b5798c64d8f1ffc,False,30.133070025932508,44100,website-only extension,user-authorized project example; no separate dataset license asserted,"One-second model interval; input zero padding beyond valid support is preserved. IEEE float WAV; independent -1 dBFS playback-only gain; no additional filtering, denoising, alignment or inference.",,
room05_A1_r4_event18_inferred,inferred_rir,Medium clubroom,A1,,4,runs/e6_phone_raw_cache/raw_v1_seed42001_batch176.npy,2,a114dcf6ce3b8bdc6c16372fc56621148f0860bea8284b333aed502397df0fc5,audio/inferred_rirs/medium_clubroom/A1_r4.wav,44100,1.0,False,False,all normal protocol events; existing selected_for_demo flag retained,runs/matched_reg_1s/hybrid_shoebox_mit_but_ace_1000ms_full_c1_vm_seed42001/model_updates20000.pt,fa83b4108777231ef557379e8f7478aea1ab63f3e95449382edeaf85442d87fc,0.3980589509010315,7.00105211856905,230fce9d01f98a9180c1ceb7885368b15d6beb794cb4ca189de1558326bb718d,False,30.133070025932508,44100,website-only extension,user-authorized project example; no separate dataset license asserted,"One-second model interval; input zero padding beyond valid support is preserved. IEEE float WAV; independent -1 dBFS playback-only gain; no additional filtering, denoising, alignment or inference.",,
room05_A1_r5_event19_recorded,phone_recording,Medium clubroom,A1,,5,reports/phone_clap_demo/results/segments/m4a/room05_ClubroomMedium_m4a_ev19_A1_r5.wav,,3bc1957bc3153a09cca64f36a052d8fa29a98a03fadc8eb6fbeb1243d3576ba9,audio/phone_recordings/medium_clubroom/A1_r5.wav,44100,1.0,False,False,all normal protocol events; existing selected_for_demo flag retained,runs/matched_reg_1s/hybrid_shoebox_mit_but_ace_1000ms_full_c1_vm_seed42001/model_updates20000.pt,fa83b4108777231ef557379e8f7478aea1ab63f3e95449382edeaf85442d87fc,0.8977221846580505,-0.06283915345226679,7cd4228048b0accfe2ac83cbac8a4474a1b4fde911ac4f22a2bc1aee206f2ea2,False,30.211394480435278,44100,website-only extension,user-authorized project example; no separate dataset license asserted,"One-second model interval; input zero padding beyond valid support is preserved. IEEE float WAV; independent -1 dBFS playback-only gain; no additional filtering, denoising, alignment or inference.",,
room05_A1_r5_event19_inferred,inferred_rir,Medium clubroom,A1,,5,runs/e6_phone_raw_cache/raw_v1_seed42001_batch176.npy,3,a114dcf6ce3b8bdc6c16372fc56621148f0860bea8284b333aed502397df0fc5,audio/inferred_rirs/medium_clubroom/A1_r5.wav,44100,1.0,False,False,all normal protocol events; existing selected_for_demo flag retained,runs/matched_reg_1s/hybrid_shoebox_mit_but_ace_1000ms_full_c1_vm_seed42001/model_updates20000.pt,fa83b4108777231ef557379e8f7478aea1ab63f3e95449382edeaf85442d87fc,0.5724741220474243,3.8448828052992035,2a8da864201743763128e18a9eca0da36f70c2eb0ed3aa3b0424495325381e7a,False,30.211394480435278,44100,website-only extension,user-authorized project example; no separate dataset license asserted,"One-second model interval; input zero padding beyond valid support is preserved. IEEE float WAV; independent -1 dBFS playback-only gain; no additional filtering, denoising, alignment or inference.",,
room05_A2_r1_event20_recorded,phone_recording,Medium clubroom,A2,,1,reports/phone_clap_demo/results/segments/m4a/room05_ClubroomMedium_m4a_ev20_A2_r1.wav,,949aaac64a93147ce27fef2b8466b78fcfd6915f06cddd18d3b12b319c56bd1d,audio/phone_recordings/medium_clubroom/A2_r1.wav,44100,1.0,False,True,all normal protocol events; existing selected_for_demo flag retained,runs/matched_reg_1s/hybrid_shoebox_mit_but_ace_1000ms_full_c1_vm_seed42001/model_updates20000.pt,fa83b4108777231ef557379e8f7478aea1ab63f3e95449382edeaf85442d87fc,0.9283781051635742,-0.3544977903788358,fcbb566293cf6862925f4249acc2c3c2b3df87add4d32f773a624a5b7995dc18,False,34.69536764067497,44100,website-only extension,user-authorized project example; no separate dataset license asserted,"One-second model interval; input zero padding beyond valid support is preserved. IEEE float WAV; independent -1 dBFS playback-only gain; no additional filtering, denoising, alignment or inference.",,
room05_A2_r1_event20_inferred,inferred_rir,Medium clubroom,A2,,1,runs/e6_phone_raw_cache/raw_v1_seed42001_batch176.npy,4,a114dcf6ce3b8bdc6c16372fc56621148f0860bea8284b333aed502397df0fc5,audio/inferred_rirs/medium_clubroom/A2_r1.wav,44100,1.0,False,True,all normal protocol events; existing selected_for_demo flag retained,runs/matched_reg_1s/hybrid_shoebox_mit_but_ace_1000ms_full_c1_vm_seed42001/model_updates20000.pt,fa83b4108777231ef557379e8f7478aea1ab63f3e95449382edeaf85442d87fc,0.4773332178592682,5.423566836203246,4befaf1bb4bf1c876ae7d94d5ed92f094af44e8185c6e5b8074c38d2b7813405,False,34.69536764067497,44100,website-only extension,user-authorized project example; no separate dataset license asserted,"One-second model interval; input zero padding beyond valid support is preserved. IEEE float WAV; independent -1 dBFS playback-only gain; no additional filtering, denoising, alignment or inference.",,
room05_A2_r2_event21_recorded,phone_recording,Medium clubroom,A2,,2,reports/phone_clap_demo/results/segments/m4a/room05_ClubroomMedium_m4a_ev21_A2_r2.wav,,afee1935f4e5f7c38660e96fc3058a5fd28876a2551c2d2e123f2028466c08b5,audio/phone_recordings/medium_clubroom/A2_r2.wav,44100,1.0,False,False,all normal protocol events; existing selected_for_demo flag retained,runs/matched_reg_1s/hybrid_shoebox_mit_but_ace_1000ms_full_c1_vm_seed42001/model_updates20000.pt,fa83b4108777231ef557379e8f7478aea1ab63f3e95449382edeaf85442d87fc,0.8302333950996399,0.6159960330790738,88c670298f9067f45fed51f261fe300d26485c048ba7462cb831fe2585a555f9,False,31.091020362720638,44100,website-only extension,user-authorized project example; no separate dataset license asserted,"One-second model interval; input zero padding beyond valid support is preserved. IEEE float WAV; independent -1 dBFS playback-only gain; no additional filtering, denoising, alignment or inference.",,
room05_A2_r2_event21_inferred,inferred_rir,Medium clubroom,A2,,2,runs/e6_phone_raw_cache/raw_v1_seed42001_batch176.npy,5,a114dcf6ce3b8bdc6c16372fc56621148f0860bea8284b333aed502397df0fc5,audio/inferred_rirs/medium_clubroom/A2_r2.wav,44100,1.0,False,False,all normal protocol events; existing selected_for_demo flag retained,runs/matched_reg_1s/hybrid_shoebox_mit_but_ace_1000ms_full_c1_vm_seed42001/model_updates20000.pt,fa83b4108777231ef557379e8f7478aea1ab63f3e95449382edeaf85442d87fc,0.6403120160102844,2.8721669637354212,b8b7662f35f546c9659084a19b9f023169f599a64e2a1b217516e2afcfc033d0,False,31.091020362720638,44100,website-only extension,user-authorized project example; no separate dataset license asserted,"One-second model interval; input zero padding beyond valid support is preserved. IEEE float WAV; independent -1 dBFS playback-only gain; no additional filtering, denoising, alignment or inference.",,
room05_A2_r3_event22_recorded,phone_recording,Medium clubroom,A2,,3,reports/phone_clap_demo/results/segments/m4a/room05_ClubroomMedium_m4a_ev22_A2_r3.wav,,cc9d6aaa3f1c231c1b71079e073d426df8114333550d14486713db9b5fc9cdf9,audio/phone_recordings/medium_clubroom/A2_r3.wav,44100,1.0,False,False,all normal protocol events; existing selected_for_demo flag retained,runs/matched_reg_1s/hybrid_shoebox_mit_but_ace_1000ms_full_c1_vm_seed42001/model_updates20000.pt,fa83b4108777231ef557379e8f7478aea1ab63f3e95449382edeaf85442d87fc,0.922116219997406,-0.29571322633658703,ca4f02cbb55e8ee7de8d15f9cab533cbb88e6b0ce82b67480d808f3f5c62b311,False,32.2138932596317,44100,website-only extension,user-authorized project example; no separate dataset license asserted,"One-second model interval; input zero padding beyond valid support is preserved. IEEE float WAV; independent -1 dBFS playback-only gain; no additional filtering, denoising, alignment or inference.",,
room05_A2_r3_event22_inferred,inferred_rir,Medium clubroom,A2,,3,runs/e6_phone_raw_cache/raw_v1_seed42001_batch176.npy,6,a114dcf6ce3b8bdc6c16372fc56621148f0860bea8284b333aed502397df0fc5,audio/inferred_rirs/medium_clubroom/A2_r3.wav,44100,1.0,False,False,all normal protocol events; existing selected_for_demo flag retained,runs/matched_reg_1s/hybrid_shoebox_mit_but_ace_1000ms_full_c1_vm_seed42001/model_updates20000.pt,fa83b4108777231ef557379e8f7478aea1ab63f3e95449382edeaf85442d87fc,0.7180809378623962,1.8765320375511594,2dbd4b4c8ba863e3fc87aa833ec3313983719bf19a4a80d044187031d5099292,False,32.2138932596317,44100,website-only extension,user-authorized project example; no separate dataset license asserted,"One-second model interval; input zero padding beyond valid support is preserved. IEEE float WAV; independent -1 dBFS playback-only gain; no additional filtering, denoising, alignment or inference.",,
room05_A2_r4_event23_recorded,phone_recording,Medium clubroom,A2,,4,reports/phone_clap_demo/results/segments/m4a/room05_ClubroomMedium_m4a_ev23_A2_r4.wav,,c17bab99fd47c610e139a90f5300a1fb518798206b8eff8cf2309588c552b625,audio/phone_recordings/medium_clubroom/A2_r4.wav,44100,1.0,False,False,all normal protocol events; existing selected_for_demo flag retained,runs/matched_reg_1s/hybrid_shoebox_mit_but_ace_1000ms_full_c1_vm_seed42001/model_updates20000.pt,fa83b4108777231ef557379e8f7478aea1ab63f3e95449382edeaf85442d87fc,0.9765189290046692,-0.7936133228327923,925416e18719488b06cd4c119b12a8b76d530d0c79ff36c332c81b08be2e74ef,False,31.39316295273754,44100,website-only extension,user-authorized project example; no separate dataset license asserted,"One-second model interval; input zero padding beyond valid support is preserved. IEEE float WAV; independent -1 dBFS playback-only gain; no additional filtering, denoising, alignment or inference.",,
room05_A2_r4_event23_inferred,inferred_rir,Medium clubroom,A2,,4,runs/e6_phone_raw_cache/raw_v1_seed42001_batch176.npy,7,a114dcf6ce3b8bdc6c16372fc56621148f0860bea8284b333aed502397df0fc5,audio/inferred_rirs/medium_clubroom/A2_r4.wav,44100,1.0,False,False,all normal protocol events; existing selected_for_demo flag retained,runs/matched_reg_1s/hybrid_shoebox_mit_but_ace_1000ms_full_c1_vm_seed42001/model_updates20000.pt,fa83b4108777231ef557379e8f7478aea1ab63f3e95449382edeaf85442d87fc,0.6132970452308655,3.2465825534055837,02b76a4a9c18e82280ad0981dfe17442735a84dfed0b130b59ae388bb486a191,False,31.39316295273754,44100,website-only extension,user-authorized project example; no separate dataset license asserted,"One-second model interval; input zero padding beyond valid support is preserved. IEEE float WAV; independent -1 dBFS playback-only gain; no additional filtering, denoising, alignment or inference.",,
room05_A2_r5_event24_recorded,phone_recording,Medium clubroom,A2,,5,reports/phone_clap_demo/results/segments/m4a/room05_ClubroomMedium_m4a_ev24_A2_r5.wav,,9924e4ac54663537688540344d87c71adb54d8b592997c4b89ac5386b81727a3,audio/phone_recordings/medium_clubroom/A2_r5.wav,44100,1.0,False,False,all normal protocol events; existing selected_for_demo flag retained,runs/matched_reg_1s/hybrid_shoebox_mit_but_ace_1000ms_full_c1_vm_seed42001/model_updates20000.pt,fa83b4108777231ef557379e8f7478aea1ab63f3e95449382edeaf85442d87fc,0.9549359083175659,-0.5994844872126281,de5a6ec12fbc6c213308df5ad347b036f5a8967f47bd1034e99b797e64e28157,False,28.503224812966696,44100,website-only extension,user-authorized project example; no separate dataset license asserted,"One-second model interval; input zero padding beyond valid support is preserved. IEEE float WAV; independent -1 dBFS playback-only gain; no additional filtering, denoising, alignment or inference.",,
room05_A2_r5_event24_inferred,inferred_rir,Medium clubroom,A2,,5,runs/e6_phone_raw_cache/raw_v1_seed42001_batch184.npy,0,86a2a68bdc4aac88690f16995302fe29881c67a02b96851bbbe897410ec2b118,audio/inferred_rirs/medium_clubroom/A2_r5.wav,44100,1.0,False,False,all normal protocol events; existing selected_for_demo flag retained,runs/matched_reg_1s/hybrid_shoebox_mit_but_ace_1000ms_full_c1_vm_seed42001/model_updates20000.pt,fa83b4108777231ef557379e8f7478aea1ab63f3e95449382edeaf85442d87fc,0.6363021731376648,2.9267318706492502,eccc1b5a8dc966628e6e8edc0447432e1e985079ced59f138cac834baa820cae,False,28.503224812966696,44100,website-only extension,user-authorized project example; no separate dataset license asserted,"One-second model interval; input zero padding beyond valid support is preserved. IEEE float WAV; independent -1 dBFS playback-only gain; no additional filtering, denoising, alignment or inference.",,
room05_A3_r1_event25_recorded,phone_recording,Medium clubroom,A3,,1,reports/phone_clap_demo/results/segments/m4a/room05_ClubroomMedium_m4a_ev25_A3_r1.wav,,abeecc903a77e5665b7d8336f079189dd0a8144c9587486727e328c437771d25,audio/phone_recordings/medium_clubroom/A3_r1.wav,44100,1.0,False,False,all normal protocol events; existing selected_for_demo flag retained,runs/matched_reg_1s/hybrid_shoebox_mit_but_ace_1000ms_full_c1_vm_seed42001/model_updates20000.pt,fa83b4108777231ef557379e8f7478aea1ab63f3e95449382edeaf85442d87fc,0.9315208196640015,-0.3838513180675895,b8d61b36edeabb88ac136542bee882774ed1d9e8be09c0f9cfaa11005e6dae65,False,22.440547883530776,44100,website-only extension,user-authorized project example; no separate dataset license asserted,"One-second model interval; input zero padding beyond valid support is preserved. IEEE float WAV; independent -1 dBFS playback-only gain; no additional filtering, denoising, alignment or inference.",,
room05_A3_r1_event25_inferred,inferred_rir,Medium clubroom,A3,,1,runs/e6_phone_raw_cache/raw_v1_seed42001_batch184.npy,1,86a2a68bdc4aac88690f16995302fe29881c67a02b96851bbbe897410ec2b118,audio/inferred_rirs/medium_clubroom/A3_r1.wav,44100,1.0,False,False,all normal protocol events; existing selected_for_demo flag retained,runs/matched_reg_1s/hybrid_shoebox_mit_but_ace_1000ms_full_c1_vm_seed42001/model_updates20000.pt,fa83b4108777231ef557379e8f7478aea1ab63f3e95449382edeaf85442d87fc,0.37110087275505066,7.610160485524643,c00b4b01b5c739b770a8592467be8e66414248ad13de9a1a635ea8d32b7ee873,False,22.440547883530776,44100,website-only extension,user-authorized project example; no separate dataset license asserted,"One-second model interval; input zero padding beyond valid support is preserved. IEEE float WAV; independent -1 dBFS playback-only gain; no additional filtering, denoising, alignment or inference.",,
room05_A3_r2_event26_recorded,phone_recording,Medium clubroom,A3,,2,reports/phone_clap_demo/results/segments/m4a/room05_ClubroomMedium_m4a_ev26_A3_r2.wav,,f0f2f7d5bc80c95fc69cba460752a88bdb68d6d5173934cd22f54887486e2955,audio/phone_recordings/medium_clubroom/A3_r2.wav,44100,1.0,False,True,all normal protocol events; existing selected_for_demo flag retained,runs/matched_reg_1s/hybrid_shoebox_mit_but_ace_1000ms_full_c1_vm_seed42001/model_updates20000.pt,fa83b4108777231ef557379e8f7478aea1ab63f3e95449382edeaf85442d87fc,0.7989189028739929,0.9499460613254418,6d38ca2c3aaf363dc6f0c3a72155b387477036d6166ad40b59133e6991059738,False,28.203405630450018,44100,website-only extension,user-authorized project example; no separate dataset license asserted,"One-second model interval; input zero padding beyond valid support is preserved. IEEE float WAV; independent -1 dBFS playback-only gain; no additional filtering, denoising, alignment or inference.",,
room05_A3_r2_event26_inferred,inferred_rir,Medium clubroom,A3,,2,runs/e6_phone_raw_cache/raw_v1_seed42001_batch184.npy,2,86a2a68bdc4aac88690f16995302fe29881c67a02b96851bbbe897410ec2b118,audio/inferred_rirs/medium_clubroom/A3_r2.wav,44100,1.0,False,True,all normal protocol events; existing selected_for_demo flag retained,runs/matched_reg_1s/hybrid_shoebox_mit_but_ace_1000ms_full_c1_vm_seed42001/model_updates20000.pt,fa83b4108777231ef557379e8f7478aea1ab63f3e95449382edeaf85442d87fc,0.9025294780731201,-0.10922791139703973,e43749b783d2cdf7e64dfd38529642944f35865108514e4b65dd28bca6883c9d,False,28.203405630450018,44100,website-only extension,user-authorized project example; no separate dataset license asserted,"One-second model interval; input zero padding beyond valid support is preserved. IEEE float WAV; independent -1 dBFS playback-only gain; no additional filtering, denoising, alignment or inference.",,
room05_A3_r3_event27_recorded,phone_recording,Medium clubroom,A3,,3,reports/phone_clap_demo/results/segments/m4a/room05_ClubroomMedium_m4a_ev27_A3_r3.wav,,615b608d0bed514fe75561c93463b0347380d3423558c8069d0e39df6d1385fb,audio/phone_recordings/medium_clubroom/A3_r3.wav,44100,1.0,False,False,all normal protocol events; existing selected_for_demo flag retained,runs/matched_reg_1s/hybrid_shoebox_mit_but_ace_1000ms_full_c1_vm_seed42001/model_updates20000.pt,fa83b4108777231ef557379e8f7478aea1ab63f3e95449382edeaf85442d87fc,0.5436952710151672,4.2928888882810154,d73567b2c6b53053aff7f3ffdbabfefb4dc7576a26aa0297f6641b599d77f0db,False,18.462215860999635,44100,website-only extension,user-authorized project example; no separate dataset license asserted,"One-second model interval; input zero padding beyond valid support is preserved. IEEE float WAV; independent -1 dBFS playback-only gain; no additional filtering, denoising, alignment or inference.",,
room05_A3_r3_event27_inferred,inferred_rir,Medium clubroom,A3,,3,runs/e6_phone_raw_cache/raw_v1_seed42001_batch184.npy,3,86a2a68bdc4aac88690f16995302fe29881c67a02b96851bbbe897410ec2b118,audio/inferred_rirs/medium_clubroom/A3_r3.wav,44100,1.0,False,False,all normal protocol events; existing selected_for_demo flag retained,runs/matched_reg_1s/hybrid_shoebox_mit_but_ace_1000ms_full_c1_vm_seed42001/model_updates20000.pt,fa83b4108777231ef557379e8f7478aea1ab63f3e95449382edeaf85442d87fc,0.9173177480697632,-0.25039592453320486,d63436005d62e7b5a05a547aa00d781480740aaa34f72b4c57934f8c7488ccfa,False,18.462215860999635,44100,website-only extension,user-authorized project example; no separate dataset license asserted,"One-second model interval; input zero padding beyond valid support is preserved. IEEE float WAV; independent -1 dBFS playback-only gain; no additional filtering, denoising, alignment or inference.",,
room05_A3_r4_event28_recorded,phone_recording,Medium clubroom,A3,,4,reports/phone_clap_demo/results/segments/m4a/room05_ClubroomMedium_m4a_ev28_A3_r4.wav,,0ca46fe0baae46550310ac17bd8d5d620939b81926b904b74a5749395c926831,audio/phone_recordings/medium_clubroom/A3_r4.wav,44100,1.0,False,False,all normal protocol events; existing selected_for_demo flag retained,runs/matched_reg_1s/hybrid_shoebox_mit_but_ace_1000ms_full_c1_vm_seed42001/model_updates20000.pt,fa83b4108777231ef557379e8f7478aea1ab63f3e95449382edeaf85442d87fc,0.85667884349823,0.3436391656699878,adba4e19623b0c3c82f55450c826708fc412994dd61a4cdefc4874791d8da460,False,26.966408535227224,44100,website-only extension,user-authorized project example; no separate dataset license asserted,"One-second model interval; input zero padding beyond valid support is preserved. IEEE float WAV; independent -1 dBFS playback-only gain; no additional filtering, denoising, alignment or inference.",,
room05_A3_r4_event28_inferred,inferred_rir,Medium clubroom,A3,,4,runs/e6_phone_raw_cache/raw_v1_seed42001_batch184.npy,4,86a2a68bdc4aac88690f16995302fe29881c67a02b96851bbbe897410ec2b118,audio/inferred_rirs/medium_clubroom/A3_r4.wav,44100,1.0,False,False,all normal protocol events; existing selected_for_demo flag retained,runs/matched_reg_1s/hybrid_shoebox_mit_but_ace_1000ms_full_c1_vm_seed42001/model_updates20000.pt,fa83b4108777231ef557379e8f7478aea1ab63f3e95449382edeaf85442d87fc,0.8012904524803162,0.9242006384980826,95844eb90bb341ac2f56795271133a520e0c87059335db289895761370ffa6e0,False,26.966408535227224,44100,website-only extension,user-authorized project example; no separate dataset license asserted,"One-second model interval; input zero padding beyond valid support is preserved. IEEE float WAV; independent -1 dBFS playback-only gain; no additional filtering, denoising, alignment or inference.",,
room05_A3_r5_event29_recorded,phone_recording,Medium clubroom,A3,,5,reports/phone_clap_demo/results/segments/m4a/room05_ClubroomMedium_m4a_ev29_A3_r5.wav,,561c9fd3051ef338f9792ea6467c106746841dc9539cd285b575dde376741d89,audio/phone_recordings/medium_clubroom/A3_r5.wav,44100,1.0,False,False,all normal protocol events; existing selected_for_demo flag retained,runs/matched_reg_1s/hybrid_shoebox_mit_but_ace_1000ms_full_c1_vm_seed42001/model_updates20000.pt,fa83b4108777231ef557379e8f7478aea1ab63f3e95449382edeaf85442d87fc,0.8853629231452942,0.05757338354645439,956a7e03b6a41784572c7494c7776cf80052552ca57c50e564850fd5bedbe8a7,False,26.454126751929707,44100,website-only extension,user-authorized project example; no separate dataset license asserted,"One-second model interval; input zero padding beyond valid support is preserved. IEEE float WAV; independent -1 dBFS playback-only gain; no additional filtering, denoising, alignment or inference.",,
room05_A3_r5_event29_inferred,inferred_rir,Medium clubroom,A3,,5,runs/e6_phone_raw_cache/raw_v1_seed42001_batch184.npy,5,86a2a68bdc4aac88690f16995302fe29881c67a02b96851bbbe897410ec2b118,audio/inferred_rirs/medium_clubroom/A3_r5.wav,44100,1.0,False,False,all normal protocol events; existing selected_for_demo flag retained,runs/matched_reg_1s/hybrid_shoebox_mit_but_ace_1000ms_full_c1_vm_seed42001/model_updates20000.pt,fa83b4108777231ef557379e8f7478aea1ab63f3e95449382edeaf85442d87fc,0.46376901865005493,5.673965341590382,541ff3ba00dfd98c43f861ff4e030a879eec4712a17d663a0ac22527b2a2c8ae,False,26.454126751929707,44100,website-only extension,user-authorized project example; no separate dataset license asserted,"One-second model interval; input zero padding beyond valid support is preserved. IEEE float WAV; independent -1 dBFS playback-only gain; no additional filtering, denoising, alignment or inference.",,
room05_A1minus_r1_event30_recorded,phone_recording,Medium clubroom,A1-,,1,reports/phone_clap_demo/results/segments/m4a/room05_ClubroomMedium_m4a_ev30_A1m_r1.wav,,728733f71546dbdb6f1d5fcf8053f7fcda315952813b1dcfc29db048718dfb8e,audio/phone_recordings/medium_clubroom/A1minus_r1.wav,44100,1.0,False,False,all normal protocol events; existing selected_for_demo flag retained,runs/matched_reg_1s/hybrid_shoebox_mit_but_ace_1000ms_full_c1_vm_seed42001/model_updates20000.pt,fa83b4108777231ef557379e8f7478aea1ab63f3e95449382edeaf85442d87fc,0.9594627618789673,-0.6405624761809868,0bf09c324a82913c0173008915a2c8e28d01a014e2036941e4b38c2d081f694a,False,31.149517601276415,44100,website-only extension,user-authorized project example; no separate dataset license asserted,"One-second model interval; input zero padding beyond valid support is preserved. IEEE float WAV; independent -1 dBFS playback-only gain; no additional filtering, denoising, alignment or inference.",,
room05_A1minus_r1_event30_inferred,inferred_rir,Medium clubroom,A1-,,1,runs/e6_phone_raw_cache/raw_v1_seed42001_batch184.npy,6,86a2a68bdc4aac88690f16995302fe29881c67a02b96851bbbe897410ec2b118,audio/inferred_rirs/medium_clubroom/A1minus_r1.wav,44100,1.0,False,False,all normal protocol events; existing selected_for_demo flag retained,runs/matched_reg_1s/hybrid_shoebox_mit_but_ace_1000ms_full_c1_vm_seed42001/model_updates20000.pt,fa83b4108777231ef557379e8f7478aea1ab63f3e95449382edeaf85442d87fc,0.5231247544288635,4.627894570680853,99cfd956b389e86dcf795203a63d291d1640fb8371d4fb9d25f97201b0b8bdde,False,31.149517601276415,44100,website-only extension,user-authorized project example; no separate dataset license asserted,"One-second model interval; input zero padding beyond valid support is preserved. IEEE float WAV; independent -1 dBFS playback-only gain; no additional filtering, denoising, alignment or inference.",,
room05_A1minus_r2_event31_recorded,phone_recording,Medium clubroom,A1-,,2,reports/phone_clap_demo/results/segments/m4a/room05_ClubroomMedium_m4a_ev31_A1m_r2.wav,,272a4b0a674d9c378d06b6491d05c0a5764c8907fd59bb26be94967ae6af0804,audio/phone_recordings/medium_clubroom/A1minus_r2.wav,44100,1.0,False,False,all normal protocol events; existing selected_for_demo flag retained,runs/matched_reg_1s/hybrid_shoebox_mit_but_ace_1000ms_full_c1_vm_seed42001/model_updates20000.pt,fa83b4108777231ef557379e8f7478aea1ab63f3e95449382edeaf85442d87fc,0.9781869649887085,-0.8084374250478616,6f40f7e00ef440ef17c1703eb05f09e3a35d9835a5d78c2a6d451d397bdf5cf7,False,29.58539352343449,44100,website-only extension,user-authorized project example; no separate dataset license asserted,"One-second model interval; input zero padding beyond valid support is preserved. IEEE float WAV; independent -1 dBFS playback-only gain; no additional filtering, denoising, alignment or inference.",,
room05_A1minus_r2_event31_inferred,inferred_rir,Medium clubroom,A1-,,2,runs/e6_phone_raw_cache/raw_v1_seed42001_batch184.npy,7,86a2a68bdc4aac88690f16995302fe29881c67a02b96851bbbe897410ec2b118,audio/inferred_rirs/medium_clubroom/A1minus_r2.wav,44100,1.0,False,False,all normal protocol events; existing selected_for_demo flag retained,runs/matched_reg_1s/hybrid_shoebox_mit_but_ace_1000ms_full_c1_vm_seed42001/model_updates20000.pt,fa83b4108777231ef557379e8f7478aea1ab63f3e95449382edeaf85442d87fc,0.43067851662635803,6.316935828891332,fe5a44798d0d4bdfc82a1e6c4481f8b5184e41e426a58f60a33fee8d90d6757c,False,29.58539352343449,44100,website-only extension,user-authorized project example; no separate dataset license asserted,"One-second model interval; input zero padding beyond valid support is preserved. IEEE float WAV; independent -1 dBFS playback-only gain; no additional filtering, denoising, alignment or inference.",,
room05_A1minus_r3_event32_recorded,phone_recording,Medium clubroom,A1-,,3,reports/phone_clap_demo/results/segments/m4a/room05_ClubroomMedium_m4a_ev32_A1m_r3.wav,,37a4e61129c703b43d30808a260371f21166b1c1f258c46fb75b3140798fafc8,audio/phone_recordings/medium_clubroom/A1minus_r3.wav,44100,1.0,False,True,all normal protocol events; existing selected_for_demo flag retained,runs/matched_reg_1s/hybrid_shoebox_mit_but_ace_1000ms_full_c1_vm_seed42001/model_updates20000.pt,fa83b4108777231ef557379e8f7478aea1ab63f3e95449382edeaf85442d87fc,0.9189333915710449,-0.26568065815699987,e6198c778ec2a406b7e72a8f77b0d9ece6205238b17defac6f344b3f8dbb4ce4,False,33.40950325908986,44100,website-only extension,user-authorized project example; no separate dataset license asserted,"One-second model interval; input zero padding beyond valid support is preserved. IEEE float WAV; independent -1 dBFS playback-only gain; no additional filtering, denoising, alignment or inference.",,
room05_A1minus_r3_event32_inferred,inferred_rir,Medium clubroom,A1-,,3,runs/e6_phone_raw_cache/raw_v1_seed42001_batch192.npy,0,d263dbda319b1162f3a78cf9dd027dd7ba9a0ef81603084db5c91c7f08709ac3,audio/inferred_rirs/medium_clubroom/A1minus_r3.wav,44100,1.0,False,True,all normal protocol events; existing selected_for_demo flag retained,runs/matched_reg_1s/hybrid_shoebox_mit_but_ace_1000ms_full_c1_vm_seed42001/model_updates20000.pt,fa83b4108777231ef557379e8f7478aea1ab63f3e95449382edeaf85442d87fc,0.642711341381073,2.8396807279236675,d322259af13e76a0c66766da16ae1283c3dbff71ad06f3fc9e700e4073bd6636,False,33.40950325908986,44100,website-only extension,user-authorized project example; no separate dataset license asserted,"One-second model interval; input zero padding beyond valid support is preserved. IEEE float WAV; independent -1 dBFS playback-only gain; no additional filtering, denoising, alignment or inference.",,
room05_A1minus_r4_event33_recorded,phone_recording,Medium clubroom,A1-,,4,reports/phone_clap_demo/results/segments/m4a/room05_ClubroomMedium_m4a_ev33_A1m_r4.wav,,a1de168a15bd18976e1a3e0a751ebb2e9759f4e2102457cb7b5bc039f53cc942,audio/phone_recordings/medium_clubroom/A1minus_r4.wav,44100,1.0,False,False,all normal protocol events; existing selected_for_demo flag retained,runs/matched_reg_1s/hybrid_shoebox_mit_but_ace_1000ms_full_c1_vm_seed42001/model_updates20000.pt,fa83b4108777231ef557379e8f7478aea1ab63f3e95449382edeaf85442d87fc,0.9736365675926208,-0.7679375329828746,610790b90504fe31a3ec1924cc34cd3ee0ee37107f942aa17ed60324cc7fd53b,True,31.569586049023236,44100,website-only extension,user-authorized project example; no separate dataset license asserted,"One-second model interval; input zero padding beyond valid support is preserved. IEEE float WAV; independent -1 dBFS playback-only gain; no additional filtering, denoising, alignment or inference.",,
room05_A1minus_r4_event33_inferred,inferred_rir,Medium clubroom,A1-,,4,runs/e6_phone_raw_cache/raw_v1_seed42001_batch192.npy,1,d263dbda319b1162f3a78cf9dd027dd7ba9a0ef81603084db5c91c7f08709ac3,audio/inferred_rirs/medium_clubroom/A1minus_r4.wav,44100,1.0,False,False,all normal protocol events; existing selected_for_demo flag retained,runs/matched_reg_1s/hybrid_shoebox_mit_but_ace_1000ms_full_c1_vm_seed42001/model_updates20000.pt,fa83b4108777231ef557379e8f7478aea1ab63f3e95449382edeaf85442d87fc,0.42093798518180847,6.515637640396993,a09ec6d23c642e722f7082846388d1bb6e6c14a40a27a5f232ee37eb91286310,True,31.569586049023236,44100,website-only extension,user-authorized project example; no separate dataset license asserted,"One-second model interval; input zero padding beyond valid support is preserved. IEEE float WAV; independent -1 dBFS playback-only gain; no additional filtering, denoising, alignment or inference.",,
room05_A1minus_r5_event34_recorded,phone_recording,Medium clubroom,A1-,,5,reports/phone_clap_demo/results/segments/m4a/room05_ClubroomMedium_m4a_ev34_A1m_r5.wav,,706fde3e8dacac820250245d8471c181af688ef3f1af17202a838a87c2bbbd3c,audio/phone_recordings/medium_clubroom/A1minus_r5.wav,44100,1.0,False,False,all normal protocol events; existing selected_for_demo flag retained,runs/matched_reg_1s/hybrid_shoebox_mit_but_ace_1000ms_full_c1_vm_seed42001/model_updates20000.pt,fa83b4108777231ef557379e8f7478aea1ab63f3e95449382edeaf85442d87fc,0.8641014099121094,0.2687057249407972,64ecc30b68ad3b19e6b825566265b38a2e91bc512bc95ae3a045e0d3aca38619,False,30.476533046987225,44100,website-only extension,user-authorized project example; no separate dataset license asserted,"One-second model interval; input zero padding beyond valid support is preserved. IEEE float WAV; independent -1 dBFS playback-only gain; no additional filtering, denoising, alignment or inference.",,
room05_A1minus_r5_event34_inferred,inferred_rir,Medium clubroom,A1-,,5,runs/e6_phone_raw_cache/raw_v1_seed42001_batch192.npy,2,d263dbda319b1162f3a78cf9dd027dd7ba9a0ef81603084db5c91c7f08709ac3,audio/inferred_rirs/medium_clubroom/A1minus_r5.wav,44100,1.0,False,False,all normal protocol events; existing selected_for_demo flag retained,runs/matched_reg_1s/hybrid_shoebox_mit_but_ace_1000ms_full_c1_vm_seed42001/model_updates20000.pt,fa83b4108777231ef557379e8f7478aea1ab63f3e95449382edeaf85442d87fc,0.5599955320358276,4.036308760587643,04c9aaae78318d8cafcfa1f260b838f5bf2923f53ce1245d56021523391a19d2,False,30.476533046987225,44100,website-only extension,user-authorized project example; no separate dataset license asserted,"One-second model interval; input zero padding beyond valid support is preserved. IEEE float WAV; independent -1 dBFS playback-only gain; no additional filtering, denoising, alignment or inference.",,
room05_A1plus_r1_event35_recorded,phone_recording,Medium clubroom,A1+,,1,reports/phone_clap_demo/results/segments/m4a/room05_ClubroomMedium_m4a_ev35_A1p_r1.wav,,fb0d26a35006a04c91c0b0da287b604ae80dc90ec1b21742ab4020e36db41100,audio/phone_recordings/medium_clubroom/A1plus_r1.wav,44100,1.0,False,False,all normal protocol events; existing selected_for_demo flag retained,runs/matched_reg_1s/hybrid_shoebox_mit_but_ace_1000ms_full_c1_vm_seed42001/model_updates20000.pt,fa83b4108777231ef557379e8f7478aea1ab63f3e95449382edeaf85442d87fc,0.9232093691825867,-0.3060040653589955,b474845c8889948e6169b52b2578405dba6cf784d85663b44895734168b92ca0,False,31.745592605941148,44100,website-only extension,user-authorized project example; no separate dataset license asserted,"One-second model interval; input zero padding beyond valid support is preserved. IEEE float WAV; independent -1 dBFS playback-only gain; no additional filtering, denoising, alignment or inference.",,
room05_A1plus_r1_event35_inferred,inferred_rir,Medium clubroom,A1+,,1,runs/e6_phone_raw_cache/raw_v1_seed42001_batch192.npy,3,d263dbda319b1162f3a78cf9dd027dd7ba9a0ef81603084db5c91c7f08709ac3,audio/inferred_rirs/medium_clubroom/A1plus_r1.wav,44100,1.0,False,False,all normal protocol events; existing selected_for_demo flag retained,runs/matched_reg_1s/hybrid_shoebox_mit_but_ace_1000ms_full_c1_vm_seed42001/model_updates20000.pt,fa83b4108777231ef557379e8f7478aea1ab63f3e95449382edeaf85442d87fc,0.49797728657722473,5.055809311035988,9fec633828fdccca446ce0fd23be2320c05783283aa18636d0c71c4f2cbe187b,False,31.745592605941148,44100,website-only extension,user-authorized project example; no separate dataset license asserted,"One-second model interval; input zero padding beyond valid support is preserved. IEEE float WAV; independent -1 dBFS playback-only gain; no additional filtering, denoising, alignment or inference.",,
room05_A1plus_r2_event36_recorded,phone_recording,Medium clubroom,A1+,,2,reports/phone_clap_demo/results/segments/m4a/room05_ClubroomMedium_m4a_ev36_A1p_r2.wav,,e1bb5e2099eec7fee7f13fd43cd75abdcd43acf85dcc278d0586e0f6f3f1aae4,audio/phone_recordings/medium_clubroom/A1plus_r2.wav,44100,1.0,False,False,all normal protocol events; existing selected_for_demo flag retained,runs/matched_reg_1s/hybrid_shoebox_mit_but_ace_1000ms_full_c1_vm_seed42001/model_updates20000.pt,fa83b4108777231ef557379e8f7478aea1ab63f3e95449382edeaf85442d87fc,0.8769996762275696,0.14001133935207177,b641caefd0558cb4c9140e51a495217674b963e93b87601663f1d48b870f174e,False,30.862273885051533,44100,website-only extension,user-authorized project example; no separate dataset license asserted,"One-second model interval; input zero padding beyond valid support is preserved. IEEE float WAV; independent -1 dBFS playback-only gain; no additional filtering, denoising, alignment or inference.",,
room05_A1plus_r2_event36_inferred,inferred_rir,Medium clubroom,A1+,,2,runs/e6_phone_raw_cache/raw_v1_seed42001_batch192.npy,4,d263dbda319b1162f3a78cf9dd027dd7ba9a0ef81603084db5c91c7f08709ac3,audio/inferred_rirs/medium_clubroom/A1plus_r2.wav,44100,1.0,False,False,all normal protocol events; existing selected_for_demo flag retained,runs/matched_reg_1s/hybrid_shoebox_mit_but_ace_1000ms_full_c1_vm_seed42001/model_updates20000.pt,fa83b4108777231ef557379e8f7478aea1ab63f3e95449382edeaf85442d87fc,0.7003763318061829,2.0933707737492924,8c2f92fadd6c223dad6f7e15eee9108d263001cea8c7f5254d516b220b57b1a0,False,30.862273885051533,44100,website-only extension,user-authorized project example; no separate dataset license asserted,"One-second model interval; input zero padding beyond valid support is preserved. IEEE float WAV; independent -1 dBFS playback-only gain; no additional filtering, denoising, alignment or inference.",,
room05_A1plus_r3_event37_recorded,phone_recording,Medium clubroom,A1+,,3,reports/phone_clap_demo/results/segments/m4a/room05_ClubroomMedium_m4a_ev37_A1p_r3.wav,,2a7e0ba16df8d47a61fd7a1f4db3271112cbb07481d89c9195efd3a375328a2c,audio/phone_recordings/medium_clubroom/A1plus_r3.wav,44100,1.0,False,True,all normal protocol events; existing selected_for_demo flag retained,runs/matched_reg_1s/hybrid_shoebox_mit_but_ace_1000ms_full_c1_vm_seed42001/model_updates20000.pt,fa83b4108777231ef557379e8f7478aea1ab63f3e95449382edeaf85442d87fc,0.906978964805603,-0.15194429523081007,7a6bd3e2f972175aff0d7899323a5137ee6a98aab9ee672069b493a7db30053f,False,34.48296192546172,44100,website-only extension,user-authorized project example; no separate dataset license asserted,"One-second model interval; input zero padding beyond valid support is preserved. IEEE float WAV; independent -1 dBFS playback-only gain; no additional filtering, denoising, alignment or inference.",,
room05_A1plus_r3_event37_inferred,inferred_rir,Medium clubroom,A1+,,3,runs/e6_phone_raw_cache/raw_v1_seed42001_batch192.npy,5,d263dbda319b1162f3a78cf9dd027dd7ba9a0ef81603084db5c91c7f08709ac3,audio/inferred_rirs/medium_clubroom/A1plus_r3.wav,44100,1.0,False,True,all normal protocol events; existing selected_for_demo flag retained,runs/matched_reg_1s/hybrid_shoebox_mit_but_ace_1000ms_full_c1_vm_seed42001/model_updates20000.pt,fa83b4108777231ef557379e8f7478aea1ab63f3e95449382edeaf85442d87fc,0.6662423610687256,2.527355148492237,11ad5f578c1bd9672933186a5ea2ff090a0520704d1f6f58a5c86a6f3982d7e2,False,34.48296192546172,44100,website-only extension,user-authorized project example; no separate dataset license asserted,"One-second model interval; input zero padding beyond valid support is preserved. IEEE float WAV; independent -1 dBFS playback-only gain; no additional filtering, denoising, alignment or inference.",,
room05_A1plus_r4_event38_recorded,phone_recording,Medium clubroom,A1+,,4,reports/phone_clap_demo/results/segments/m4a/room05_ClubroomMedium_m4a_ev38_A1p_r4.wav,,5b61cab088b4715b8740fb1e1033cb3b2d095e23056e122a3e3437979eba1b25,audio/phone_recordings/medium_clubroom/A1plus_r4.wav,44100,1.0,False,False,all normal protocol events; existing selected_for_demo flag retained,runs/matched_reg_1s/hybrid_shoebox_mit_but_ace_1000ms_full_c1_vm_seed42001/model_updates20000.pt,fa83b4108777231ef557379e8f7478aea1ab63f3e95449382edeaf85442d87fc,0.8619804978370667,0.2900511980662771,b11cf2c57e84c398936a5a6d46ec5435397a5d41412835ac65ab6f392d7254d8,False,32.952672654025605,44100,website-only extension,user-authorized project example; no separate dataset license asserted,"One-second model interval; input zero padding beyond valid support is preserved. IEEE float WAV; independent -1 dBFS playback-only gain; no additional filtering, denoising, alignment or inference.",,
room05_A1plus_r4_event38_inferred,inferred_rir,Medium clubroom,A1+,,4,runs/e6_phone_raw_cache/raw_v1_seed42001_batch192.npy,6,d263dbda319b1162f3a78cf9dd027dd7ba9a0ef81603084db5c91c7f08709ac3,audio/inferred_rirs/medium_clubroom/A1plus_r4.wav,44100,1.0,False,False,all normal protocol events; existing selected_for_demo flag retained,runs/matched_reg_1s/hybrid_shoebox_mit_but_ace_1000ms_full_c1_vm_seed42001/model_updates20000.pt,fa83b4108777231ef557379e8f7478aea1ab63f3e95449382edeaf85442d87fc,0.6730883121490479,2.438559013801776,edd6bb6edc9d2859c6e3d64c4c25b4edebe6affa22ca3b54e182480f39e015de,False,32.952672654025605,44100,website-only extension,user-authorized project example; no separate dataset license asserted,"One-second model interval; input zero padding beyond valid support is preserved. IEEE float WAV; independent -1 dBFS playback-only gain; no additional filtering, denoising, alignment or inference.",,
room05_A1plus_r5_event39_recorded,phone_recording,Medium clubroom,A1+,,5,reports/phone_clap_demo/results/segments/m4a/room05_ClubroomMedium_m4a_ev39_A1p_r5.wav,,eaa74222552ddb0ba37a5f0fd89ef44133dbbf03471757ae1874b4343a9617d3,audio/phone_recordings/medium_clubroom/A1plus_r5.wav,44100,1.0,False,False,all normal protocol events; existing selected_for_demo flag retained,runs/matched_reg_1s/hybrid_shoebox_mit_but_ace_1000ms_full_c1_vm_seed42001/model_updates20000.pt,fa83b4108777231ef557379e8f7478aea1ab63f3e95449382edeaf85442d87fc,0.9275830388069153,-0.3470559761212976,0ed43b5774b6d5d03efe0bdbc7d2f0b001e990a3bebbef30a41993452e531f05,False,33.549047186747444,44100,website-only extension,user-authorized project example; no separate dataset license asserted,"One-second model interval; input zero padding beyond valid support is preserved. IEEE float WAV; independent -1 dBFS playback-only gain; no additional filtering, denoising, alignment or inference.",,
room05_A1plus_r5_event39_inferred,inferred_rir,Medium clubroom,A1+,,5,runs/e6_phone_raw_cache/raw_v1_seed42001_batch192.npy,7,d263dbda319b1162f3a78cf9dd027dd7ba9a0ef81603084db5c91c7f08709ac3,audio/inferred_rirs/medium_clubroom/A1plus_r5.wav,44100,1.0,False,False,all normal protocol events; existing selected_for_demo flag retained,runs/matched_reg_1s/hybrid_shoebox_mit_but_ace_1000ms_full_c1_vm_seed42001/model_updates20000.pt,fa83b4108777231ef557379e8f7478aea1ab63f3e95449382edeaf85442d87fc,0.6869973540306091,2.260898712436901,1b92942d82894d687d895f0ce577c4d030a780d5e228a61e51cea991847dce52,False,33.549047186747444,44100,website-only extension,user-authorized project example; no separate dataset license asserted,"One-second model interval; input zero padding beyond valid support is preserved. IEEE float WAV; independent -1 dBFS playback-only gain; no additional filtering, denoising, alignment or inference.",,
room06_P1_r1_event01_recorded,phone_recording,Small clubroom,P1,,1,reports/phone_clap_demo/results/segments/m4a/room06_ClubroomSmall_m4a_ev01_P1_r1.wav,,1d04efaf2df43b4fb9c1a99ecc454355f196bebc1da7952e26878ca5737541be,audio/phone_recordings/small_clubroom/P1_r1.wav,44100,1.0,False,False,all normal protocol events; existing selected_for_demo flag retained,runs/matched_reg_1s/hybrid_shoebox_mit_but_ace_1000ms_full_c1_vm_seed42001/model_updates20000.pt,fa83b4108777231ef557379e8f7478aea1ab63f3e95449382edeaf85442d87fc,0.7444349527359009,1.5634648810574703,124a711c91f7aa38682ce084a99b93881f6493707ba7e3db248e9d44d88712ee,False,33.7644874440946,44100,website-only extension,user-authorized project example; no separate dataset license asserted,"One-second model interval; input zero padding beyond valid support is preserved. IEEE float WAV; independent -1 dBFS playback-only gain; no additional filtering, denoising, alignment or inference.",,
room06_P1_r1_event01_inferred,inferred_rir,Small clubroom,P1,,1,runs/e6_phone_raw_cache/raw_v1_seed42001_batch200.npy,0,5a92544206feb02082cbe4ae0d8fc4bd0578e1206e53ca1f1232bb0185eaf456,audio/inferred_rirs/small_clubroom/P1_r1.wav,44100,1.0,False,False,all normal protocol events; existing selected_for_demo flag retained,runs/matched_reg_1s/hybrid_shoebox_mit_but_ace_1000ms_full_c1_vm_seed42001/model_updates20000.pt,fa83b4108777231ef557379e8f7478aea1ab63f3e95449382edeaf85442d87fc,0.4087154269218445,6.771579391567687,cfc72f7c76c738cd6f4977d05b551e629f58065d48ca31478ff0ff2ab8dbc777,False,33.7644874440946,44100,website-only extension,user-authorized project example; no separate dataset license asserted,"One-second model interval; input zero padding beyond valid support is preserved. IEEE float WAV; independent -1 dBFS playback-only gain; no additional filtering, denoising, alignment or inference.",,
room06_P1_r2_event02_recorded,phone_recording,Small clubroom,P1,,2,reports/phone_clap_demo/results/segments/m4a/room06_ClubroomSmall_m4a_ev02_P1_r2.wav,,f38e1083324ec5b057781b94be08d624f021f28103c99316b0624fd99afda672,audio/phone_recordings/small_clubroom/P1_r2.wav,44100,1.0,False,False,all normal protocol events; existing selected_for_demo flag retained,runs/matched_reg_1s/hybrid_shoebox_mit_but_ace_1000ms_full_c1_vm_seed42001/model_updates20000.pt,fa83b4108777231ef557379e8f7478aea1ab63f3e95449382edeaf85442d87fc,0.7992739677429199,0.9460866343772982,c1dcccd209b351d97c168ce1429d3347be5e57522dc4c572b275f13219288737,False,34.50985186285399,44100,website-only extension,user-authorized project example; no separate dataset license asserted,"One-second model interval; input zero padding beyond valid support is preserved. IEEE float WAV; independent -1 dBFS playback-only gain; no additional filtering, denoising, alignment or inference.",,
room06_P1_r2_event02_inferred,inferred_rir,Small clubroom,P1,,2,runs/e6_phone_raw_cache/raw_v1_seed42001_batch200.npy,1,5a92544206feb02082cbe4ae0d8fc4bd0578e1206e53ca1f1232bb0185eaf456,audio/inferred_rirs/small_clubroom/P1_r2.wav,44100,1.0,False,False,all normal protocol events; existing selected_for_demo flag retained,runs/matched_reg_1s/hybrid_shoebox_mit_but_ace_1000ms_full_c1_vm_seed42001/model_updates20000.pt,fa83b4108777231ef557379e8f7478aea1ab63f3e95449382edeaf85442d87fc,0.5628917217254639,3.99150276655035,d620e1c593f8b26f0975737eb47a231d40da6fcd4095c0766dbfeeba19e61fbb,False,34.50985186285399,44100,website-only extension,user-authorized project example; no separate dataset license asserted,"One-second model interval; input zero padding beyond valid support is preserved. IEEE float WAV; independent -1 dBFS playback-only gain; no additional filtering, denoising, alignment or inference.",,
room06_P1_r3_event03_recorded,phone_recording,Small clubroom,P1,,3,reports/phone_clap_demo/results/segments/m4a/room06_ClubroomSmall_m4a_ev03_P1_r3.wav,,8e3c0821532f63e9e6ef5e5a56c89c0b49f156acb3e47934bf4ad6a9ee98fd66,audio/phone_recordings/small_clubroom/P1_r3.wav,44100,1.0,False,True,all normal protocol events; existing selected_for_demo flag retained,runs/matched_reg_1s/hybrid_shoebox_mit_but_ace_1000ms_full_c1_vm_seed42001/model_updates20000.pt,fa83b4108777231ef557379e8f7478aea1ab63f3e95449382edeaf85442d87fc,0.7150816321372986,1.9128875454297243,2859e5cddc5fcac3a34d890d219206dfe64c274550a7f566e69549503dad53e9,False,35.17172135465768,44100,website-only extension,user-authorized project example; no separate dataset license asserted,"One-second model interval; input zero padding beyond valid support is preserved. IEEE float WAV; independent -1 dBFS playback-only gain; no additional filtering, denoising, alignment or inference.",,
room06_P1_r3_event03_inferred,inferred_rir,Small clubroom,P1,,3,runs/e6_phone_raw_cache/raw_v1_seed42001_batch200.npy,2,5a92544206feb02082cbe4ae0d8fc4bd0578e1206e53ca1f1232bb0185eaf456,audio/inferred_rirs/small_clubroom/P1_r3.wav,44100,1.0,False,True,all normal protocol events; existing selected_for_demo flag retained,runs/matched_reg_1s/hybrid_shoebox_mit_but_ace_1000ms_full_c1_vm_seed42001/model_updates20000.pt,fa83b4108777231ef557379e8f7478aea1ab63f3e95449382edeaf85442d87fc,0.7302826642990112,1.7301801733585727,7fe63e6d2e4347b0e931c8eafce7762d8b2119aad0e1d0d34e38ddcd18af654b,False,35.17172135465768,44100,website-only extension,user-authorized project example; no separate dataset license asserted,"One-second model interval; input zero padding beyond valid support is preserved. IEEE float WAV; independent -1 dBFS playback-only gain; no additional filtering, denoising, alignment or inference.",,
room06_P1_r4_event04_recorded,phone_recording,Small clubroom,P1,,4,reports/phone_clap_demo/results/segments/m4a/room06_ClubroomSmall_m4a_ev04_P1_r4.wav,,6a8d7b3ea20651dd99a784fe35cc3116597fd0f99d2c2b212f4b9435ddc65cd6,audio/phone_recordings/small_clubroom/P1_r4.wav,44100,1.0,False,False,all normal protocol events; existing selected_for_demo flag retained,runs/matched_reg_1s/hybrid_shoebox_mit_but_ace_1000ms_full_c1_vm_seed42001/model_updates20000.pt,fa83b4108777231ef557379e8f7478aea1ab63f3e95449382edeaf85442d87fc,0.8225338459014893,0.696924450275236,242099f68bdee604b24597d8bc7e64e64a978dade29e7eabff5df80fdef55348,False,31.578977387731772,44100,website-only extension,user-authorized project example; no separate dataset license asserted,"One-second model interval; input zero padding beyond valid support is preserved. IEEE float WAV; independent -1 dBFS playback-only gain; no additional filtering, denoising, alignment or inference.",,
room06_P1_r4_event04_inferred,inferred_rir,Small clubroom,P1,,4,runs/e6_phone_raw_cache/raw_v1_seed42001_batch200.npy,3,5a92544206feb02082cbe4ae0d8fc4bd0578e1206e53ca1f1232bb0185eaf456,audio/inferred_rirs/small_clubroom/P1_r4.wav,44100,1.0,False,False,all normal protocol events; existing selected_for_demo flag retained,runs/matched_reg_1s/hybrid_shoebox_mit_but_ace_1000ms_full_c1_vm_seed42001/model_updates20000.pt,fa83b4108777231ef557379e8f7478aea1ab63f3e95449382edeaf85442d87fc,0.521501362323761,4.654891054474063,aa99dd86aa77bc8b8bbd642139f7b51aae1b1a0ff9a97516bdad58b38a1cad93,False,31.578977387731772,44100,website-only extension,user-authorized project example; no separate dataset license asserted,"One-second model interval; input zero padding beyond valid support is preserved. IEEE float WAV; independent -1 dBFS playback-only gain; no additional filtering, denoising, alignment or inference.",,
room06_P1_r5_event05_recorded,phone_recording,Small clubroom,P1,,5,reports/phone_clap_demo/results/segments/m4a/room06_ClubroomSmall_m4a_ev05_P1_r5.wav,,37141b1265c6d70660f4a34db6f8308927156507a0b9c115528c6c1a9fb3b272,audio/phone_recordings/small_clubroom/P1_r5.wav,44100,1.0,False,False,all normal protocol events; existing selected_for_demo flag retained,runs/matched_reg_1s/hybrid_shoebox_mit_but_ace_1000ms_full_c1_vm_seed42001/model_updates20000.pt,fa83b4108777231ef557379e8f7478aea1ab63f3e95449382edeaf85442d87fc,0.9476606845855713,-0.5330572701575598,1b5f87764fec4401d0779065ec11a9e675182dfe69c48023df59d1a0b451a804,False,34.51021648312707,44100,website-only extension,user-authorized project example; no separate dataset license asserted,"One-second model interval; input zero padding beyond valid support is preserved. IEEE float WAV; independent -1 dBFS playback-only gain; no additional filtering, denoising, alignment or inference.",,
room06_P1_r5_event05_inferred,inferred_rir,Small clubroom,P1,,5,runs/e6_phone_raw_cache/raw_v1_seed42001_batch200.npy,4,5a92544206feb02082cbe4ae0d8fc4bd0578e1206e53ca1f1232bb0185eaf456,audio/inferred_rirs/small_clubroom/P1_r5.wav,44100,1.0,False,False,all normal protocol events; existing selected_for_demo flag retained,runs/matched_reg_1s/hybrid_shoebox_mit_but_ace_1000ms_full_c1_vm_seed42001/model_updates20000.pt,fa83b4108777231ef557379e8f7478aea1ab63f3e95449382edeaf85442d87fc,0.8267763257026672,0.6522393531324682,42b124734f1b35f1cafbf39c104b2cbc4b29fb0962d14bb302008234f30be114,False,34.51021648312707,44100,website-only extension,user-authorized project example; no separate dataset license asserted,"One-second model interval; input zero padding beyond valid support is preserved. IEEE float WAV; independent -1 dBFS playback-only gain; no additional filtering, denoising, alignment or inference.",,
room06_P2_r1_event06_recorded,phone_recording,Small clubroom,P2,,1,reports/phone_clap_demo/results/segments/m4a/room06_ClubroomSmall_m4a_ev06_P2_r1.wav,,bbdc34068404d320f4587182df01daaf2307c955f5a380769446ae7cba09a5f4,audio/phone_recordings/small_clubroom/P2_r1.wav,44100,1.0,False,False,all normal protocol events; existing selected_for_demo flag retained,runs/matched_reg_1s/hybrid_shoebox_mit_but_ace_1000ms_full_c1_vm_seed42001/model_updates20000.pt,fa83b4108777231ef557379e8f7478aea1ab63f3e95449382edeaf85442d87fc,0.8613682985305786,0.2962223177462196,a590a3127c3366d83dc93a852a00f46d0bb26671e657ba4f86283f73fa810f92,False,32.97943599797154,44100,website-only extension,user-authorized project example; no separate dataset license asserted,"One-second model interval; input zero padding beyond valid support is preserved. IEEE float WAV; independent -1 dBFS playback-only gain; no additional filtering, denoising, alignment or inference.",,
room06_P2_r1_event06_inferred,inferred_rir,Small clubroom,P2,,1,runs/e6_phone_raw_cache/raw_v1_seed42001_batch200.npy,5,5a92544206feb02082cbe4ae0d8fc4bd0578e1206e53ca1f1232bb0185eaf456,audio/inferred_rirs/small_clubroom/P2_r1.wav,44100,1.0,False,False,all normal protocol events; existing selected_for_demo flag retained,runs/matched_reg_1s/hybrid_shoebox_mit_but_ace_1000ms_full_c1_vm_seed42001/model_updates20000.pt,fa83b4108777231ef557379e8f7478aea1ab63f3e95449382edeaf85442d87fc,0.6594843864440918,2.6159096418198917,b22bf76c9995677ecc8f673cf48fb17531a52ea361759631c2f57a278aa32e88,False,32.97943599797154,44100,website-only extension,user-authorized project example; no separate dataset license asserted,"One-second model interval; input zero padding beyond valid support is preserved. IEEE float WAV; independent -1 dBFS playback-only gain; no additional filtering, denoising, alignment or inference.",,
room06_P2_r2_event07_recorded,phone_recording,Small clubroom,P2,,2,reports/phone_clap_demo/results/segments/m4a/room06_ClubroomSmall_m4a_ev07_P2_r2.wav,,4403153cd8c551c82c845958e61a3879d4aefa59c6cc482966745899050e7355,audio/phone_recordings/small_clubroom/P2_r2.wav,44100,1.0,False,False,all normal protocol events; existing selected_for_demo flag retained,runs/matched_reg_1s/hybrid_shoebox_mit_but_ace_1000ms_full_c1_vm_seed42001/model_updates20000.pt,fa83b4108777231ef557379e8f7478aea1ab63f3e95449382edeaf85442d87fc,0.9472841024398804,-0.5296049785418949,8b4ff36f09f63750550112f72c460290a001dc6b3f43ab8c1dc2bbfaa1528922,False,34.895024146129785,44100,website-only extension,user-authorized project example; no separate dataset license asserted,"One-second model interval; input zero padding beyond valid support is preserved. IEEE float WAV; independent -1 dBFS playback-only gain; no additional filtering, denoising, alignment or inference.",,
room06_P2_r2_event07_inferred,inferred_rir,Small clubroom,P2,,2,runs/e6_phone_raw_cache/raw_v1_seed42001_batch200.npy,6,5a92544206feb02082cbe4ae0d8fc4bd0578e1206e53ca1f1232bb0185eaf456,audio/inferred_rirs/small_clubroom/P2_r2.wav,44100,1.0,False,False,all normal protocol events; existing selected_for_demo flag retained,runs/matched_reg_1s/hybrid_shoebox_mit_but_ace_1000ms_full_c1_vm_seed42001/model_updates20000.pt,fa83b4108777231ef557379e8f7478aea1ab63f3e95449382edeaf85442d87fc,0.6099969148635864,3.293447229657072,784450a00f4ee975fc784c667e2879e97ed10a25f2746c0dcd0849ca471df427,False,34.895024146129785,44100,website-only extension,user-authorized project example; no separate dataset license asserted,"One-second model interval; input zero padding beyond valid support is preserved. IEEE float WAV; independent -1 dBFS playback-only gain; no additional filtering, denoising, alignment or inference.",,
room06_P2_r3_event08_recorded,phone_recording,Small clubroom,P2,,3,reports/phone_clap_demo/results/segments/m4a/room06_ClubroomSmall_m4a_ev08_P2_r3.wav,,d3618f5b12b62357c530b59c8873aceb1d113517c250917da665489fef319b2c,audio/phone_recordings/small_clubroom/P2_r3.wav,44100,1.0,False,False,all normal protocol events; existing selected_for_demo flag retained,runs/matched_reg_1s/hybrid_shoebox_mit_but_ace_1000ms_full_c1_vm_seed42001/model_updates20000.pt,fa83b4108777231ef557379e8f7478aea1ab63f3e95449382edeaf85442d87fc,0.9129859805107117,-0.20928217426574056,b7262a4e42a33aa6a6c2c20d5cd01d2eef993be89ddcdc911cd2e85bae123ef0,False,33.07036775126868,44100,website-only extension,user-authorized project example; no separate dataset license asserted,"One-second model interval; input zero padding beyond valid support is preserved. IEEE float WAV; independent -1 dBFS playback-only gain; no additional filtering, denoising, alignment or inference.",,
room06_P2_r3_event08_inferred,inferred_rir,Small clubroom,P2,,3,runs/e6_phone_raw_cache/raw_v1_seed42001_batch200.npy,7,5a92544206feb02082cbe4ae0d8fc4bd0578e1206e53ca1f1232bb0185eaf456,audio/inferred_rirs/small_clubroom/P2_r3.wav,44100,1.0,False,False,all normal protocol events; existing selected_for_demo flag retained,runs/matched_reg_1s/hybrid_shoebox_mit_but_ace_1000ms_full_c1_vm_seed42001/model_updates20000.pt,fa83b4108777231ef557379e8f7478aea1ab63f3e95449382edeaf85442d87fc,0.5298780202865601,4.5164818990600235,5ddbb75820b2957385f5193cbd1247d51a297d2e5a2c0364488128cff2281436,False,33.07036775126868,44100,website-only extension,user-authorized project example; no separate dataset license asserted,"One-second model interval; input zero padding beyond valid support is preserved. IEEE float WAV; independent -1 dBFS playback-only gain; no additional filtering, denoising, alignment or inference.",,
room06_P2_r4_event09_recorded,phone_recording,Small clubroom,P2,,4,reports/phone_clap_demo/results/segments/m4a/room06_ClubroomSmall_m4a_ev09_P2_r4.wav,,760fd8554262760fa9cf5211601849c76ac70b94c39882c80e5285279c0b03a3,audio/phone_recordings/small_clubroom/P2_r4.wav,44100,1.0,False,True,all normal protocol events; existing selected_for_demo flag retained,runs/matched_reg_1s/hybrid_shoebox_mit_but_ace_1000ms_full_c1_vm_seed42001/model_updates20000.pt,fa83b4108777231ef557379e8f7478aea1ab63f3e95449382edeaf85442d87fc,0.936553418636322,-0.4306510695129998,b7f3abae62bfe8c248a97e35092538521fb926cae033215dc40124078ee4aa28,False,36.627447364868,44100,website-only extension,user-authorized project example; no separate dataset license asserted,"One-second model interval; input zero padding beyond valid support is preserved. IEEE float WAV; independent -1 dBFS playback-only gain; no additional filtering, denoising, alignment or inference.",,
room06_P2_r4_event09_inferred,inferred_rir,Small clubroom,P2,,4,runs/e6_phone_raw_cache/raw_v1_seed42001_batch208.npy,0,887fddaf2c7580b021d3f9871a8df79d58b0c3d1ba7cb6bd32524abff56fdc74,audio/inferred_rirs/small_clubroom/P2_r4.wav,44100,1.0,False,True,all normal protocol events; existing selected_for_demo flag retained,runs/matched_reg_1s/hybrid_shoebox_mit_but_ace_1000ms_full_c1_vm_seed42001/model_updates20000.pt,fa83b4108777231ef557379e8f7478aea1ab63f3e95449382edeaf85442d87fc,0.5305072069168091,4.506174237026922,32eb904715b20fb9daa038fc2ad2694ab5f65cee57133d63f4f89455314841d5,False,36.627447364868,44100,website-only extension,user-authorized project example; no separate dataset license asserted,"One-second model interval; input zero padding beyond valid support is preserved. IEEE float WAV; independent -1 dBFS playback-only gain; no additional filtering, denoising, alignment or inference.",,
room06_P2_r5_event10_recorded,phone_recording,Small clubroom,P2,,5,reports/phone_clap_demo/results/segments/m4a/room06_ClubroomSmall_m4a_ev10_P2_r5.wav,,e00de04b71a60a6bfd647974b4eb40464cdc2a7039936bc19500499c8356b684,audio/phone_recordings/small_clubroom/P2_r5.wav,44100,1.0,False,False,all normal protocol events; existing selected_for_demo flag retained,runs/matched_reg_1s/hybrid_shoebox_mit_but_ace_1000ms_full_c1_vm_seed42001/model_updates20000.pt,fa83b4108777231ef557379e8f7478aea1ab63f3e95449382edeaf85442d87fc,0.9197378754615784,-0.27328142819127743,ed1a1938b5271f8d720984d55427c6311344517a90e9838e04d0e7dad2b61d51,False,34.91073283094251,44100,website-only extension,user-authorized project example; no separate dataset license asserted,"One-second model interval; input zero padding beyond valid support is preserved. IEEE float WAV; independent -1 dBFS playback-only gain; no additional filtering, denoising, alignment or inference.",,
room06_P2_r5_event10_inferred,inferred_rir,Small clubroom,P2,,5,runs/e6_phone_raw_cache/raw_v1_seed42001_batch208.npy,1,887fddaf2c7580b021d3f9871a8df79d58b0c3d1ba7cb6bd32524abff56fdc74,audio/inferred_rirs/small_clubroom/P2_r5.wav,44100,1.0,False,False,all normal protocol events; existing selected_for_demo flag retained,runs/matched_reg_1s/hybrid_shoebox_mit_but_ace_1000ms_full_c1_vm_seed42001/model_updates20000.pt,fa83b4108777231ef557379e8f7478aea1ab63f3e95449382edeaf85442d87fc,0.46706628799438477,5.612429563530502,0887e2076e4b9c8070ff187c00ee5f6f147d7a197eaf9b14f9e2994bfb2b088a,False,34.91073283094251,44100,website-only extension,user-authorized project example; no separate dataset license asserted,"One-second model interval; input zero padding beyond valid support is preserved. IEEE float WAV; independent -1 dBFS playback-only gain; no additional filtering, denoising, alignment or inference.",,
room06_P3_r1_event11_recorded,phone_recording,Small clubroom,P3,,1,reports/phone_clap_demo/results/segments/m4a/room06_ClubroomSmall_m4a_ev11_P3_r1.wav,,0cbef866e73b902cbb1957bbf5ef41bffc30e77e5794d4b79310146fe76aa378,audio/phone_recordings/small_clubroom/P3_r1.wav,44100,1.0,False,True,all normal protocol events; existing selected_for_demo flag retained,runs/matched_reg_1s/hybrid_shoebox_mit_but_ace_1000ms_full_c1_vm_seed42001/model_updates20000.pt,fa83b4108777231ef557379e8f7478aea1ab63f3e95449382edeaf85442d87fc,0.9008521437644958,-0.09307032753829,d83657a6525203277025572f2faf098b3d2bb82863e4d3c101ee273f37fb0098,False,35.168814231338615,44100,website-only extension,user-authorized project example; no separate dataset license asserted,"One-second model interval; input zero padding beyond valid support is preserved. IEEE float WAV; independent -1 dBFS playback-only gain; no additional filtering, denoising, alignment or inference.",,
room06_P3_r1_event11_inferred,inferred_rir,Small clubroom,P3,,1,runs/e6_phone_raw_cache/raw_v1_seed42001_batch208.npy,2,887fddaf2c7580b021d3f9871a8df79d58b0c3d1ba7cb6bd32524abff56fdc74,audio/inferred_rirs/small_clubroom/P3_r1.wav,44100,1.0,False,True,all normal protocol events; existing selected_for_demo flag retained,runs/matched_reg_1s/hybrid_shoebox_mit_but_ace_1000ms_full_c1_vm_seed42001/model_updates20000.pt,fa83b4108777231ef557379e8f7478aea1ab63f3e95449382edeaf85442d87fc,0.5011082291603088,5.0013693049761425,4ac14a1de218dcb4bc4f9061b327a3e6aed4d0f682666b318ca84ea72a33f74f,False,35.168814231338615,44100,website-only extension,user-authorized project example; no separate dataset license asserted,"One-second model interval; input zero padding beyond valid support is preserved. IEEE float WAV; independent -1 dBFS playback-only gain; no additional filtering, denoising, alignment or inference.",,
room06_P3_r2_event12_recorded,phone_recording,Small clubroom,P3,,2,reports/phone_clap_demo/results/segments/m4a/room06_ClubroomSmall_m4a_ev12_P3_r2.wav,,d1e145e93848ab0de1247e1649e38f53602e833841f62ca43513e40ac485bb77,audio/phone_recordings/small_clubroom/P3_r2.wav,44100,1.0,False,False,all normal protocol events; existing selected_for_demo flag retained,runs/matched_reg_1s/hybrid_shoebox_mit_but_ace_1000ms_full_c1_vm_seed42001/model_updates20000.pt,fa83b4108777231ef557379e8f7478aea1ab63f3e95449382edeaf85442d87fc,0.9293724894523621,-0.36379625384334,0ed2630224b6e10408521fe39b6f6cf5f025e850c837f1aed3f4b7794fb3255f,False,34.77720458753927,44100,website-only extension,user-authorized project example; no separate dataset license asserted,"One-second model interval; input zero padding beyond valid support is preserved. IEEE float WAV; independent -1 dBFS playback-only gain; no additional filtering, denoising, alignment or inference.",,
room06_P3_r2_event12_inferred,inferred_rir,Small clubroom,P3,,2,runs/e6_phone_raw_cache/raw_v1_seed42001_batch208.npy,3,887fddaf2c7580b021d3f9871a8df79d58b0c3d1ba7cb6bd32524abff56fdc74,audio/inferred_rirs/small_clubroom/P3_r2.wav,44100,1.0,False,False,all normal protocol events; existing selected_for_demo flag retained,runs/matched_reg_1s/hybrid_shoebox_mit_but_ace_1000ms_full_c1_vm_seed42001/model_updates20000.pt,fa83b4108777231ef557379e8f7478aea1ab63f3e95449382edeaf85442d87fc,0.6504888534545898,2.73520281908524,6d9abf3f02ec2db0643598f357a57cc2d673ad544433e1408ac007b8dd076853,False,34.77720458753927,44100,website-only extension,user-authorized project example; no separate dataset license asserted,"One-second model interval; input zero padding beyond valid support is preserved. IEEE float WAV; independent -1 dBFS playback-only gain; no additional filtering, denoising, alignment or inference.",,
room06_P3_r3_event13_recorded,phone_recording,Small clubroom,P3,,3,reports/phone_clap_demo/results/segments/m4a/room06_ClubroomSmall_m4a_ev13_P3_r3.wav,,c21028aed451e279060484f96f063754754d868c88fd61b2e80751695b3c4651,audio/phone_recordings/small_clubroom/P3_r3.wav,44100,1.0,False,False,all normal protocol events; existing selected_for_demo flag retained,runs/matched_reg_1s/hybrid_shoebox_mit_but_ace_1000ms_full_c1_vm_seed42001/model_updates20000.pt,fa83b4108777231ef557379e8f7478aea1ab63f3e95449382edeaf85442d87fc,0.8894822597503662,0.017254185313411316,57bd2db8a0244e29898a123442067aa812eca35e19fdffcde2296ed18504620f,False,34.56062014154975,44100,website-only extension,user-authorized project example; no separate dataset license asserted,"One-second model interval; input zero padding beyond valid support is preserved. IEEE float WAV; independent -1 dBFS playback-only gain; no additional filtering, denoising, alignment or inference.",,
room06_P3_r3_event13_inferred,inferred_rir,Small clubroom,P3,,3,runs/e6_phone_raw_cache/raw_v1_seed42001_batch208.npy,4,887fddaf2c7580b021d3f9871a8df79d58b0c3d1ba7cb6bd32524abff56fdc74,audio/inferred_rirs/small_clubroom/P3_r3.wav,44100,1.0,False,False,all normal protocol events; existing selected_for_demo flag retained,runs/matched_reg_1s/hybrid_shoebox_mit_but_ace_1000ms_full_c1_vm_seed42001/model_updates20000.pt,fa83b4108777231ef557379e8f7478aea1ab63f3e95449382edeaf85442d87fc,0.5072254538536072,4.895979211722469,2cbae092535feaeff70ef4fb79afc0ca97db158352dc6bd51bf7aca6417be279,False,34.56062014154975,44100,website-only extension,user-authorized project example; no separate dataset license asserted,"One-second model interval; input zero padding beyond valid support is preserved. IEEE float WAV; independent -1 dBFS playback-only gain; no additional filtering, denoising, alignment or inference.",,
room06_P3_r4_event14_recorded,phone_recording,Small clubroom,P3,,4,reports/phone_clap_demo/results/segments/m4a/room06_ClubroomSmall_m4a_ev14_P3_r4.wav,,32fbd98c67acdf0148de1133e070b15a293c5c31299e88c0a8c448f6500001f1,audio/phone_recordings/small_clubroom/P3_r4.wav,44100,1.0,False,False,all normal protocol events; existing selected_for_demo flag retained,runs/matched_reg_1s/hybrid_shoebox_mit_but_ace_1000ms_full_c1_vm_seed42001/model_updates20000.pt,fa83b4108777231ef557379e8f7478aea1ab63f3e95449382edeaf85442d87fc,0.9231722950935364,-0.3056552518366384,47be00dbc69938e58cf0e05266a55cdbc6ef19e4429888084bbe5f50449c0564,False,32.905033602230915,44100,website-only extension,user-authorized project example; no separate dataset license asserted,"One-second model interval; input zero padding beyond valid support is preserved. IEEE float WAV; independent -1 dBFS playback-only gain; no additional filtering, denoising, alignment or inference.",,
room06_P3_r4_event14_inferred,inferred_rir,Small clubroom,P3,,4,runs/e6_phone_raw_cache/raw_v1_seed42001_batch208.npy,5,887fddaf2c7580b021d3f9871a8df79d58b0c3d1ba7cb6bd32524abff56fdc74,audio/inferred_rirs/small_clubroom/P3_r4.wav,44100,1.0,False,False,all normal protocol events; existing selected_for_demo flag retained,runs/matched_reg_1s/hybrid_shoebox_mit_but_ace_1000ms_full_c1_vm_seed42001/model_updates20000.pt,fa83b4108777231ef557379e8f7478aea1ab63f3e95449382edeaf85442d87fc,0.5985813736915588,3.457536028193597,c86719254e7ef4c466d762fab9f452ca2ae1a5c4aa9fe3e00027846a4d2b1082,False,32.905033602230915,44100,website-only extension,user-authorized project example; no separate dataset license asserted,"One-second model interval; input zero padding beyond valid support is preserved. IEEE float WAV; independent -1 dBFS playback-only gain; no additional filtering, denoising, alignment or inference.",,
room06_P3_r5_event15_recorded,phone_recording,Small clubroom,P3,,5,reports/phone_clap_demo/results/segments/m4a/room06_ClubroomSmall_m4a_ev15_P3_r5.wav,,207f3bd70aa12b0b8e69e01c12bd55e5ca89aa1fc17aca3ae2bb03a20123b2a0,audio/phone_recordings/small_clubroom/P3_r5.wav,44100,1.0,False,False,all normal protocol events; existing selected_for_demo flag retained,runs/matched_reg_1s/hybrid_shoebox_mit_but_ace_1000ms_full_c1_vm_seed42001/model_updates20000.pt,fa83b4108777231ef557379e8f7478aea1ab63f3e95449382edeaf85442d87fc,0.8511916399002075,0.3994530102624473,c7a0d49ffde01be9c3061160d99ddeba3a143c9fabf4462189a25bd40383d0c1,False,32.18397125498659,44100,website-only extension,user-authorized project example; no separate dataset license asserted,"One-second model interval; input zero padding beyond valid support is preserved. IEEE float WAV; independent -1 dBFS playback-only gain; no additional filtering, denoising, alignment or inference.",,
room06_P3_r5_event15_inferred,inferred_rir,Small clubroom,P3,,5,runs/e6_phone_raw_cache/raw_v1_seed42001_batch208.npy,6,887fddaf2c7580b021d3f9871a8df79d58b0c3d1ba7cb6bd32524abff56fdc74,audio/inferred_rirs/small_clubroom/P3_r5.wav,44100,1.0,False,False,all normal protocol events; existing selected_for_demo flag retained,runs/matched_reg_1s/hybrid_shoebox_mit_but_ace_1000ms_full_c1_vm_seed42001/model_updates20000.pt,fa83b4108777231ef557379e8f7478aea1ab63f3e95449382edeaf85442d87fc,0.5108211040496826,4.834623372143026,1889b9babcd6816fc19156e9badcea1c8b39ae13ca140ae7679cfb65056ef4c0,False,32.18397125498659,44100,website-only extension,user-authorized project example; no separate dataset license asserted,"One-second model interval; input zero padding beyond valid support is preserved. IEEE float WAV; independent -1 dBFS playback-only gain; no additional filtering, denoising, alignment or inference.",,
room06_A1_r1_event16_recorded,phone_recording,Small clubroom,A1,,1,reports/phone_clap_demo/results/segments/m4a/room06_ClubroomSmall_m4a_ev16_A1_r1.wav,,c5bf4c9b23a8fb96b1587a209c85d8f81ab46afc250a426b4d1386d3f4c79417,audio/phone_recordings/small_clubroom/A1_r1.wav,44100,1.0,False,False,all normal protocol events; existing selected_for_demo flag retained,runs/matched_reg_1s/hybrid_shoebox_mit_but_ace_1000ms_full_c1_vm_seed42001/model_updates20000.pt,fa83b4108777231ef557379e8f7478aea1ab63f3e95449382edeaf85442d87fc,0.9624506235122681,-0.6675691638971825,424c5390d697bbaf1c095314ab456da87a94e9d0663ab634f33ae729074d2489,False,34.540952203785416,44100,website-only extension,user-authorized project example; no separate dataset license asserted,"One-second model interval; input zero padding beyond valid support is preserved. IEEE float WAV; independent -1 dBFS playback-only gain; no additional filtering, denoising, alignment or inference.",,
room06_A1_r1_event16_inferred,inferred_rir,Small clubroom,A1,,1,runs/e6_phone_raw_cache/raw_v1_seed42001_batch208.npy,7,887fddaf2c7580b021d3f9871a8df79d58b0c3d1ba7cb6bd32524abff56fdc74,audio/inferred_rirs/small_clubroom/A1_r1.wav,44100,1.0,False,False,all normal protocol events; existing selected_for_demo flag retained,runs/matched_reg_1s/hybrid_shoebox_mit_but_ace_1000ms_full_c1_vm_seed42001/model_updates20000.pt,fa83b4108777231ef557379e8f7478aea1ab63f3e95449382edeaf85442d87fc,0.4610315263271332,5.7253875120871385,c0c2b7ceed8d6a5caa90fec68adfc1f92dc5c0f9a570f22fb8d3700276863aad,False,34.540952203785416,44100,website-only extension,user-authorized project example; no separate dataset license asserted,"One-second model interval; input zero padding beyond valid support is preserved. IEEE float WAV; independent -1 dBFS playback-only gain; no additional filtering, denoising, alignment or inference.",,
room06_A1_r2_event17_recorded,phone_recording,Small clubroom,A1,,2,reports/phone_clap_demo/results/segments/m4a/room06_ClubroomSmall_m4a_ev17_A1_r2.wav,,d4fced8d8fac81aedb04d13965bf9636f9df6005d0c9d4819ca559652b37dabd,audio/phone_recordings/small_clubroom/A1_r2.wav,44100,1.0,False,True,all normal protocol events; existing selected_for_demo flag retained,runs/matched_reg_1s/hybrid_shoebox_mit_but_ace_1000ms_full_c1_vm_seed42001/model_updates20000.pt,fa83b4108777231ef557379e8f7478aea1ab63f3e95449382edeaf85442d87fc,0.9344165325164795,-0.4108102751002475,e841f7c04a3a7276acf63652771f874d5a33238171fc91f905eb4a59393006b6,False,40.57674705072823,44100,website-only extension,user-authorized project example; no separate dataset license asserted,"One-second model interval; input zero padding beyond valid support is preserved. IEEE float WAV; independent -1 dBFS playback-only gain; no additional filtering, denoising, alignment or inference.",,
room06_A1_r2_event17_inferred,inferred_rir,Small clubroom,A1,,2,runs/e6_phone_raw_cache/raw_v1_seed42001_batch216.npy,0,234341a06a1aca1022a0cc3d7b1e0733a2776691b8ea6c86fc5e236ed858fdec,audio/inferred_rirs/small_clubroom/A1_r2.wav,44100,1.0,False,True,all normal protocol events; existing selected_for_demo flag retained,runs/matched_reg_1s/hybrid_shoebox_mit_but_ace_1000ms_full_c1_vm_seed42001/model_updates20000.pt,fa83b4108777231ef557379e8f7478aea1ab63f3e95449382edeaf85442d87fc,0.6743682026863098,2.4220583086934218,2738676debd091fc9b72b9247750f55c2cdb8fd175cca49c53b14fecf9f35906,False,40.57674705072823,44100,website-only extension,user-authorized project example; no separate dataset license asserted,"One-second model interval; input zero padding beyond valid support is preserved. IEEE float WAV; independent -1 dBFS playback-only gain; no additional filtering, denoising, alignment or inference.",,
room06_A1_r3_event18_recorded,phone_recording,Small clubroom,A1,,3,reports/phone_clap_demo/results/segments/m4a/room06_ClubroomSmall_m4a_ev18_A1_r3.wav,,2c970ba09b0399a9b1d383aa480369180665036d406de59378afbe1c385506c2,audio/phone_recordings/small_clubroom/A1_r3.wav,44100,1.0,False,False,all normal protocol events; existing selected_for_demo flag retained,runs/matched_reg_1s/hybrid_shoebox_mit_but_ace_1000ms_full_c1_vm_seed42001/model_updates20000.pt,fa83b4108777231ef557379e8f7478aea1ab63f3e95449382edeaf85442d87fc,0.9253481030464172,-0.32610278003183724,e2a66a2d5f361446184c99f0539ce9f5826a8783d0b984b3d2ad5f4b1eb25bf4,False,39.20991722869561,44100,website-only extension,user-authorized project example; no separate dataset license asserted,"One-second model interval; input zero padding beyond valid support is preserved. IEEE float WAV; independent -1 dBFS playback-only gain; no additional filtering, denoising, alignment or inference.",,
room06_A1_r3_event18_inferred,inferred_rir,Small clubroom,A1,,3,runs/e6_phone_raw_cache/raw_v1_seed42001_batch216.npy,1,234341a06a1aca1022a0cc3d7b1e0733a2776691b8ea6c86fc5e236ed858fdec,audio/inferred_rirs/small_clubroom/A1_r3.wav,44100,1.0,False,False,all normal protocol events; existing selected_for_demo flag retained,runs/matched_reg_1s/hybrid_shoebox_mit_but_ace_1000ms_full_c1_vm_seed42001/model_updates20000.pt,fa83b4108777231ef557379e8f7478aea1ab63f3e95449382edeaf85442d87fc,0.7100947499275208,1.9736739657530544,bcf7df1d7c9e83764cf179dd2a0a1dc373ba2ec07f4dac8e24445c7190418d47,False,39.20991722869561,44100,website-only extension,user-authorized project example; no separate dataset license asserted,"One-second model interval; input zero padding beyond valid support is preserved. IEEE float WAV; independent -1 dBFS playback-only gain; no additional filtering, denoising, alignment or inference.",,
room06_A1_r4_event19_recorded,phone_recording,Small clubroom,A1,,4,reports/phone_clap_demo/results/segments/m4a/room06_ClubroomSmall_m4a_ev19_A1_r4.wav,,0bebdb617a30bf27c547003473305f6490bb3f7b9803a8f9026d5c2c62a5de8a,audio/phone_recordings/small_clubroom/A1_r4.wav,44100,1.0,False,False,all normal protocol events; existing selected_for_demo flag retained,runs/matched_reg_1s/hybrid_shoebox_mit_but_ace_1000ms_full_c1_vm_seed42001/model_updates20000.pt,fa83b4108777231ef557379e8f7478aea1ab63f3e95449382edeaf85442d87fc,0.847301185131073,0.4392437227882134,ffd50cc7985fb9ac1dc5e21e97bfd2f6f52841ede8410a8435d0ff39779c5a55,False,32.84462513422828,44100,website-only extension,user-authorized project example; no separate dataset license asserted,"One-second model interval; input zero padding beyond valid support is preserved. IEEE float WAV; independent -1 dBFS playback-only gain; no additional filtering, denoising, alignment or inference.",,
room06_A1_r4_event19_inferred,inferred_rir,Small clubroom,A1,,4,runs/e6_phone_raw_cache/raw_v1_seed42001_batch216.npy,2,234341a06a1aca1022a0cc3d7b1e0733a2776691b8ea6c86fc5e236ed858fdec,audio/inferred_rirs/small_clubroom/A1_r4.wav,44100,1.0,False,False,all normal protocol events; existing selected_for_demo flag retained,runs/matched_reg_1s/hybrid_shoebox_mit_but_ace_1000ms_full_c1_vm_seed42001/model_updates20000.pt,fa83b4108777231ef557379e8f7478aea1ab63f3e95449382edeaf85442d87fc,0.9888253211975098,-0.9023915803711936,e0d3ec69a8b61e4255a8e8c448256b1f64e4d8c9cfb673fa546126ed73593cf9,False,32.84462513422828,44100,website-only extension,user-authorized project example; no separate dataset license asserted,"One-second model interval; input zero padding beyond valid support is preserved. IEEE float WAV; independent -1 dBFS playback-only gain; no additional filtering, denoising, alignment or inference.",,
room06_A1_r5_event20_recorded,phone_recording,Small clubroom,A1,,5,reports/phone_clap_demo/results/segments/m4a/room06_ClubroomSmall_m4a_ev20_A1_r5.wav,,0595a780d8f34009db19970f61e845cf8625556a810adaf58cc8e3b0443a2835,audio/phone_recordings/small_clubroom/A1_r5.wav,44100,1.0,False,False,all normal protocol events; existing selected_for_demo flag retained,runs/matched_reg_1s/hybrid_shoebox_mit_but_ace_1000ms_full_c1_vm_seed42001/model_updates20000.pt,fa83b4108777231ef557379e8f7478aea1ab63f3e95449382edeaf85442d87fc,0.9129771590232849,-0.20919824873123866,69432dada22f39a6ff374b752679ad2b6383fedf830efe63e43fdaf983c153c5,False,36.90495841353014,44100,website-only extension,user-authorized project example; no separate dataset license asserted,"One-second model interval; input zero padding beyond valid support is preserved. IEEE float WAV; independent -1 dBFS playback-only gain; no additional filtering, denoising, alignment or inference.",,
room06_A1_r5_event20_inferred,inferred_rir,Small clubroom,A1,,5,runs/e6_phone_raw_cache/raw_v1_seed42001_batch216.npy,3,234341a06a1aca1022a0cc3d7b1e0733a2776691b8ea6c86fc5e236ed858fdec,audio/inferred_rirs/small_clubroom/A1_r5.wav,44100,1.0,False,False,all normal protocol events; existing selected_for_demo flag retained,runs/matched_reg_1s/hybrid_shoebox_mit_but_ace_1000ms_full_c1_vm_seed42001/model_updates20000.pt,fa83b4108777231ef557379e8f7478aea1ab63f3e95449382edeaf85442d87fc,0.6706703305244446,2.469818115755142,d5c0b78e2968d3670cce4a41a229e0303ebcc0f324fe5cfaf8ca33f7618da61c,False,36.90495841353014,44100,website-only extension,user-authorized project example; no separate dataset license asserted,"One-second model interval; input zero padding beyond valid support is preserved. IEEE float WAV; independent -1 dBFS playback-only gain; no additional filtering, denoising, alignment or inference.",,
room06_A2_r1_event21_recorded,phone_recording,Small clubroom,A2,,1,reports/phone_clap_demo/results/segments/m4a/room06_ClubroomSmall_m4a_ev21_A2_r1.wav,,89e409e7e781968350f440a49242d35b9a23124dd9ae0505f5baecf1934d9647,audio/phone_recordings/small_clubroom/A2_r1.wav,44100,1.0,False,False,all normal protocol events; existing selected_for_demo flag retained,runs/matched_reg_1s/hybrid_shoebox_mit_but_ace_1000ms_full_c1_vm_seed42001/model_updates20000.pt,fa83b4108777231ef557379e8f7478aea1ab63f3e95449382edeaf85442d87fc,0.8778140544891357,0.13194940082537285,cb2a7b83a6575ea967494234f247e3ac29df089e293e36e599bb0835e8b02a50,False,33.74939359171099,44100,website-only extension,user-authorized project example; no separate dataset license asserted,"One-second model interval; input zero padding beyond valid support is preserved. IEEE float WAV; independent -1 dBFS playback-only gain; no additional filtering, denoising, alignment or inference.",,
room06_A2_r1_event21_inferred,inferred_rir,Small clubroom,A2,,1,runs/e6_phone_raw_cache/raw_v1_seed42001_batch216.npy,4,234341a06a1aca1022a0cc3d7b1e0733a2776691b8ea6c86fc5e236ed858fdec,audio/inferred_rirs/small_clubroom/A2_r1.wav,44100,1.0,False,False,all normal protocol events; existing selected_for_demo flag retained,runs/matched_reg_1s/hybrid_shoebox_mit_but_ace_1000ms_full_c1_vm_seed42001/model_updates20000.pt,fa83b4108777231ef557379e8f7478aea1ab63f3e95449382edeaf85442d87fc,0.564667820930481,3.9641392192494456,bc40daeffeab732e1d4a4dc398d88668eb265a6b20a1596e019625ed0e004d2a,False,33.74939359171099,44100,website-only extension,user-authorized project example; no separate dataset license asserted,"One-second model interval; input zero padding beyond valid support is preserved. IEEE float WAV; independent -1 dBFS playback-only gain; no additional filtering, denoising, alignment or inference.",,
room06_A2_r2_event22_recorded,phone_recording,Small clubroom,A2,,2,reports/phone_clap_demo/results/segments/m4a/room06_ClubroomSmall_m4a_ev22_A2_r2.wav,,78203d3d5b335283de06de8deb075b60852cce9b5cb1c483d2fbd281c00266ab,audio/phone_recordings/small_clubroom/A2_r2.wav,44100,1.0,False,False,all normal protocol events; existing selected_for_demo flag retained,runs/matched_reg_1s/hybrid_shoebox_mit_but_ace_1000ms_full_c1_vm_seed42001/model_updates20000.pt,fa83b4108777231ef557379e8f7478aea1ab63f3e95449382edeaf85442d87fc,0.8947136402130127,-0.03368116720998098,47b800dbce7dd60afb8ad9a95e96da4d67a7466f8ce07f376affa8c52e3795ca,False,34.269822270802614,44100,website-only extension,user-authorized project example; no separate dataset license asserted,"One-second model interval; input zero padding beyond valid support is preserved. IEEE float WAV; independent -1 dBFS playback-only gain; no additional filtering, denoising, alignment or inference.",,
room06_A2_r2_event22_inferred,inferred_rir,Small clubroom,A2,,2,runs/e6_phone_raw_cache/raw_v1_seed42001_batch216.npy,5,234341a06a1aca1022a0cc3d7b1e0733a2776691b8ea6c86fc5e236ed858fdec,audio/inferred_rirs/small_clubroom/A2_r2.wav,44100,1.0,False,False,all normal protocol events; existing selected_for_demo flag retained,runs/matched_reg_1s/hybrid_shoebox_mit_but_ace_1000ms_full_c1_vm_seed42001/model_updates20000.pt,fa83b4108777231ef557379e8f7478aea1ab63f3e95449382edeaf85442d87fc,0.5286203622817993,4.537122240041405,66eb9358f2354897cba432da2584912753fce05d9182cd95eade82eeb3947ec8,False,34.269822270802614,44100,website-only extension,user-authorized project example; no separate dataset license asserted,"One-second model interval; input zero padding beyond valid support is preserved. IEEE float WAV; independent -1 dBFS playback-only gain; no additional filtering, denoising, alignment or inference.",,
room06_A2_r3_event23_recorded,phone_recording,Small clubroom,A2,,3,reports/phone_clap_demo/results/segments/m4a/room06_ClubroomSmall_m4a_ev23_A2_r3.wav,,cb1f26ab49e9ab827afba9e59bf55a9e04654b34ee3969eb034ec92b94f7e4b1,audio/phone_recordings/small_clubroom/A2_r3.wav,44100,1.0,False,False,all normal protocol events; existing selected_for_demo flag retained,runs/matched_reg_1s/hybrid_shoebox_mit_but_ace_1000ms_full_c1_vm_seed42001/model_updates20000.pt,fa83b4108777231ef557379e8f7478aea1ab63f3e95449382edeaf85442d87fc,0.9163506031036377,-0.24123340044494168,b99ebf10dfc6d06dda0069206cdbaff08f241593b8e77b63dc538d26f59fa4c0,False,32.64258597715552,44100,website-only extension,user-authorized project example; no separate dataset license asserted,"One-second model interval; input zero padding beyond valid support is preserved. IEEE float WAV; independent -1 dBFS playback-only gain; no additional filtering, denoising, alignment or inference.",,
room06_A2_r3_event23_inferred,inferred_rir,Small clubroom,A2,,3,runs/e6_phone_raw_cache/raw_v1_seed42001_batch216.npy,6,234341a06a1aca1022a0cc3d7b1e0733a2776691b8ea6c86fc5e236ed858fdec,audio/inferred_rirs/small_clubroom/A2_r3.wav,44100,1.0,False,False,all normal protocol events; existing selected_for_demo flag retained,runs/matched_reg_1s/hybrid_shoebox_mit_but_ace_1000ms_full_c1_vm_seed42001/model_updates20000.pt,fa83b4108777231ef557379e8f7478aea1ab63f3e95449382edeaf85442d87fc,0.5047250390052795,4.938902994603554,7a08da7420ec06fc4c4621a1c9caad225521d826349f5d65266c8d11b6fa82e2,False,32.64258597715552,44100,website-only extension,user-authorized project example; no separate dataset license asserted,"One-second model interval; input zero padding beyond valid support is preserved. IEEE float WAV; independent -1 dBFS playback-only gain; no additional filtering, denoising, alignment or inference.",,
room06_A2_r4_event24_recorded,phone_recording,Small clubroom,A2,,4,reports/phone_clap_demo/results/segments/m4a/room06_ClubroomSmall_m4a_ev24_A2_r4.wav,,434027e28dd704bcb2838e96c3974a9cd44672bb323167b1bf923dcbe6de677a,audio/phone_recordings/small_clubroom/A2_r4.wav,44100,1.0,False,False,all normal protocol events; existing selected_for_demo flag retained,runs/matched_reg_1s/hybrid_shoebox_mit_but_ace_1000ms_full_c1_vm_seed42001/model_updates20000.pt,fa83b4108777231ef557379e8f7478aea1ab63f3e95449382edeaf85442d87fc,0.9099120497703552,-0.17998832674395282,48a252fc155353ba377c796b04b3f66f0cd723a6bdfff3b52301b04ad830f3b3,False,36.40379371597928,44100,website-only extension,user-authorized project example; no separate dataset license asserted,"One-second model interval; input zero padding beyond valid support is preserved. IEEE float WAV; independent -1 dBFS playback-only gain; no additional filtering, denoising, alignment or inference.",,
room06_A2_r4_event24_inferred,inferred_rir,Small clubroom,A2,,4,runs/e6_phone_raw_cache/raw_v1_seed42001_batch216.npy,7,234341a06a1aca1022a0cc3d7b1e0733a2776691b8ea6c86fc5e236ed858fdec,audio/inferred_rirs/small_clubroom/A2_r4.wav,44100,1.0,False,False,all normal protocol events; existing selected_for_demo flag retained,runs/matched_reg_1s/hybrid_shoebox_mit_but_ace_1000ms_full_c1_vm_seed42001/model_updates20000.pt,fa83b4108777231ef557379e8f7478aea1ab63f3e95449382edeaf85442d87fc,0.5568215847015381,4.085678760511687,58f0f21c549a3c3cb83b05b7f7aa6d4e4b428f58f20f40c25ab900c2454f8975,False,36.40379371597928,44100,website-only extension,user-authorized project example; no separate dataset license asserted,"One-second model interval; input zero padding beyond valid support is preserved. IEEE float WAV; independent -1 dBFS playback-only gain; no additional filtering, denoising, alignment or inference.",,
room06_A2_r5_event25_recorded,phone_recording,Small clubroom,A2,,5,reports/phone_clap_demo/results/segments/m4a/room06_ClubroomSmall_m4a_ev25_A2_r5.wav,,f13a90ca159560bda6dc4968b75bc244d5b4a4b1c052ca159a1de2e7fb658bd9,audio/phone_recordings/small_clubroom/A2_r5.wav,44100,1.0,False,True,all normal protocol events; existing selected_for_demo flag retained,runs/matched_reg_1s/hybrid_shoebox_mit_but_ace_1000ms_full_c1_vm_seed42001/model_updates20000.pt,fa83b4108777231ef557379e8f7478aea1ab63f3e95449382edeaf85442d87fc,0.8837077617645264,0.0738266100614733,10c844cc77ee776cc86ca390971109ad88b3898f9903d59a2278ae8c627b243f,False,36.94123985171743,44100,website-only extension,user-authorized project example; no separate dataset license asserted,"One-second model interval; input zero padding beyond valid support is preserved. IEEE float WAV; independent -1 dBFS playback-only gain; no additional filtering, denoising, alignment or inference.",,
room06_A2_r5_event25_inferred,inferred_rir,Small clubroom,A2,,5,runs/e6_phone_raw_cache/raw_v1_seed42001_batch224.npy,0,32bea807f964b6cf582a562d650dd60f6dfd4aa8c5fd56f81ab35167653803bf,audio/inferred_rirs/small_clubroom/A2_r5.wav,44100,1.0,False,True,all normal protocol events; existing selected_for_demo flag retained,runs/matched_reg_1s/hybrid_shoebox_mit_but_ace_1000ms_full_c1_vm_seed42001/model_updates20000.pt,fa83b4108777231ef557379e8f7478aea1ab63f3e95449382edeaf85442d87fc,0.4742555618286133,5.4797513444818415,449e3c575d1d6bef55aecf82541df59532192e2989dc3a07e37a406934e81225,False,36.94123985171743,44100,website-only extension,user-authorized project example; no separate dataset license asserted,"One-second model interval; input zero padding beyond valid support is preserved. IEEE float WAV; independent -1 dBFS playback-only gain; no additional filtering, denoising, alignment or inference.",,
room06_A3_r1_event26_recorded,phone_recording,Small clubroom,A3,,1,reports/phone_clap_demo/results/segments/m4a/room06_ClubroomSmall_m4a_ev26_A3_r1.wav,,cea7bcc729de62dc4afb9e56996c8f5e39f7486c65ea337f83b4019396e8faa1,audio/phone_recordings/small_clubroom/A3_r1.wav,44100,1.0,False,False,all normal protocol events; existing selected_for_demo flag retained,runs/matched_reg_1s/hybrid_shoebox_mit_but_ace_1000ms_full_c1_vm_seed42001/model_updates20000.pt,fa83b4108777231ef557379e8f7478aea1ab63f3e95449382edeaf85442d87fc,0.8891992568969727,0.020018178248143947,130ce7425a382297d497eb2c658af51134e2a56897e961c929b8f3072f5bc180,False,34.86204066348858,44100,website-only extension,user-authorized project example; no separate dataset license asserted,"One-second model interval; input zero padding beyond valid support is preserved. IEEE float WAV; independent -1 dBFS playback-only gain; no additional filtering, denoising, alignment or inference.",,
room06_A3_r1_event26_inferred,inferred_rir,Small clubroom,A3,,1,runs/e6_phone_raw_cache/raw_v1_seed42001_batch224.npy,1,32bea807f964b6cf582a562d650dd60f6dfd4aa8c5fd56f81ab35167653803bf,audio/inferred_rirs/small_clubroom/A3_r1.wav,44100,1.0,False,False,all normal protocol events; existing selected_for_demo flag retained,runs/matched_reg_1s/hybrid_shoebox_mit_but_ace_1000ms_full_c1_vm_seed42001/model_updates20000.pt,fa83b4108777231ef557379e8f7478aea1ab63f3e95449382edeaf85442d87fc,0.7985292673110962,0.9541832336214404,83a4bf5e4f51c1d310ab61f484edda7609fd9d1f93bf5672c8932479cf0f6b61,False,34.86204066348858,44100,website-only extension,user-authorized project example; no separate dataset license asserted,"One-second model interval; input zero padding beyond valid support is preserved. IEEE float WAV; independent -1 dBFS playback-only gain; no additional filtering, denoising, alignment or inference.",,
room06_A3_r2_event27_recorded,phone_recording,Small clubroom,A3,,2,reports/phone_clap_demo/results/segments/m4a/room06_ClubroomSmall_m4a_ev27_A3_r2.wav,,eabbe84e3a4e048d904af6636a059c49b0740e66cd3c6e943e4a382f8c9c1c6c,audio/phone_recordings/small_clubroom/A3_r2.wav,44100,1.0,False,True,all normal protocol events; existing selected_for_demo flag retained,runs/matched_reg_1s/hybrid_shoebox_mit_but_ace_1000ms_full_c1_vm_seed42001/model_updates20000.pt,fa83b4108777231ef557379e8f7478aea1ab63f3e95449382edeaf85442d87fc,0.9391210675239563,-0.45443166573366955,38c74985dde68ad84c616b1d2df52a4aa7361b044816bcd4956846cd96d620e0,False,35.76693793697671,44100,website-only extension,user-authorized project example; no separate dataset license asserted,"One-second model interval; input zero padding beyond valid support is preserved. IEEE float WAV; independent -1 dBFS playback-only gain; no additional filtering, denoising, alignment or inference.",,
room06_A3_r2_event27_inferred,inferred_rir,Small clubroom,A3,,2,runs/e6_phone_raw_cache/raw_v1_seed42001_batch224.npy,2,32bea807f964b6cf582a562d650dd60f6dfd4aa8c5fd56f81ab35167653803bf,audio/inferred_rirs/small_clubroom/A3_r2.wav,44100,1.0,False,True,all normal protocol events; existing selected_for_demo flag retained,runs/matched_reg_1s/hybrid_shoebox_mit_but_ace_1000ms_full_c1_vm_seed42001/model_updates20000.pt,fa83b4108777231ef557379e8f7478aea1ab63f3e95449382edeaf85442d87fc,0.5452035069465637,4.268827185777269,3a354ad05c40e13d48d6a6d3f5e0aea8b03ca0df0a7c2e52b67d5a8308d171c6,False,35.76693793697671,44100,website-only extension,user-authorized project example; no separate dataset license asserted,"One-second model interval; input zero padding beyond valid support is preserved. IEEE float WAV; independent -1 dBFS playback-only gain; no additional filtering, denoising, alignment or inference.",,
room06_A3_r3_event28_recorded,phone_recording,Small clubroom,A3,,3,reports/phone_clap_demo/results/segments/m4a/room06_ClubroomSmall_m4a_ev28_A3_r3.wav,,57a8cb19e21d7268211a6e2c804bb7dc1310405a6961390551a85eefbe865306,audio/phone_recordings/small_clubroom/A3_r3.wav,44100,1.0,False,False,all normal protocol events; existing selected_for_demo flag retained,runs/matched_reg_1s/hybrid_shoebox_mit_but_ace_1000ms_full_c1_vm_seed42001/model_updates20000.pt,fa83b4108777231ef557379e8f7478aea1ab63f3e95449382edeaf85442d87fc,0.8845077753067017,0.06596690103307067,805fd93d129727b1dd234e663b9ca590fee3a60d3c947132faf76d64268ab3fe,False,33.838364278743086,44100,website-only extension,user-authorized project example; no separate dataset license asserted,"One-second model interval; input zero padding beyond valid support is preserved. IEEE float WAV; independent -1 dBFS playback-only gain; no additional filtering, denoising, alignment or inference.",,
room06_A3_r3_event28_inferred,inferred_rir,Small clubroom,A3,,3,runs/e6_phone_raw_cache/raw_v1_seed42001_batch224.npy,3,32bea807f964b6cf582a562d650dd60f6dfd4aa8c5fd56f81ab35167653803bf,audio/inferred_rirs/small_clubroom/A3_r3.wav,44100,1.0,False,False,all normal protocol events; existing selected_for_demo flag retained,runs/matched_reg_1s/hybrid_shoebox_mit_but_ace_1000ms_full_c1_vm_seed42001/model_updates20000.pt,fa83b4108777231ef557379e8f7478aea1ab63f3e95449382edeaf85442d87fc,0.7563940286636353,1.4250381668379284,9198be8a0623a5766d824ecd145e40ae622676ee446941b610a9c7939f844737,False,33.838364278743086,44100,website-only extension,user-authorized project example; no separate dataset license asserted,"One-second model interval; input zero padding beyond valid support is preserved. IEEE float WAV; independent -1 dBFS playback-only gain; no additional filtering, denoising, alignment or inference.",,
room06_A3_r4_event29_recorded,phone_recording,Small clubroom,A3,,4,reports/phone_clap_demo/results/segments/m4a/room06_ClubroomSmall_m4a_ev29_A3_r4.wav,,d3656d76be3b7fce7679df91a9f62d29d3f2408848e2f81549a4ce1a26c9434b,audio/phone_recordings/small_clubroom/A3_r4.wav,44100,1.0,False,False,all normal protocol events; existing selected_for_demo flag retained,runs/matched_reg_1s/hybrid_shoebox_mit_but_ace_1000ms_full_c1_vm_seed42001/model_updates20000.pt,fa83b4108777231ef557379e8f7478aea1ab63f3e95449382edeaf85442d87fc,0.9058677554130554,-0.1412960222691583,357c3a01691dfb8d17f664774df0920fb26e136232de726cff147b4f8a5ded83,False,35.263169099740416,44100,website-only extension,user-authorized project example; no separate dataset license asserted,"One-second model interval; input zero padding beyond valid support is preserved. IEEE float WAV; independent -1 dBFS playback-only gain; no additional filtering, denoising, alignment or inference.",,
room06_A3_r4_event29_inferred,inferred_rir,Small clubroom,A3,,4,runs/e6_phone_raw_cache/raw_v1_seed42001_batch224.npy,4,32bea807f964b6cf582a562d650dd60f6dfd4aa8c5fd56f81ab35167653803bf,audio/inferred_rirs/small_clubroom/A3_r4.wav,44100,1.0,False,False,all normal protocol events; existing selected_for_demo flag retained,runs/matched_reg_1s/hybrid_shoebox_mit_but_ace_1000ms_full_c1_vm_seed42001/model_updates20000.pt,fa83b4108777231ef557379e8f7478aea1ab63f3e95449382edeaf85442d87fc,0.746069610118866,1.5444129979960182,51ba3a9c726be35e753994d2dafd333e200c3dbd419907072148504df91f1dc1,False,35.263169099740416,44100,website-only extension,user-authorized project example; no separate dataset license asserted,"One-second model interval; input zero padding beyond valid support is preserved. IEEE float WAV; independent -1 dBFS playback-only gain; no additional filtering, denoising, alignment or inference.",,
room06_A3_r5_event30_recorded,phone_recording,Small clubroom,A3,,5,reports/phone_clap_demo/results/segments/m4a/room06_ClubroomSmall_m4a_ev30_A3_r5.wav,,804847fb396e803d3e085e4cbe6c6f09f9a5505662463fc9c633bd1b8a6dd8d4,audio/phone_recordings/small_clubroom/A3_r5.wav,44100,1.0,False,False,all normal protocol events; existing selected_for_demo flag retained,runs/matched_reg_1s/hybrid_shoebox_mit_but_ace_1000ms_full_c1_vm_seed42001/model_updates20000.pt,fa83b4108777231ef557379e8f7478aea1ab63f3e95449382edeaf85442d87fc,0.8843163251876831,0.06784714973729995,b4042fd0211df8eb758783cae1b5667f87cb8283944b62af7a6bcf413047b0fb,False,34.75547421962143,44100,website-only extension,user-authorized project example; no separate dataset license asserted,"One-second model interval; input zero padding beyond valid support is preserved. IEEE float WAV; independent -1 dBFS playback-only gain; no additional filtering, denoising, alignment or inference.",,
room06_A3_r5_event30_inferred,inferred_rir,Small clubroom,A3,,5,runs/e6_phone_raw_cache/raw_v1_seed42001_batch224.npy,5,32bea807f964b6cf582a562d650dd60f6dfd4aa8c5fd56f81ab35167653803bf,audio/inferred_rirs/small_clubroom/A3_r5.wav,44100,1.0,False,False,all normal protocol events; existing selected_for_demo flag retained,runs/matched_reg_1s/hybrid_shoebox_mit_but_ace_1000ms_full_c1_vm_seed42001/model_updates20000.pt,fa83b4108777231ef557379e8f7478aea1ab63f3e95449382edeaf85442d87fc,0.7586421370506287,1.3992607812975877,ff2767e2482a80d86fa9be11aeb2299f93c5115a04f49d34be713a6870be359c,False,34.75547421962143,44100,website-only extension,user-authorized project example; no separate dataset license asserted,"One-second model interval; input zero padding beyond valid support is preserved. IEEE float WAV; independent -1 dBFS playback-only gain; no additional filtering, denoising, alignment or inference.",,
room06_A1minus_r1_event31_recorded,phone_recording,Small clubroom,A1-,,1,reports/phone_clap_demo/results/segments/m4a/room06_ClubroomSmall_m4a_ev31_A1m_r1.wav,,92177a9ea3ddce642609ba3a84a85baf6d7a993f9033518acf00c126c9acfedc,audio/phone_recordings/small_clubroom/A1minus_r1.wav,44100,1.0,False,True,all normal protocol events; existing selected_for_demo flag retained,runs/matched_reg_1s/hybrid_shoebox_mit_but_ace_1000ms_full_c1_vm_seed42001/model_updates20000.pt,fa83b4108777231ef557379e8f7478aea1ab63f3e95449382edeaf85442d87fc,0.9076587557792664,-0.1584520290703764,54d4e84229b1dae54bbbb23824c39d5631c49ad4c6fde4051caa782d68a2ab47,False,36.75252115443234,44100,website-only extension,user-authorized project example; no separate dataset license asserted,"One-second model interval; input zero padding beyond valid support is preserved. IEEE float WAV; independent -1 dBFS playback-only gain; no additional filtering, denoising, alignment or inference.",,
room06_A1minus_r1_event31_inferred,inferred_rir,Small clubroom,A1-,,1,runs/e6_phone_raw_cache/raw_v1_seed42001_batch224.npy,6,32bea807f964b6cf582a562d650dd60f6dfd4aa8c5fd56f81ab35167653803bf,audio/inferred_rirs/small_clubroom/A1minus_r1.wav,44100,1.0,False,True,all normal protocol events; existing selected_for_demo flag retained,runs/matched_reg_1s/hybrid_shoebox_mit_but_ace_1000ms_full_c1_vm_seed42001/model_updates20000.pt,fa83b4108777231ef557379e8f7478aea1ab63f3e95449382edeaf85442d87fc,0.502018928527832,4.985598151115199,8d9e6c8f71eb2f8bd9afb4af52472201f0550b5c0160e5aaf83cac85e44e701d,False,36.75252115443234,44100,website-only extension,user-authorized project example; no separate dataset license asserted,"One-second model interval; input zero padding beyond valid support is preserved. IEEE float WAV; independent -1 dBFS playback-only gain; no additional filtering, denoising, alignment or inference.",,
room06_A1minus_r2_event32_recorded,phone_recording,Small clubroom,A1-,,2,reports/phone_clap_demo/results/segments/m4a/room06_ClubroomSmall_m4a_ev32_A1m_r2.wav,,a8e40440d4ea06b9da05747847020941f94007ec9dfe3432b1d43d020a2d6b80,audio/phone_recordings/small_clubroom/A1minus_r2.wav,44100,1.0,False,False,all normal protocol events; existing selected_for_demo flag retained,runs/matched_reg_1s/hybrid_shoebox_mit_but_ace_1000ms_full_c1_vm_seed42001/model_updates20000.pt,fa83b4108777231ef557379e8f7478aea1ab63f3e95449382edeaf85442d87fc,0.9011250734329224,-0.09570147844786851,6cc00cb87954a207c30b1230f6c73695625597d9734112f8aec000041a817631,False,34.041235176199486,44100,website-only extension,user-authorized project example; no separate dataset license asserted,"One-second model interval; input zero padding beyond valid support is preserved. IEEE float WAV; independent -1 dBFS playback-only gain; no additional filtering, denoising, alignment or inference.",,
room06_A1minus_r2_event32_inferred,inferred_rir,Small clubroom,A1-,,2,runs/e6_phone_raw_cache/raw_v1_seed42001_batch224.npy,7,32bea807f964b6cf582a562d650dd60f6dfd4aa8c5fd56f81ab35167653803bf,audio/inferred_rirs/small_clubroom/A1minus_r2.wav,44100,1.0,False,False,all normal protocol events; existing selected_for_demo flag retained,runs/matched_reg_1s/hybrid_shoebox_mit_but_ace_1000ms_full_c1_vm_seed42001/model_updates20000.pt,fa83b4108777231ef557379e8f7478aea1ab63f3e95449382edeaf85442d87fc,0.5482282042503357,4.22077250853892,0ad12af18f9f1de6351329ae5ea71f3d9894fb306b9c72a65092d92e2d395269,False,34.041235176199486,44100,website-only extension,user-authorized project example; no separate dataset license asserted,"One-second model interval; input zero padding beyond valid support is preserved. IEEE float WAV; independent -1 dBFS playback-only gain; no additional filtering, denoising, alignment or inference.",,
room06_A1minus_r3_event33_recorded,phone_recording,Small clubroom,A1-,,3,reports/phone_clap_demo/results/segments/m4a/room06_ClubroomSmall_m4a_ev33_A1m_r3.wav,,51a851744a25eddf2fcfbdba899702eace20f92181e85f5a07784bc4b728595b,audio/phone_recordings/small_clubroom/A1minus_r3.wav,44100,1.0,False,False,all normal protocol events; existing selected_for_demo flag retained,runs/matched_reg_1s/hybrid_shoebox_mit_but_ace_1000ms_full_c1_vm_seed42001/model_updates20000.pt,fa83b4108777231ef557379e8f7478aea1ab63f3e95449382edeaf85442d87fc,0.8902674913406372,0.00958969723379142,13bbf31b25f773d9660eb5615616b9f89720df554af03f21e0ff83ffd0b92e01,False,32.713091298378465,44100,website-only extension,user-authorized project example; no separate dataset license asserted,"One-second model interval; input zero padding beyond valid support is preserved. IEEE float WAV; independent -1 dBFS playback-only gain; no additional filtering, denoising, alignment or inference.",,
room06_A1minus_r3_event33_inferred,inferred_rir,Small clubroom,A1-,,3,runs/e6_phone_raw_cache/raw_v1_seed42001_batch232.npy,0,3cc0edc57fc97e5060c60b78a8cefd595c5b9297a8f360fbd3f1e96e79a4a4bd,audio/inferred_rirs/small_clubroom/A1minus_r3.wav,44100,1.0,False,False,all normal protocol events; existing selected_for_demo flag retained,runs/matched_reg_1s/hybrid_shoebox_mit_but_ace_1000ms_full_c1_vm_seed42001/model_updates20000.pt,fa83b4108777231ef557379e8f7478aea1ab63f3e95449382edeaf85442d87fc,0.5868048071861267,3.6301267402745947,265100875796706aaf8ea256e37dd96febc5f85c135a4ed61e6e67cc31f97470,False,32.713091298378465,44100,website-only extension,user-authorized project example; no separate dataset license asserted,"One-second model interval; input zero padding beyond valid support is preserved. IEEE float WAV; independent -1 dBFS playback-only gain; no additional filtering, denoising, alignment or inference.",,
room06_A1minus_r4_event34_recorded,phone_recording,Small clubroom,A1-,,4,reports/phone_clap_demo/results/segments/m4a/room06_ClubroomSmall_m4a_ev34_A1m_r4.wav,,24dee18c1a4ca140833325a25d1c5fa350ffe1c2b38ed0bd8bd2c6e81741aaff,audio/phone_recordings/small_clubroom/A1minus_r4.wav,44100,1.0,False,False,all normal protocol events; existing selected_for_demo flag retained,runs/matched_reg_1s/hybrid_shoebox_mit_but_ace_1000ms_full_c1_vm_seed42001/model_updates20000.pt,fa83b4108777231ef557379e8f7478aea1ab63f3e95449382edeaf85442d87fc,0.8709486126899719,0.20014936559983548,1f30079bf6946d113edd68013a3f6c3e3c0f617c4d6deaf35469314bdc57796a,False,36.06925769176782,43243,website-only extension,user-authorized project example; no separate dataset license asserted,"One-second model interval; input zero padding beyond valid support is preserved. IEEE float WAV; independent -1 dBFS playback-only gain; no additional filtering, denoising, alignment or inference.",,
room06_A1minus_r4_event34_inferred,inferred_rir,Small clubroom,A1-,,4,runs/e6_phone_raw_cache/raw_v1_seed42001_batch232.npy,1,3cc0edc57fc97e5060c60b78a8cefd595c5b9297a8f360fbd3f1e96e79a4a4bd,audio/inferred_rirs/small_clubroom/A1minus_r4.wav,44100,1.0,False,False,all normal protocol events; existing selected_for_demo flag retained,runs/matched_reg_1s/hybrid_shoebox_mit_but_ace_1000ms_full_c1_vm_seed42001/model_updates20000.pt,fa83b4108777231ef557379e8f7478aea1ab63f3e95449382edeaf85442d87fc,0.5945928692817688,3.5156060684524073,70a73058bd79de59a1b083aed783de4c71504ba2aa410f9119a7e6ec22328916,False,36.06925769176782,43243,website-only extension,user-authorized project example; no separate dataset license asserted,"One-second model interval; input zero padding beyond valid support is preserved. IEEE float WAV; independent -1 dBFS playback-only gain; no additional filtering, denoising, alignment or inference.",,
room06_A1minus_r5_event35_recorded,phone_recording,Small clubroom,A1-,,5,reports/phone_clap_demo/results/segments/m4a/room06_ClubroomSmall_m4a_ev35_A1m_r5.wav,,4e187cfa18bf10c7079eb16ddfcb91b64f8503556e66d126d30e1d624ab05927,audio/phone_recordings/small_clubroom/A1minus_r5.wav,44100,1.0,False,False,all normal protocol events; existing selected_for_demo flag retained,runs/matched_reg_1s/hybrid_shoebox_mit_but_ace_1000ms_full_c1_vm_seed42001/model_updates20000.pt,fa83b4108777231ef557379e8f7478aea1ab63f3e95449382edeaf85442d87fc,0.8456475734710693,0.4562118594525044,6845d0348112ba1b77fd95a7efee168c4bb6339ac0ffd1e101e6cc7a39997710,False,36.190095429047226,44100,website-only extension,user-authorized project example; no separate dataset license asserted,"One-second model interval; input zero padding beyond valid support is preserved. IEEE float WAV; independent -1 dBFS playback-only gain; no additional filtering, denoising, alignment or inference.",,
room06_A1minus_r5_event35_inferred,inferred_rir,Small clubroom,A1-,,5,runs/e6_phone_raw_cache/raw_v1_seed42001_batch232.npy,2,3cc0edc57fc97e5060c60b78a8cefd595c5b9297a8f360fbd3f1e96e79a4a4bd,audio/inferred_rirs/small_clubroom/A1minus_r5.wav,44100,1.0,False,False,all normal protocol events; existing selected_for_demo flag retained,runs/matched_reg_1s/hybrid_shoebox_mit_but_ace_1000ms_full_c1_vm_seed42001/model_updates20000.pt,fa83b4108777231ef557379e8f7478aea1ab63f3e95449382edeaf85442d87fc,0.6898735165596008,2.224610535849702,4bed9dcd11ce04df8a8996e2f900173c794127990d16c166cc21ff262d5e061f,False,36.190095429047226,44100,website-only extension,user-authorized project example; no separate dataset license asserted,"One-second model interval; input zero padding beyond valid support is preserved. IEEE float WAV; independent -1 dBFS playback-only gain; no additional filtering, denoising, alignment or inference.",,
room06_A1plus_r1_event36_recorded,phone_recording,Small clubroom,A1+,,1,reports/phone_clap_demo/results/segments/m4a/room06_ClubroomSmall_m4a_ev36_A1p_r1.wav,,c69d6bf69ed79bddee2f2bad8d6aecd9097da7806a58621e30c26352e0443d38,audio/phone_recordings/small_clubroom/A1plus_r1.wav,44100,1.0,False,False,all normal protocol events; existing selected_for_demo flag retained,runs/matched_reg_1s/hybrid_shoebox_mit_but_ace_1000ms_full_c1_vm_seed42001/model_updates20000.pt,fa83b4108777231ef557379e8f7478aea1ab63f3e95449382edeaf85442d87fc,0.9019160270690918,-0.10332208835118498,0c155f262f91ad1899f5544e1ac8a4dd2d40da56aa6ac54f9aee9b9c149db54f,False,36.51624982172524,44100,website-only extension,user-authorized project example; no separate dataset license asserted,"One-second model interval; input zero padding beyond valid support is preserved. IEEE float WAV; independent -1 dBFS playback-only gain; no additional filtering, denoising, alignment or inference.",,
room06_A1plus_r1_event36_inferred,inferred_rir,Small clubroom,A1+,,1,runs/e6_phone_raw_cache/raw_v1_seed42001_batch232.npy,3,3cc0edc57fc97e5060c60b78a8cefd595c5b9297a8f360fbd3f1e96e79a4a4bd,audio/inferred_rirs/small_clubroom/A1plus_r1.wav,44100,1.0,False,False,all normal protocol events; existing selected_for_demo flag retained,runs/matched_reg_1s/hybrid_shoebox_mit_but_ace_1000ms_full_c1_vm_seed42001/model_updates20000.pt,fa83b4108777231ef557379e8f7478aea1ab63f3e95449382edeaf85442d87fc,0.5829272270202637,3.687713188738637,ec85265978785e11e762fe6acf07530ac9a3560bc6acae15803ae62f46561707,False,36.51624982172524,44100,website-only extension,user-authorized project example; no separate dataset license asserted,"One-second model interval; input zero padding beyond valid support is preserved. IEEE float WAV; independent -1 dBFS playback-only gain; no additional filtering, denoising, alignment or inference.",,
room06_A1plus_r2_event37_recorded,phone_recording,Small clubroom,A1+,,2,reports/phone_clap_demo/results/segments/m4a/room06_ClubroomSmall_m4a_ev37_A1p_r2.wav,,d0d300eeb54f22b8a113ec67e5bed25947553d0fbbfb95565aa147aff1d57143,audio/phone_recordings/small_clubroom/A1plus_r2.wav,44100,1.0,False,False,all normal protocol events; existing selected_for_demo flag retained,runs/matched_reg_1s/hybrid_shoebox_mit_but_ace_1000ms_full_c1_vm_seed42001/model_updates20000.pt,fa83b4108777231ef557379e8f7478aea1ab63f3e95449382edeaf85442d87fc,1.0033444166183472,-1.0290007653162592,f60b679c90d3011ad66a4d3a972c47429f8951ce04fa28073b30810094f72694,True,36.76613329246581,44100,website-only extension,user-authorized project example; no separate dataset license asserted,"One-second model interval; input zero padding beyond valid support is preserved. IEEE float WAV; independent -1 dBFS playback-only gain; no additional filtering, denoising, alignment or inference.",,
room06_A1plus_r2_event37_inferred,inferred_rir,Small clubroom,A1+,,2,runs/e6_phone_raw_cache/raw_v1_seed42001_batch232.npy,4,3cc0edc57fc97e5060c60b78a8cefd595c5b9297a8f360fbd3f1e96e79a4a4bd,audio/inferred_rirs/small_clubroom/A1plus_r2.wav,44100,1.0,False,False,all normal protocol events; existing selected_for_demo flag retained,runs/matched_reg_1s/hybrid_shoebox_mit_but_ace_1000ms_full_c1_vm_seed42001/model_updates20000.pt,fa83b4108777231ef557379e8f7478aea1ab63f3e95449382edeaf85442d87fc,0.4065951406955719,6.816756320241439,b6340fbf69f9e0e68b8a407141f2c32b4a1013b3cb4bd95f015afac5959643db,True,36.76613329246581,44100,website-only extension,user-authorized project example; no separate dataset license asserted,"One-second model interval; input zero padding beyond valid support is preserved. IEEE float WAV; independent -1 dBFS playback-only gain; no additional filtering, denoising, alignment or inference.",,
room06_A1plus_r3_event38_recorded,phone_recording,Small clubroom,A1+,,3,reports/phone_clap_demo/results/segments/m4a/room06_ClubroomSmall_m4a_ev38_A1p_r3.wav,,05d9400f1a5039c932d8529e708e54ac57e0c671fbd7cb65dac850ecc4e88d19,audio/phone_recordings/small_clubroom/A1plus_r3.wav,44100,1.0,False,True,all normal protocol events; existing selected_for_demo flag retained,runs/matched_reg_1s/hybrid_shoebox_mit_but_ace_1000ms_full_c1_vm_seed42001/model_updates20000.pt,fa83b4108777231ef557379e8f7478aea1ab63f3e95449382edeaf85442d87fc,0.9229525327682495,-0.30358731874321526,5839961788cfc079e36c09e25b3e8b279aa3ed1835dde863da5d551f80c673f5,False,37.80196022327934,44100,website-only extension,user-authorized project example; no separate dataset license asserted,"One-second model interval; input zero padding beyond valid support is preserved. IEEE float WAV; independent -1 dBFS playback-only gain; no additional filtering, denoising, alignment or inference.",,
room06_A1plus_r3_event38_inferred,inferred_rir,Small clubroom,A1+,,3,runs/e6_phone_raw_cache/raw_v1_seed42001_batch232.npy,5,3cc0edc57fc97e5060c60b78a8cefd595c5b9297a8f360fbd3f1e96e79a4a4bd,audio/inferred_rirs/small_clubroom/A1plus_r3.wav,44100,1.0,False,True,all normal protocol events; existing selected_for_demo flag retained,runs/matched_reg_1s/hybrid_shoebox_mit_but_ace_1000ms_full_c1_vm_seed42001/model_updates20000.pt,fa83b4108777231ef557379e8f7478aea1ab63f3e95449382edeaf85442d87fc,0.5864412784576416,3.635509362992153,13123e4b9ec2072ef1fb92dc00066b10c9e9a64ca71afb7b51e3affc525234d3,False,37.80196022327934,44100,website-only extension,user-authorized project example; no separate dataset license asserted,"One-second model interval; input zero padding beyond valid support is preserved. IEEE float WAV; independent -1 dBFS playback-only gain; no additional filtering, denoising, alignment or inference.",,
room06_A1plus_r4_event39_recorded,phone_recording,Small clubroom,A1+,,4,reports/phone_clap_demo/results/segments/m4a/room06_ClubroomSmall_m4a_ev39_A1p_r4.wav,,38b25cd639328ffb5b26a7513c0fca179b7324e93ce4105ec8b7d751c62d475a,audio/phone_recordings/small_clubroom/A1plus_r4.wav,44100,1.0,False,False,all normal protocol events; existing selected_for_demo flag retained,runs/matched_reg_1s/hybrid_shoebox_mit_but_ace_1000ms_full_c1_vm_seed42001/model_updates20000.pt,fa83b4108777231ef557379e8f7478aea1ab63f3e95449382edeaf85442d87fc,0.9175479412078857,-0.2525753017108871,d6bfce8a485738a6e81e2a76767c8ac469a40d024933a6014cc81303f13c751d,False,37.30559990923666,44100,website-only extension,user-authorized project example; no separate dataset license asserted,"One-second model interval; input zero padding beyond valid support is preserved. IEEE float WAV; independent -1 dBFS playback-only gain; no additional filtering, denoising, alignment or inference.",,
room06_A1plus_r4_event39_inferred,inferred_rir,Small clubroom,A1+,,4,runs/e6_phone_raw_cache/raw_v1_seed42001_batch232.npy,6,3cc0edc57fc97e5060c60b78a8cefd595c5b9297a8f360fbd3f1e96e79a4a4bd,audio/inferred_rirs/small_clubroom/A1plus_r4.wav,44100,1.0,False,False,all normal protocol events; existing selected_for_demo flag retained,runs/matched_reg_1s/hybrid_shoebox_mit_but_ace_1000ms_full_c1_vm_seed42001/model_updates20000.pt,fa83b4108777231ef557379e8f7478aea1ab63f3e95449382edeaf85442d87fc,0.5828555822372437,3.688780795284722,a41ac0f91dbf36bd36d4aaf14b65ce12460f486e81200efd9264127f71927211,False,37.30559990923666,44100,website-only extension,user-authorized project example; no separate dataset license asserted,"One-second model interval; input zero padding beyond valid support is preserved. IEEE float WAV; independent -1 dBFS playback-only gain; no additional filtering, denoising, alignment or inference.",,
room06_A1plus_r5_event40_recorded,phone_recording,Small clubroom,A1+,,5,reports/phone_clap_demo/results/segments/m4a/room06_ClubroomSmall_m4a_ev40_A1p_r5.wav,,3b0b664f38ff68a86c6494aefcf2c350e35e4090748cfb87403425b4f4b12f61,audio/phone_recordings/small_clubroom/A1plus_r5.wav,44100,1.0,False,False,all normal protocol events; existing selected_for_demo flag retained,runs/matched_reg_1s/hybrid_shoebox_mit_but_ace_1000ms_full_c1_vm_seed42001/model_updates20000.pt,fa83b4108777231ef557379e8f7478aea1ab63f3e95449382edeaf85442d87fc,0.9223501682281494,-0.2979166262327597,88e5290152775bf54dbf28b0850fd64358cd93c38190ba48e9210f39b55f3a2c,False,36.889863985388956,44100,website-only extension,user-authorized project example; no separate dataset license asserted,"One-second model interval; input zero padding beyond valid support is preserved. IEEE float WAV; independent -1 dBFS playback-only gain; no additional filtering, denoising, alignment or inference.",,
room06_A1plus_r5_event40_inferred,inferred_rir,Small clubroom,A1+,,5,runs/e6_phone_raw_cache/raw_v1_seed42001_batch232.npy,7,3cc0edc57fc97e5060c60b78a8cefd595c5b9297a8f360fbd3f1e96e79a4a4bd,audio/inferred_rirs/small_clubroom/A1plus_r5.wav,44100,1.0,False,False,all normal protocol events; existing selected_for_demo flag retained,runs/matched_reg_1s/hybrid_shoebox_mit_but_ace_1000ms_full_c1_vm_seed42001/model_updates20000.pt,fa83b4108777231ef557379e8f7478aea1ab63f3e95449382edeaf85442d87fc,0.5717421174049377,3.8559962857539665,60976ad70816094d2b01df468ae7750b0e80bd44c0e64bba73871005411d8d4f,False,36.889863985388956,44100,website-only extension,user-authorized project example; no separate dataset license asserted,"One-second model interval; input zero padding beyond valid support is preserved. IEEE float WAV; independent -1 dBFS playback-only gain; no additional filtering, denoising, alignment or inference.",,
room07_P1_r1_event01_recorded,phone_recording,Elevator,P1,,1,reports/phone_clap_demo/results/segments/m4a/room07_Elevator_m4a_ev01_P1_r1.wav,,e746f3f8ea4784aa73dde54d665ae416dfd3f0a66b94f58879818e0fc25f05fb,audio/phone_recordings/elevator/P1_r1.wav,44100,1.0,False,False,all normal protocol events; existing selected_for_demo flag retained,runs/matched_reg_1s/hybrid_shoebox_mit_but_ace_1000ms_full_c1_vm_seed42001/model_updates20000.pt,fa83b4108777231ef557379e8f7478aea1ab63f3e95449382edeaf85442d87fc,0.9224749803543091,-0.2990919184882913,d3f45facade825f36c8c95e412e4ef7e704fa60095713d05a1c6a1b4be2f16cb,False,37.39039824768403,44100,website-only extension,user-authorized project example; no separate dataset license asserted,"One-second model interval; input zero padding beyond valid support is preserved. IEEE float WAV; independent -1 dBFS playback-only gain; no additional filtering, denoising, alignment or inference.",,
room07_P1_r1_event01_inferred,inferred_rir,Elevator,P1,,1,runs/e6_phone_raw_cache/raw_v1_seed42001_batch240.npy,0,7ae4269c9a3c56c951e52c7971f5cd61dcd5acea95c6f82cd08706a21276a969,audio/inferred_rirs/elevator/P1_r1.wav,44100,1.0,False,False,all normal protocol events; existing selected_for_demo flag retained,runs/matched_reg_1s/hybrid_shoebox_mit_but_ace_1000ms_full_c1_vm_seed42001/model_updates20000.pt,fa83b4108777231ef557379e8f7478aea1ab63f3e95449382edeaf85442d87fc,0.8052983283996582,0.8808640478933656,810aa07911b37ba5facc8f669c2e537d2b684aa08a16ad8f7fc92bf460dcbb1d,False,37.39039824768403,44100,website-only extension,user-authorized project example; no separate dataset license asserted,"One-second model interval; input zero padding beyond valid support is preserved. IEEE float WAV; independent -1 dBFS playback-only gain; no additional filtering, denoising, alignment or inference.",,
room07_P1_r2_event02_recorded,phone_recording,Elevator,P1,,2,reports/phone_clap_demo/results/segments/m4a/room07_Elevator_m4a_ev02_P1_r2.wav,,96e461d0ff3278400410e569c26857b4660a2c348dea7226261786ec2bd4df33,audio/phone_recordings/elevator/P1_r2.wav,44100,1.0,False,False,all normal protocol events; existing selected_for_demo flag retained,runs/matched_reg_1s/hybrid_shoebox_mit_but_ace_1000ms_full_c1_vm_seed42001/model_updates20000.pt,fa83b4108777231ef557379e8f7478aea1ab63f3e95449382edeaf85442d87fc,0.9187818765640259,-0.2642483985950539,c912407a2a1c077d5fa4431eeb8853bb76fcd20178258997cea22436fa20f048,False,39.85949359180898,44100,website-only extension,user-authorized project example; no separate dataset license asserted,"One-second model interval; input zero padding beyond valid support is preserved. IEEE float WAV; independent -1 dBFS playback-only gain; no additional filtering, denoising, alignment or inference.",,
room07_P1_r2_event02_inferred,inferred_rir,Elevator,P1,,2,runs/e6_phone_raw_cache/raw_v1_seed42001_batch240.npy,1,7ae4269c9a3c56c951e52c7971f5cd61dcd5acea95c6f82cd08706a21276a969,audio/inferred_rirs/elevator/P1_r2.wav,44100,1.0,False,False,all normal protocol events; existing selected_for_demo flag retained,runs/matched_reg_1s/hybrid_shoebox_mit_but_ace_1000ms_full_c1_vm_seed42001/model_updates20000.pt,fa83b4108777231ef557379e8f7478aea1ab63f3e95449382edeaf85442d87fc,0.42872679233551025,6.356387507306072,7cb1c0f9b147a0a2bc8a31a8b1144b4daed099a5721f06216d799edca654d60e,False,39.85949359180898,44100,website-only extension,user-authorized project example; no separate dataset license asserted,"One-second model interval; input zero padding beyond valid support is preserved. IEEE float WAV; independent -1 dBFS playback-only gain; no additional filtering, denoising, alignment or inference.",,
room07_P1_r3_event03_recorded,phone_recording,Elevator,P1,,3,reports/phone_clap_demo/results/segments/m4a/room07_Elevator_m4a_ev03_P1_r3.wav,,95eb1b50934b2f884731aec6327ad2b7857cae130fc403a70cfd3e622f3a0caf,audio/phone_recordings/elevator/P1_r3.wav,44100,1.0,False,False,all normal protocol events; existing selected_for_demo flag retained,runs/matched_reg_1s/hybrid_shoebox_mit_but_ace_1000ms_full_c1_vm_seed42001/model_updates20000.pt,fa83b4108777231ef557379e8f7478aea1ab63f3e95449382edeaf85442d87fc,0.8856057524681091,0.05519142305091586,516c4aaf6737f46636c4e47d78781044d749ecb6a4e788cb3aed93581dfbe436,False,37.388204917541415,44100,website-only extension,user-authorized project example; no separate dataset license asserted,"One-second model interval; input zero padding beyond valid support is preserved. IEEE float WAV; independent -1 dBFS playback-only gain; no additional filtering, denoising, alignment or inference.",,
room07_P1_r3_event03_inferred,inferred_rir,Elevator,P1,,3,runs/e6_phone_raw_cache/raw_v1_seed42001_batch240.npy,2,7ae4269c9a3c56c951e52c7971f5cd61dcd5acea95c6f82cd08706a21276a969,audio/inferred_rirs/elevator/P1_r3.wav,44100,1.0,False,False,all normal protocol events; existing selected_for_demo flag retained,runs/matched_reg_1s/hybrid_shoebox_mit_but_ace_1000ms_full_c1_vm_seed42001/model_updates20000.pt,fa83b4108777231ef557379e8f7478aea1ab63f3e95449382edeaf85442d87fc,0.3287517726421356,8.66263793526821,8db0d31e63edc99e7c85244808c47ca5a7ee451e8f6ca51ec9c63aeac00e0692,False,37.388204917541415,44100,website-only extension,user-authorized project example; no separate dataset license asserted,"One-second model interval; input zero padding beyond valid support is preserved. IEEE float WAV; independent -1 dBFS playback-only gain; no additional filtering, denoising, alignment or inference.",,
room07_P1_r4_event04_recorded,phone_recording,Elevator,P1,,4,reports/phone_clap_demo/results/segments/m4a/room07_Elevator_m4a_ev04_P1_r4.wav,,7e326d9a04975e31cfc9e122c9b393c34912455f2e782a8574978660f3ed18a3,audio/phone_recordings/elevator/P1_r4.wav,44100,1.0,False,False,all normal protocol events; existing selected_for_demo flag retained,runs/matched_reg_1s/hybrid_shoebox_mit_but_ace_1000ms_full_c1_vm_seed42001/model_updates20000.pt,fa83b4108777231ef557379e8f7478aea1ab63f3e95449382edeaf85442d87fc,0.8964503407478333,-0.05052473269844809,5a79cbbea7d524645a4713f12cb472cf732cef3f61b17a7e3beb8340802ad5d7,False,41.49147934864011,44100,website-only extension,user-authorized project example; no separate dataset license asserted,"One-second model interval; input zero padding beyond valid support is preserved. IEEE float WAV; independent -1 dBFS playback-only gain; no additional filtering, denoising, alignment or inference.",,
room07_P1_r4_event04_inferred,inferred_rir,Elevator,P1,,4,runs/e6_phone_raw_cache/raw_v1_seed42001_batch240.npy,3,7ae4269c9a3c56c951e52c7971f5cd61dcd5acea95c6f82cd08706a21276a969,audio/inferred_rirs/elevator/P1_r4.wav,44100,1.0,False,False,all normal protocol events; existing selected_for_demo flag retained,runs/matched_reg_1s/hybrid_shoebox_mit_but_ace_1000ms_full_c1_vm_seed42001/model_updates20000.pt,fa83b4108777231ef557379e8f7478aea1ab63f3e95449382edeaf85442d87fc,0.46173006296157837,5.712236957611613,125c5152d65906a4713f2b179900d24c0e7f4781bacc6c4707679250ddafeb06,False,41.49147934864011,44100,website-only extension,user-authorized project example; no separate dataset license asserted,"One-second model interval; input zero padding beyond valid support is preserved. IEEE float WAV; independent -1 dBFS playback-only gain; no additional filtering, denoising, alignment or inference.",,
room07_P1_r5_event05_recorded,phone_recording,Elevator,P1,,5,reports/phone_clap_demo/results/segments/m4a/room07_Elevator_m4a_ev05_P1_r5.wav,,36488e467916ee96294b8cd3dc7c077f1a95febcfef82945e44be5a9ff740db8,audio/phone_recordings/elevator/P1_r5.wav,44100,1.0,False,True,all normal protocol events; existing selected_for_demo flag retained,runs/matched_reg_1s/hybrid_shoebox_mit_but_ace_1000ms_full_c1_vm_seed42001/model_updates20000.pt,fa83b4108777231ef557379e8f7478aea1ab63f3e95449382edeaf85442d87fc,0.8746753334999084,0.16306241463776405,36aebc698c66ee7b1e271ad4b5e3abb90df024eac9a4ce97fba9f387be1d5104,False,42.9492327609877,44100,website-only extension,user-authorized project example; no separate dataset license asserted,"One-second model interval; input zero padding beyond valid support is preserved. IEEE float WAV; independent -1 dBFS playback-only gain; no additional filtering, denoising, alignment or inference.",,
room07_P1_r5_event05_inferred,inferred_rir,Elevator,P1,,5,runs/e6_phone_raw_cache/raw_v1_seed42001_batch240.npy,4,7ae4269c9a3c56c951e52c7971f5cd61dcd5acea95c6f82cd08706a21276a969,audio/inferred_rirs/elevator/P1_r5.wav,44100,1.0,False,True,all normal protocol events; existing selected_for_demo flag retained,runs/matched_reg_1s/hybrid_shoebox_mit_but_ace_1000ms_full_c1_vm_seed42001/model_updates20000.pt,fa83b4108777231ef557379e8f7478aea1ab63f3e95449382edeaf85442d87fc,0.5714035034179688,3.8611420235377873,36c7d7bb73520224017dbfba5fba527f27a3417fe198d10239a05d4488b8f4c6,False,42.9492327609877,44100,website-only extension,user-authorized project example; no separate dataset license asserted,"One-second model interval; input zero padding beyond valid support is preserved. IEEE float WAV; independent -1 dBFS playback-only gain; no additional filtering, denoising, alignment or inference.",,
room07_P2_r1_event06_recorded,phone_recording,Elevator,P2,,1,reports/phone_clap_demo/results/segments/m4a/room07_Elevator_m4a_ev06_P2_r1.wav,,a13cbaa0aea045482a7fc201dd0acfb114d4728cad6e78a6cf61d87ed7631f48,audio/phone_recordings/elevator/P2_r1.wav,44100,1.0,False,False,all normal protocol events; existing selected_for_demo flag retained,runs/matched_reg_1s/hybrid_shoebox_mit_but_ace_1000ms_full_c1_vm_seed42001/model_updates20000.pt,fa83b4108777231ef557379e8f7478aea1ab63f3e95449382edeaf85442d87fc,0.853215754032135,0.3788226840945064,79fe88aea96851a2cf49b2839b77273af10a830c914271ba068ed3369be737de,False,35.5061285279245,44100,website-only extension,user-authorized project example; no separate dataset license asserted,"One-second model interval; input zero padding beyond valid support is preserved. IEEE float WAV; independent -1 dBFS playback-only gain; no additional filtering, denoising, alignment or inference.",,
room07_P2_r1_event06_inferred,inferred_rir,Elevator,P2,,1,runs/e6_phone_raw_cache/raw_v1_seed42001_batch240.npy,5,7ae4269c9a3c56c951e52c7971f5cd61dcd5acea95c6f82cd08706a21276a969,audio/inferred_rirs/elevator/P2_r1.wav,44100,1.0,False,False,all normal protocol events; existing selected_for_demo flag retained,runs/matched_reg_1s/hybrid_shoebox_mit_but_ace_1000ms_full_c1_vm_seed42001/model_updates20000.pt,fa83b4108777231ef557379e8f7478aea1ab63f3e95449382edeaf85442d87fc,0.3317122757434845,8.584769123182417,862a91982cb836bcfb77abd67d240cb9bfedf50a5b05644b6921fc896bc838dc,False,35.5061285279245,44100,website-only extension,user-authorized project example; no separate dataset license asserted,"One-second model interval; input zero padding beyond valid support is preserved. IEEE float WAV; independent -1 dBFS playback-only gain; no additional filtering, denoising, alignment or inference.",,
room07_P2_r2_event07_recorded,phone_recording,Elevator,P2,,2,reports/phone_clap_demo/results/segments/m4a/room07_Elevator_m4a_ev07_P2_r2.wav,,95be4f77ba5f8a719d32fa6da5ce70e716210de201b777b8ab66c759aa81729d,audio/phone_recordings/elevator/P2_r2.wav,44100,1.0,False,False,all normal protocol events; existing selected_for_demo flag retained,runs/matched_reg_1s/hybrid_shoebox_mit_but_ace_1000ms_full_c1_vm_seed42001/model_updates20000.pt,fa83b4108777231ef557379e8f7478aea1ab63f3e95449382edeaf85442d87fc,0.9252324104309082,-0.32501674969244854,206e5b1f746ea5a233fc41087805a54f60b081aff27dec5401e375473397caba,False,38.71263234474465,44100,website-only extension,user-authorized project example; no separate dataset license asserted,"One-second model interval; input zero padding beyond valid support is preserved. IEEE float WAV; independent -1 dBFS playback-only gain; no additional filtering, denoising, alignment or inference.",,
room07_P2_r2_event07_inferred,inferred_rir,Elevator,P2,,2,runs/e6_phone_raw_cache/raw_v1_seed42001_batch240.npy,6,7ae4269c9a3c56c951e52c7971f5cd61dcd5acea95c6f82cd08706a21276a969,audio/inferred_rirs/elevator/P2_r2.wav,44100,1.0,False,False,all normal protocol events; existing selected_for_demo flag retained,runs/matched_reg_1s/hybrid_shoebox_mit_but_ace_1000ms_full_c1_vm_seed42001/model_updates20000.pt,fa83b4108777231ef557379e8f7478aea1ab63f3e95449382edeaf85442d87fc,0.6435905694961548,2.8278065644802934,ab27b90add77d26d1b6624aab0e90f40ddf98c68f1d48f945c60cf5944a3d02a,False,38.71263234474465,44100,website-only extension,user-authorized project example; no separate dataset license asserted,"One-second model interval; input zero padding beyond valid support is preserved. IEEE float WAV; independent -1 dBFS playback-only gain; no additional filtering, denoising, alignment or inference.",,
room07_P2_r3_event08_recorded,phone_recording,Elevator,P2,,3,reports/phone_clap_demo/results/segments/m4a/room07_Elevator_m4a_ev08_P2_r3.wav,,bf24fc3414dc13eac6f55472330c0f5d6ae2a0c8308149eedda78d338d531740,audio/phone_recordings/elevator/P2_r3.wav,44100,1.0,False,False,all normal protocol events; existing selected_for_demo flag retained,runs/matched_reg_1s/hybrid_shoebox_mit_but_ace_1000ms_full_c1_vm_seed42001/model_updates20000.pt,fa83b4108777231ef557379e8f7478aea1ab63f3e95449382edeaf85442d87fc,0.9228588938713074,-0.3027060400669335,f47fa483e0ecc4312ab13e9bc6f34a78f35313f44da5a73ee0ba090876b18b99,False,38.710829077894985,44100,website-only extension,user-authorized project example; no separate dataset license asserted,"One-second model interval; input zero padding beyond valid support is preserved. IEEE float WAV; independent -1 dBFS playback-only gain; no additional filtering, denoising, alignment or inference.",,
room07_P2_r3_event08_inferred,inferred_rir,Elevator,P2,,3,runs/e6_phone_raw_cache/raw_v1_seed42001_batch240.npy,7,7ae4269c9a3c56c951e52c7971f5cd61dcd5acea95c6f82cd08706a21276a969,audio/inferred_rirs/elevator/P2_r3.wav,44100,1.0,False,False,all normal protocol events; existing selected_for_demo flag retained,runs/matched_reg_1s/hybrid_shoebox_mit_but_ace_1000ms_full_c1_vm_seed42001/model_updates20000.pt,fa83b4108777231ef557379e8f7478aea1ab63f3e95449382edeaf85442d87fc,0.7537071108818054,1.4559477467822879,34283abbb7230e2bdc70d0b1f651ac8858e49e91375be9d955be49f92390109f,False,38.710829077894985,44100,website-only extension,user-authorized project example; no separate dataset license asserted,"One-second model interval; input zero padding beyond valid support is preserved. IEEE float WAV; independent -1 dBFS playback-only gain; no additional filtering, denoising, alignment or inference.",,
room07_P2_r4_event09_recorded,phone_recording,Elevator,P2,,4,reports/phone_clap_demo/results/segments/m4a/room07_Elevator_m4a_ev09_P2_r4.wav,,c758d3713a9425dabf5fe4699be4e7272a97a4d36ea422f223c9c14d6b6d1e92,audio/phone_recordings/elevator/P2_r4.wav,44100,1.0,False,True,all normal protocol events; existing selected_for_demo flag retained,runs/matched_reg_1s/hybrid_shoebox_mit_but_ace_1000ms_full_c1_vm_seed42001/model_updates20000.pt,fa83b4108777231ef557379e8f7478aea1ab63f3e95449382edeaf85442d87fc,0.9335656762123108,-0.4028975182951356,9df6f8aeb5986429477dd46c1a7c18891e52ba482207da9f441a16503a3fe2a1,False,40.67350395137976,44100,website-only extension,user-authorized project example; no separate dataset license asserted,"One-second model interval; input zero padding beyond valid support is preserved. IEEE float WAV; independent -1 dBFS playback-only gain; no additional filtering, denoising, alignment or inference.",,
room07_P2_r4_event09_inferred,inferred_rir,Elevator,P2,,4,runs/e6_phone_raw_cache/raw_v1_seed42001_batch248.npy,0,718a24fab3a054276c65a618e458e623ee24ee3508049df909a7ad9609e742fc,audio/inferred_rirs/elevator/P2_r4.wav,44100,1.0,False,True,all normal protocol events; existing selected_for_demo flag retained,runs/matched_reg_1s/hybrid_shoebox_mit_but_ace_1000ms_full_c1_vm_seed42001/model_updates20000.pt,fa83b4108777231ef557379e8f7478aea1ab63f3e95449382edeaf85442d87fc,0.6716188192367554,2.457542862467522,9521d0fcbc5f7c535b7b09ccdda0db2a756db9083e20cb01715d4e6b97ff2ce7,False,40.67350395137976,44100,website-only extension,user-authorized project example; no separate dataset license asserted,"One-second model interval; input zero padding beyond valid support is preserved. IEEE float WAV; independent -1 dBFS playback-only gain; no additional filtering, denoising, alignment or inference.",,
room07_P2_r5_event10_recorded,phone_recording,Elevator,P2,,5,reports/phone_clap_demo/results/segments/m4a/room07_Elevator_m4a_ev10_P2_r5.wav,,b79ae94d8547b1d5bcb4642b8bd1d07d2b64085516e835b7117aeb84f1295472,audio/phone_recordings/elevator/P2_r5.wav,44100,1.0,False,False,all normal protocol events; existing selected_for_demo flag retained,runs/matched_reg_1s/hybrid_shoebox_mit_but_ace_1000ms_full_c1_vm_seed42001/model_updates20000.pt,fa83b4108777231ef557379e8f7478aea1ab63f3e95449382edeaf85442d87fc,0.9100460410118103,-0.18126729370889952,76580b02d770f1ac8cbad068fa6601ef96a93cee6b10aa3de8b1756e946f5002,False,37.19629226345829,44100,website-only extension,user-authorized project example; no separate dataset license asserted,"One-second model interval; input zero padding beyond valid support is preserved. IEEE float WAV; independent -1 dBFS playback-only gain; no additional filtering, denoising, alignment or inference.",,
room07_P2_r5_event10_inferred,inferred_rir,Elevator,P2,,5,runs/e6_phone_raw_cache/raw_v1_seed42001_batch248.npy,1,718a24fab3a054276c65a618e458e623ee24ee3508049df909a7ad9609e742fc,audio/inferred_rirs/elevator/P2_r5.wav,44100,1.0,False,False,all normal protocol events; existing selected_for_demo flag retained,runs/matched_reg_1s/hybrid_shoebox_mit_but_ace_1000ms_full_c1_vm_seed42001/model_updates20000.pt,fa83b4108777231ef557379e8f7478aea1ab63f3e95449382edeaf85442d87fc,0.5245679616928101,4.60396475470432,4214fb6e7dafb7b720b5a18ab1424ce34b1cf984d01f6e7806f30949dba63253,False,37.19629226345829,44100,website-only extension,user-authorized project example; no separate dataset license asserted,"One-second model interval; input zero padding beyond valid support is preserved. IEEE float WAV; independent -1 dBFS playback-only gain; no additional filtering, denoising, alignment or inference.",,
room07_P3_r1_event11_recorded,phone_recording,Elevator,P3,,1,reports/phone_clap_demo/results/segments/m4a/room07_Elevator_m4a_ev11_P3_r1.wav,,28143e02ef17df506948d786a5aa998978eae1f9a2bb5c2f31bf8078e7513f15,audio/phone_recordings/elevator/P3_r1.wav,44100,1.0,False,False,all normal protocol events; existing selected_for_demo flag retained,runs/matched_reg_1s/hybrid_shoebox_mit_but_ace_1000ms_full_c1_vm_seed42001/model_updates20000.pt,fa83b4108777231ef557379e8f7478aea1ab63f3e95449382edeaf85442d87fc,0.9374039769172668,-0.4385358334717564,186e98b8b5e06f28c1e466a99caf4ecf26c743ca50bb1ef5cc5c600390375b0c,False,37.778030337015025,44100,website-only extension,user-authorized project example; no separate dataset license asserted,"One-second model interval; input zero padding beyond valid support is preserved. IEEE float WAV; independent -1 dBFS playback-only gain; no additional filtering, denoising, alignment or inference.",,
room07_P3_r1_event11_inferred,inferred_rir,Elevator,P3,,1,runs/e6_phone_raw_cache/raw_v1_seed42001_batch248.npy,2,718a24fab3a054276c65a618e458e623ee24ee3508049df909a7ad9609e742fc,audio/inferred_rirs/elevator/P3_r1.wav,44100,1.0,False,False,all normal protocol events; existing selected_for_demo flag retained,runs/matched_reg_1s/hybrid_shoebox_mit_but_ace_1000ms_full_c1_vm_seed42001/model_updates20000.pt,fa83b4108777231ef557379e8f7478aea1ab63f3e95449382edeaf85442d87fc,0.4358028471469879,6.214198735756397,9b7281c5e98d8797c1a955ace9c7140d179f7760de04f4b01c2047172e23ea52,False,37.778030337015025,44100,website-only extension,user-authorized project example; no separate dataset license asserted,"One-second model interval; input zero padding beyond valid support is preserved. IEEE float WAV; independent -1 dBFS playback-only gain; no additional filtering, denoising, alignment or inference.",,
room07_P3_r2_event12_recorded,phone_recording,Elevator,P3,,2,reports/phone_clap_demo/results/segments/m4a/room07_Elevator_m4a_ev12_P3_r2.wav,,42cd0a95da9e70255cfe4a92ac16c244763cc7be52868d415aa8e1983467e464,audio/phone_recordings/elevator/P3_r2.wav,44100,1.0,False,False,all normal protocol events; existing selected_for_demo flag retained,runs/matched_reg_1s/hybrid_shoebox_mit_but_ace_1000ms_full_c1_vm_seed42001/model_updates20000.pt,fa83b4108777231ef557379e8f7478aea1ab63f3e95449382edeaf85442d87fc,0.8470765352249146,0.441546968729287,3b1ed1ff6893babd75ce4695a73fd8e80a27c9c026e2dbcabfb99563b79800e9,False,36.60193321075826,44100,website-only extension,user-authorized project example; no separate dataset license asserted,"One-second model interval; input zero padding beyond valid support is preserved. IEEE float WAV; independent -1 dBFS playback-only gain; no additional filtering, denoising, alignment or inference.",,
room07_P3_r2_event12_inferred,inferred_rir,Elevator,P3,,2,runs/e6_phone_raw_cache/raw_v1_seed42001_batch248.npy,3,718a24fab3a054276c65a618e458e623ee24ee3508049df909a7ad9609e742fc,audio/inferred_rirs/elevator/P3_r2.wav,44100,1.0,False,False,all normal protocol events; existing selected_for_demo flag retained,runs/matched_reg_1s/hybrid_shoebox_mit_but_ace_1000ms_full_c1_vm_seed42001/model_updates20000.pt,fa83b4108777231ef557379e8f7478aea1ab63f3e95449382edeaf85442d87fc,0.668842613697052,2.4935212932016873,af7cbb98830b9174537be32eb2c70f8f4eb27359f67742c738077e2c07f9f8cb,False,36.60193321075826,44100,website-only extension,user-authorized project example; no separate dataset license asserted,"One-second model interval; input zero padding beyond valid support is preserved. IEEE float WAV; independent -1 dBFS playback-only gain; no additional filtering, denoising, alignment or inference.",,
room07_P3_r3_event13_recorded,phone_recording,Elevator,P3,,3,reports/phone_clap_demo/results/segments/m4a/room07_Elevator_m4a_ev13_P3_r3.wav,,d0fff78bd3c8a04f15666e06bdf21c0e8542d1e5e5832bde7cf6b38295f21e79,audio/phone_recordings/elevator/P3_r3.wav,44100,1.0,False,False,all normal protocol events; existing selected_for_demo flag retained,runs/matched_reg_1s/hybrid_shoebox_mit_but_ace_1000ms_full_c1_vm_seed42001/model_updates20000.pt,fa83b4108777231ef557379e8f7478aea1ab63f3e95449382edeaf85442d87fc,0.8132390975952148,0.7956350044752191,f158dc2a3cd51c5da8b0f8496aae7c657bc4f25ff97ddeafc635921dc37b02b5,False,40.37883203601875,44100,website-only extension,user-authorized project example; no separate dataset license asserted,"One-second model interval; input zero padding beyond valid support is preserved. IEEE float WAV; independent -1 dBFS playback-only gain; no additional filtering, denoising, alignment or inference.",,
room07_P3_r3_event13_inferred,inferred_rir,Elevator,P3,,3,runs/e6_phone_raw_cache/raw_v1_seed42001_batch248.npy,4,718a24fab3a054276c65a618e458e623ee24ee3508049df909a7ad9609e742fc,audio/inferred_rirs/elevator/P3_r3.wav,44100,1.0,False,False,all normal protocol events; existing selected_for_demo flag retained,runs/matched_reg_1s/hybrid_shoebox_mit_but_ace_1000ms_full_c1_vm_seed42001/model_updates20000.pt,fa83b4108777231ef557379e8f7478aea1ab63f3e95449382edeaf85442d87fc,0.7342569231987,1.6830389977629614,c111842a2321df8d515567b3ec9661f0040fcc471ce756cb7a699112a6c6d5d9,False,40.37883203601875,44100,website-only extension,user-authorized project example; no separate dataset license asserted,"One-second model interval; input zero padding beyond valid support is preserved. IEEE float WAV; independent -1 dBFS playback-only gain; no additional filtering, denoising, alignment or inference.",,
room07_P3_r4_event14_recorded,phone_recording,Elevator,P3,,4,reports/phone_clap_demo/results/segments/m4a/room07_Elevator_m4a_ev14_P3_r4.wav,,3d4020ad31646ebf993d0e7368e53de7aac052ee907a20e3e2b64a16d2740296,audio/phone_recordings/elevator/P3_r4.wav,44100,1.0,False,False,all normal protocol events; existing selected_for_demo flag retained,runs/matched_reg_1s/hybrid_shoebox_mit_but_ace_1000ms_full_c1_vm_seed42001/model_updates20000.pt,fa83b4108777231ef557379e8f7478aea1ab63f3e95449382edeaf85442d87fc,0.9226818084716797,-0.30103916353536064,94f7f22ad271b3148fe9778b197b528e06230e3114c453e5008d1d5c8fa89f9e,False,41.304677590269065,44100,website-only extension,user-authorized project example; no separate dataset license asserted,"One-second model interval; input zero padding beyond valid support is preserved. IEEE float WAV; independent -1 dBFS playback-only gain; no additional filtering, denoising, alignment or inference.",,
room07_P3_r4_event14_inferred,inferred_rir,Elevator,P3,,4,runs/e6_phone_raw_cache/raw_v1_seed42001_batch248.npy,5,718a24fab3a054276c65a618e458e623ee24ee3508049df909a7ad9609e742fc,audio/inferred_rirs/elevator/P3_r4.wav,44100,1.0,False,False,all normal protocol events; existing selected_for_demo flag retained,runs/matched_reg_1s/hybrid_shoebox_mit_but_ace_1000ms_full_c1_vm_seed42001/model_updates20000.pt,fa83b4108777231ef557379e8f7478aea1ab63f3e95449382edeaf85442d87fc,0.28727731108665466,9.833973457117068,1c4d98808dda06ca72e6e1fd64d54ebb5829ceee7801c0f8e3b1ca9d19cd876d,False,41.304677590269065,44100,website-only extension,user-authorized project example; no separate dataset license asserted,"One-second model interval; input zero padding beyond valid support is preserved. IEEE float WAV; independent -1 dBFS playback-only gain; no additional filtering, denoising, alignment or inference.",,
room07_P3_r5_event15_recorded,phone_recording,Elevator,P3,,5,reports/phone_clap_demo/results/segments/m4a/room07_Elevator_m4a_ev15_P3_r5.wav,,74f40ea166fe9f6ea97514cf09c5146232d5f3b24679940e9e04a1fee0c42e80,audio/phone_recordings/elevator/P3_r5.wav,44100,1.0,False,True,all normal protocol events; existing selected_for_demo flag retained,runs/matched_reg_1s/hybrid_shoebox_mit_but_ace_1000ms_full_c1_vm_seed42001/model_updates20000.pt,fa83b4108777231ef557379e8f7478aea1ab63f3e95449382edeaf85442d87fc,0.9392489790916443,-0.45561463366279337,7d8d5c5a6c8829ebd0a72d86b9708cc1e7f490a9679ef6514ec913ac3121e295,False,41.825944528189936,44100,website-only extension,user-authorized project example; no separate dataset license asserted,"One-second model interval; input zero padding beyond valid support is preserved. IEEE float WAV; independent -1 dBFS playback-only gain; no additional filtering, denoising, alignment or inference.",,
room07_P3_r5_event15_inferred,inferred_rir,Elevator,P3,,5,runs/e6_phone_raw_cache/raw_v1_seed42001_batch248.npy,6,718a24fab3a054276c65a618e458e623ee24ee3508049df909a7ad9609e742fc,audio/inferred_rirs/elevator/P3_r5.wav,44100,1.0,False,True,all normal protocol events; existing selected_for_demo flag retained,runs/matched_reg_1s/hybrid_shoebox_mit_but_ace_1000ms_full_c1_vm_seed42001/model_updates20000.pt,fa83b4108777231ef557379e8f7478aea1ab63f3e95449382edeaf85442d87fc,0.7986835241317749,0.952505488825407,c80bfaa6cfb43e3e97fc3c92c783a389cce27e6bf61085564e2c6f62b4b8edcd,False,41.825944528189936,44100,website-only extension,user-authorized project example; no separate dataset license asserted,"One-second model interval; input zero padding beyond valid support is preserved. IEEE float WAV; independent -1 dBFS playback-only gain; no additional filtering, denoising, alignment or inference.",,
room07_A1_r1_event16_recorded,phone_recording,Elevator,A1,,1,reports/phone_clap_demo/results/segments/m4a/room07_Elevator_m4a_ev16_A1_r1.wav,,f155b2af9fefab0bebcf92a97866a7479f736e2dc22e0b62140c292df91d298a,audio/phone_recordings/elevator/A1_r1.wav,44100,1.0,False,False,all normal protocol events; existing selected_for_demo flag retained,runs/matched_reg_1s/hybrid_shoebox_mit_but_ace_1000ms_full_c1_vm_seed42001/model_updates20000.pt,fa83b4108777231ef557379e8f7478aea1ab63f3e95449382edeaf85442d87fc,0.5756553411483765,3.796749228689094,f31fc5b03efe059d1cbb4b4097460febab398577f0774a3531243ab5f8a137b3,False,37.36455179865206,44100,website-only extension,user-authorized project example; no separate dataset license asserted,"One-second model interval; input zero padding beyond valid support is preserved. IEEE float WAV; independent -1 dBFS playback-only gain; no additional filtering, denoising, alignment or inference.",,
room07_A1_r1_event16_inferred,inferred_rir,Elevator,A1,,1,runs/e6_phone_raw_cache/raw_v1_seed42001_batch248.npy,7,718a24fab3a054276c65a618e458e623ee24ee3508049df909a7ad9609e742fc,audio/inferred_rirs/elevator/A1_r1.wav,44100,1.0,False,False,all normal protocol events; existing selected_for_demo flag retained,runs/matched_reg_1s/hybrid_shoebox_mit_but_ace_1000ms_full_c1_vm_seed42001/model_updates20000.pt,fa83b4108777231ef557379e8f7478aea1ab63f3e95449382edeaf85442d87fc,0.7692111134529114,1.2790889952648168,5ab66f00795ad20523e7a050cf398406e1500f22ac644cdd63e0795a03fedd63,False,37.36455179865206,44100,website-only extension,user-authorized project example; no separate dataset license asserted,"One-second model interval; input zero padding beyond valid support is preserved. IEEE float WAV; independent -1 dBFS playback-only gain; no additional filtering, denoising, alignment or inference.",,
room07_A1_r2_event17_recorded,phone_recording,Elevator,A1,,2,reports/phone_clap_demo/results/segments/m4a/room07_Elevator_m4a_ev17_A1_r2.wav,,d38c3e82a17e41cac77a93fc392bd0afffce691815e0db37bead97ffb1597901,audio/phone_recordings/elevator/A1_r2.wav,44100,1.0,False,False,all normal protocol events; existing selected_for_demo flag retained,runs/matched_reg_1s/hybrid_shoebox_mit_but_ace_1000ms_full_c1_vm_seed42001/model_updates20000.pt,fa83b4108777231ef557379e8f7478aea1ab63f3e95449382edeaf85442d87fc,0.8795765042304993,0.11452760576404936,ccd934cf94bafcca53900ff2241f4baa232275899451cd4d0d8f495aa12166d9,False,38.49904575899071,44100,website-only extension,user-authorized project example; no separate dataset license asserted,"One-second model interval; input zero padding beyond valid support is preserved. IEEE float WAV; independent -1 dBFS playback-only gain; no additional filtering, denoising, alignment or inference.",,
room07_A1_r2_event17_inferred,inferred_rir,Elevator,A1,,2,runs/e6_phone_raw_cache/raw_v1_seed42001_batch256.npy,0,50ea9d167f40efabb2a3741b811a41b0f4fbcfa054eb83bf56373dccf383d7c9,audio/inferred_rirs/elevator/A1_r2.wav,44100,1.0,False,False,all normal protocol events; existing selected_for_demo flag retained,runs/matched_reg_1s/hybrid_shoebox_mit_but_ace_1000ms_full_c1_vm_seed42001/model_updates20000.pt,fa83b4108777231ef557379e8f7478aea1ab63f3e95449382edeaf85442d87fc,0.6625021696090698,2.5762539026093845,c0235cfd1667e5c7986f6dc4bce9bd2e05b508845739e217b9bfa838fd3180a5,False,38.49904575899071,44100,website-only extension,user-authorized project example; no separate dataset license asserted,"One-second model interval; input zero padding beyond valid support is preserved. IEEE float WAV; independent -1 dBFS playback-only gain; no additional filtering, denoising, alignment or inference.",,
room07_A1_r3_event18_recorded,phone_recording,Elevator,A1,,3,reports/phone_clap_demo/results/segments/m4a/room07_Elevator_m4a_ev18_A1_r3.wav,,1474cd22e038adf565c242ed58bb62c561ec8e125fd25e7f79b2e69e077acab8,audio/phone_recordings/elevator/A1_r3.wav,44100,1.0,False,False,all normal protocol events; existing selected_for_demo flag retained,runs/matched_reg_1s/hybrid_shoebox_mit_but_ace_1000ms_full_c1_vm_seed42001/model_updates20000.pt,fa83b4108777231ef557379e8f7478aea1ab63f3e95449382edeaf85442d87fc,0.8027535080909729,0.90835575717943,6a81cfb3a0083c950c8083d19867fbc4e2d0a79cdd209c22a22b64dba160405c,False,37.72504720800143,44100,website-only extension,user-authorized project example; no separate dataset license asserted,"One-second model interval; input zero padding beyond valid support is preserved. IEEE float WAV; independent -1 dBFS playback-only gain; no additional filtering, denoising, alignment or inference.",,
room07_A1_r3_event18_inferred,inferred_rir,Elevator,A1,,3,runs/e6_phone_raw_cache/raw_v1_seed42001_batch256.npy,1,50ea9d167f40efabb2a3741b811a41b0f4fbcfa054eb83bf56373dccf383d7c9,audio/inferred_rirs/elevator/A1_r3.wav,44100,1.0,False,False,all normal protocol events; existing selected_for_demo flag retained,runs/matched_reg_1s/hybrid_shoebox_mit_but_ace_1000ms_full_c1_vm_seed42001/model_updates20000.pt,fa83b4108777231ef557379e8f7478aea1ab63f3e95449382edeaf85442d87fc,0.68106609582901,2.3362147761086858,d2b55289843d0b01c2345a5b21c196c9b116dae493d2736e0674f22a16580d61,False,37.72504720800143,44100,website-only extension,user-authorized project example; no separate dataset license asserted,"One-second model interval; input zero padding beyond valid support is preserved. IEEE float WAV; independent -1 dBFS playback-only gain; no additional filtering, denoising, alignment or inference.",,
room07_A1_r4_event19_recorded,phone_recording,Elevator,A1,,4,reports/phone_clap_demo/results/segments/m4a/room07_Elevator_m4a_ev19_A1_r4.wav,,565824c362448f7910bd78f9bc4abba4e174ec01ede2f39978695c72a47e6752,audio/phone_recordings/elevator/A1_r4.wav,44100,1.0,False,True,all normal protocol events; existing selected_for_demo flag retained,runs/matched_reg_1s/hybrid_shoebox_mit_but_ace_1000ms_full_c1_vm_seed42001/model_updates20000.pt,fa83b4108777231ef557379e8f7478aea1ab63f3e95449382edeaf85442d87fc,0.860897421836853,0.30097185557697237,e7eb0e176e65b8110a5a6fb0aaea5e10c7c59afdcfc3b445133ad45aea22e513,False,40.01362056215127,44100,website-only extension,user-authorized project example; no separate dataset license asserted,"One-second model interval; input zero padding beyond valid support is preserved. IEEE float WAV; independent -1 dBFS playback-only gain; no additional filtering, denoising, alignment or inference.",,
room07_A1_r4_event19_inferred,inferred_rir,Elevator,A1,,4,runs/e6_phone_raw_cache/raw_v1_seed42001_batch256.npy,2,50ea9d167f40efabb2a3741b811a41b0f4fbcfa054eb83bf56373dccf383d7c9,audio/inferred_rirs/elevator/A1_r4.wav,44100,1.0,False,True,all normal protocol events; existing selected_for_demo flag retained,runs/matched_reg_1s/hybrid_shoebox_mit_but_ace_1000ms_full_c1_vm_seed42001/model_updates20000.pt,fa83b4108777231ef557379e8f7478aea1ab63f3e95449382edeaf85442d87fc,0.4106461703777313,6.730644459610455,a905fa0a0912e49f35d066c6d86e423d4c574d465357dafffe5811ba6302b294,False,40.01362056215127,44100,website-only extension,user-authorized project example; no separate dataset license asserted,"One-second model interval; input zero padding beyond valid support is preserved. IEEE float WAV; independent -1 dBFS playback-only gain; no additional filtering, denoising, alignment or inference.",,
room07_A1_r5_event20_recorded,phone_recording,Elevator,A1,,5,reports/phone_clap_demo/results/segments/m4a/room07_Elevator_m4a_ev20_A1_r5.wav,,32cce0041fa49af6a8b3fbfa8b91f5458f1759cb052f6c3b6125e18c7d23e8a9,audio/phone_recordings/elevator/A1_r5.wav,44100,1.0,False,False,all normal protocol events; existing selected_for_demo flag retained,runs/matched_reg_1s/hybrid_shoebox_mit_but_ace_1000ms_full_c1_vm_seed42001/model_updates20000.pt,fa83b4108777231ef557379e8f7478aea1ab63f3e95449382edeaf85442d87fc,0.7253018617630005,1.7896241550981775,fef65bf37252f9bee7ba020122ddda62ed5105be096f67c1fa2fa9facc54117e,False,38.289088400726975,44100,website-only extension,user-authorized project example; no separate dataset license asserted,"One-second model interval; input zero padding beyond valid support is preserved. IEEE float WAV; independent -1 dBFS playback-only gain; no additional filtering, denoising, alignment or inference.",,
room07_A1_r5_event20_inferred,inferred_rir,Elevator,A1,,5,runs/e6_phone_raw_cache/raw_v1_seed42001_batch256.npy,3,50ea9d167f40efabb2a3741b811a41b0f4fbcfa054eb83bf56373dccf383d7c9,audio/inferred_rirs/elevator/A1_r5.wav,44100,1.0,False,False,all normal protocol events; existing selected_for_demo flag retained,runs/matched_reg_1s/hybrid_shoebox_mit_but_ace_1000ms_full_c1_vm_seed42001/model_updates20000.pt,fa83b4108777231ef557379e8f7478aea1ab63f3e95449382edeaf85442d87fc,0.815884530544281,0.7674260233517639,fc2706c64782b53d81e5bd4b08725e7f9875fe1490aa1dc8b30f6065dd348cbf,False,38.289088400726975,44100,website-only extension,user-authorized project example; no separate dataset license asserted,"One-second model interval; input zero padding beyond valid support is preserved. IEEE float WAV; independent -1 dBFS playback-only gain; no additional filtering, denoising, alignment or inference.",,
room07_A2_r1_event21_recorded,phone_recording,Elevator,A2,,1,reports/phone_clap_demo/results/segments/m4a/room07_Elevator_m4a_ev21_A2_r1.wav,,c49ebf0e32fa8406ef5560e80f1db7e5bc54d9398674c1a3ad4c900697475100,audio/phone_recordings/elevator/A2_r1.wav,44100,1.0,False,False,all normal protocol events; existing selected_for_demo flag retained,runs/matched_reg_1s/hybrid_shoebox_mit_but_ace_1000ms_full_c1_vm_seed42001/model_updates20000.pt,fa83b4108777231ef557379e8f7478aea1ab63f3e95449382edeaf85442d87fc,0.904872715473175,-0.13174986354327128,b315c750db07ab9af1fd2d579574453efe2dcccf6be3d966fbe93fca9a7370ca,False,39.32321224381267,44100,website-only extension,user-authorized project example; no separate dataset license asserted,"One-second model interval; input zero padding beyond valid support is preserved. IEEE float WAV; independent -1 dBFS playback-only gain; no additional filtering, denoising, alignment or inference.",,
room07_A2_r1_event21_inferred,inferred_rir,Elevator,A2,,1,runs/e6_phone_raw_cache/raw_v1_seed42001_batch256.npy,4,50ea9d167f40efabb2a3741b811a41b0f4fbcfa054eb83bf56373dccf383d7c9,audio/inferred_rirs/elevator/A2_r1.wav,44100,1.0,False,False,all normal protocol events; existing selected_for_demo flag retained,runs/matched_reg_1s/hybrid_shoebox_mit_but_ace_1000ms_full_c1_vm_seed42001/model_updates20000.pt,fa83b4108777231ef557379e8f7478aea1ab63f3e95449382edeaf85442d87fc,0.6002658605575562,3.4331271189922314,b0bab06281bb26d7d37bd31d7eec3683fcf7269e94d62a9af8ce612227415378,False,39.32321224381267,44100,website-only extension,user-authorized project example; no separate dataset license asserted,"One-second model interval; input zero padding beyond valid support is preserved. IEEE float WAV; independent -1 dBFS playback-only gain; no additional filtering, denoising, alignment or inference.",,
room07_A2_r2_event22_recorded,phone_recording,Elevator,A2,,2,reports/phone_clap_demo/results/segments/m4a/room07_Elevator_m4a_ev22_A2_r2.wav,,8aaba8d700010113835a7b4a614c27560b6704191c3dc366d5f0c7932ee9a06a,audio/phone_recordings/elevator/A2_r2.wav,44100,1.0,False,False,all normal protocol events; existing selected_for_demo flag retained,runs/matched_reg_1s/hybrid_shoebox_mit_but_ace_1000ms_full_c1_vm_seed42001/model_updates20000.pt,fa83b4108777231ef557379e8f7478aea1ab63f3e95449382edeaf85442d87fc,0.9148485660552979,-0.22698423390989136,f0b7c971564d283593b70e5d094de1524b989a19a1a726c992adbd412f3ad7e4,False,42.15844507853185,44100,website-only extension,user-authorized project example; no separate dataset license asserted,"One-second model interval; input zero padding beyond valid support is preserved. IEEE float WAV; independent -1 dBFS playback-only gain; no additional filtering, denoising, alignment or inference.",,
room07_A2_r2_event22_inferred,inferred_rir,Elevator,A2,,2,runs/e6_phone_raw_cache/raw_v1_seed42001_batch256.npy,5,50ea9d167f40efabb2a3741b811a41b0f4fbcfa054eb83bf56373dccf383d7c9,audio/inferred_rirs/elevator/A2_r2.wav,44100,1.0,False,False,all normal protocol events; existing selected_for_demo flag retained,runs/matched_reg_1s/hybrid_shoebox_mit_but_ace_1000ms_full_c1_vm_seed42001/model_updates20000.pt,fa83b4108777231ef557379e8f7478aea1ab63f3e95449382edeaf85442d87fc,0.5583996772766113,4.061096827648745,d876bad4fca1f24ae20eb332883d65b473e2bb15a3489f3c4543a53f015f1a2e,False,42.15844507853185,44100,website-only extension,user-authorized project example; no separate dataset license asserted,"One-second model interval; input zero padding beyond valid support is preserved. IEEE float WAV; independent -1 dBFS playback-only gain; no additional filtering, denoising, alignment or inference.",,
room07_A2_r3_event23_recorded,phone_recording,Elevator,A2,,3,reports/phone_clap_demo/results/segments/m4a/room07_Elevator_m4a_ev23_A2_r3.wav,,dedfc2c63e6c3b6b216af8a3aa093f8b22014b1484cc0203ea146727672f48fc,audio/phone_recordings/elevator/A2_r3.wav,44100,1.0,False,True,all normal protocol events; existing selected_for_demo flag retained,runs/matched_reg_1s/hybrid_shoebox_mit_but_ace_1000ms_full_c1_vm_seed42001/model_updates20000.pt,fa83b4108777231ef557379e8f7478aea1ab63f3e95449382edeaf85442d87fc,0.9811095595359802,-0.8343501464807206,83135fb0026402ce1b234b33e0f4a75bae7945147dec70e7d26c860634250a36,False,44.6877444151,44100,website-only extension,user-authorized project example; no separate dataset license asserted,"One-second model interval; input zero padding beyond valid support is preserved. IEEE float WAV; independent -1 dBFS playback-only gain; no additional filtering, denoising, alignment or inference.",,
room07_A2_r3_event23_inferred,inferred_rir,Elevator,A2,,3,runs/e6_phone_raw_cache/raw_v1_seed42001_batch256.npy,6,50ea9d167f40efabb2a3741b811a41b0f4fbcfa054eb83bf56373dccf383d7c9,audio/inferred_rirs/elevator/A2_r3.wav,44100,1.0,False,True,all normal protocol events; existing selected_for_demo flag retained,runs/matched_reg_1s/hybrid_shoebox_mit_but_ace_1000ms_full_c1_vm_seed42001/model_updates20000.pt,fa83b4108777231ef557379e8f7478aea1ab63f3e95449382edeaf85442d87fc,0.3870962858200073,7.2436199141331254,24d528164edf0f32ae6cbe6608f5818588fde631622555d5729930532b38e0de,False,44.6877444151,44100,website-only extension,user-authorized project example; no separate dataset license asserted,"One-second model interval; input zero padding beyond valid support is preserved. IEEE float WAV; independent -1 dBFS playback-only gain; no additional filtering, denoising, alignment or inference.",,
room07_A2_r4_event24_recorded,phone_recording,Elevator,A2,,4,reports/phone_clap_demo/results/segments/m4a/room07_Elevator_m4a_ev24_A2_r4.wav,,524a9e45102e9e5bba757dcbd25496e06a4920bbdf4f13addf1e3e583fb16227,audio/phone_recordings/elevator/A2_r4.wav,44100,1.0,False,False,all normal protocol events; existing selected_for_demo flag retained,runs/matched_reg_1s/hybrid_shoebox_mit_but_ace_1000ms_full_c1_vm_seed42001/model_updates20000.pt,fa83b4108777231ef557379e8f7478aea1ab63f3e95449382edeaf85442d87fc,0.9353026747703552,-0.41904352677471995,2bd783b0b72d49a37e0326b2df158c5162da6d6da6ad4ffee90985dd5c6cc664,False,43.364953384667736,44100,website-only extension,user-authorized project example; no separate dataset license asserted,"One-second model interval; input zero padding beyond valid support is preserved. IEEE float WAV; independent -1 dBFS playback-only gain; no additional filtering, denoising, alignment or inference.",,
room07_A2_r4_event24_inferred,inferred_rir,Elevator,A2,,4,runs/e6_phone_raw_cache/raw_v1_seed42001_batch256.npy,7,50ea9d167f40efabb2a3741b811a41b0f4fbcfa054eb83bf56373dccf383d7c9,audio/inferred_rirs/elevator/A2_r4.wav,44100,1.0,False,False,all normal protocol events; existing selected_for_demo flag retained,runs/matched_reg_1s/hybrid_shoebox_mit_but_ace_1000ms_full_c1_vm_seed42001/model_updates20000.pt,fa83b4108777231ef557379e8f7478aea1ab63f3e95449382edeaf85442d87fc,0.5450965166091919,4.270531865673915,b003006f0aa79ffb859e5a56082437833ebd6e485bbd91cf0d1eb96f8aa97b7f,False,43.364953384667736,44100,website-only extension,user-authorized project example; no separate dataset license asserted,"One-second model interval; input zero padding beyond valid support is preserved. IEEE float WAV; independent -1 dBFS playback-only gain; no additional filtering, denoising, alignment or inference.",,
room07_A2_r5_event25_recorded,phone_recording,Elevator,A2,,5,reports/phone_clap_demo/results/segments/m4a/room07_Elevator_m4a_ev25_A2_r5.wav,,de6f9c8bac281c7da4bca09d98e7905b0db2f00b63ac4bbedb6a806c493f2fa6,audio/phone_recordings/elevator/A2_r5.wav,44100,1.0,False,False,all normal protocol events; existing selected_for_demo flag retained,runs/matched_reg_1s/hybrid_shoebox_mit_but_ace_1000ms_full_c1_vm_seed42001/model_updates20000.pt,fa83b4108777231ef557379e8f7478aea1ab63f3e95449382edeaf85442d87fc,0.9549010992050171,-0.5991678653136487,6143efa2f7d383509742235e3636f8ff926a24dfe015ccb79cd596adb89f728c,False,41.60449681241731,44100,website-only extension,user-authorized project example; no separate dataset license asserted,"One-second model interval; input zero padding beyond valid support is preserved. IEEE float WAV; independent -1 dBFS playback-only gain; no additional filtering, denoising, alignment or inference.",,
room07_A2_r5_event25_inferred,inferred_rir,Elevator,A2,,5,runs/e6_phone_raw_cache/raw_v1_seed42001_batch264.npy,0,841323c65f7c0658b7fd3d0f9f529f0e9366f87b7d4073326c01663477436987,audio/inferred_rirs/elevator/A2_r5.wav,44100,1.0,False,False,all normal protocol events; existing selected_for_demo flag retained,runs/matched_reg_1s/hybrid_shoebox_mit_but_ace_1000ms_full_c1_vm_seed42001/model_updates20000.pt,fa83b4108777231ef557379e8f7478aea1ab63f3e95449382edeaf85442d87fc,0.5210357308387756,4.662649865140935,d161867a473989641d4ffec8f7b18043f0f19642b5c502df6c309f8542a699f7,False,41.60449681241731,44100,website-only extension,user-authorized project example; no separate dataset license asserted,"One-second model interval; input zero padding beyond valid support is preserved. IEEE float WAV; independent -1 dBFS playback-only gain; no additional filtering, denoising, alignment or inference.",,
room07_A3_r1_event26_recorded,phone_recording,Elevator,A3,,1,reports/phone_clap_demo/results/segments/m4a/room07_Elevator_m4a_ev26_A3_r1.wav,,47a6ab4ce72ef4709eeaba9a84917ca7ca94af917193252f5c3c2029c6bdc2fe,audio/phone_recordings/elevator/A3_r1.wav,44100,1.0,False,False,all normal protocol events; existing selected_for_demo flag retained,runs/matched_reg_1s/hybrid_shoebox_mit_but_ace_1000ms_full_c1_vm_seed42001/model_updates20000.pt,fa83b4108777231ef557379e8f7478aea1ab63f3e95449382edeaf85442d87fc,0.8151252269744873,0.775513317072815,880a04216458011de137c846c50eee554902a44d2c6af9bd7ca3ccb545aa54ef,False,35.98142993393903,44100,website-only extension,user-authorized project example; no separate dataset license asserted,"One-second model interval; input zero padding beyond valid support is preserved. IEEE float WAV; independent -1 dBFS playback-only gain; no additional filtering, denoising, alignment or inference.",,
room07_A3_r1_event26_inferred,inferred_rir,Elevator,A3,,1,runs/e6_phone_raw_cache/raw_v1_seed42001_batch264.npy,1,841323c65f7c0658b7fd3d0f9f529f0e9366f87b7d4073326c01663477436987,audio/inferred_rirs/elevator/A3_r1.wav,44100,1.0,False,False,all normal protocol events; existing selected_for_demo flag retained,runs/matched_reg_1s/hybrid_shoebox_mit_but_ace_1000ms_full_c1_vm_seed42001/model_updates20000.pt,fa83b4108777231ef557379e8f7478aea1ab63f3e95449382edeaf85442d87fc,0.6835471987724304,2.3046298425901552,edd2437c64bb77a2d85e97424a39bdcbfce99ae90dc3493ef0caa8bcc1a60cb8,False,35.98142993393903,44100,website-only extension,user-authorized project example; no separate dataset license asserted,"One-second model interval; input zero padding beyond valid support is preserved. IEEE float WAV; independent -1 dBFS playback-only gain; no additional filtering, denoising, alignment or inference.",,
room07_A3_r2_event27_recorded,phone_recording,Elevator,A3,,2,reports/phone_clap_demo/results/segments/m4a/room07_Elevator_m4a_ev27_A3_r2.wav,,8e045b220516abc99c8624f2e48ae09eaf65e498c9d4b22e13f835c8927011ad,audio/phone_recordings/elevator/A3_r2.wav,44100,1.0,False,True,all normal protocol events; existing selected_for_demo flag retained,runs/matched_reg_1s/hybrid_shoebox_mit_but_ace_1000ms_full_c1_vm_seed42001/model_updates20000.pt,fa83b4108777231ef557379e8f7478aea1ab63f3e95449382edeaf85442d87fc,0.9824674725532532,-0.846363614038766,3067e788f734cd466c2188af20c21f19a9dd09cbd515617aeedf425ad2e2f03a,False,40.555967041278656,44100,website-only extension,user-authorized project example; no separate dataset license asserted,"One-second model interval; input zero padding beyond valid support is preserved. IEEE float WAV; independent -1 dBFS playback-only gain; no additional filtering, denoising, alignment or inference.",,
room07_A3_r2_event27_inferred,inferred_rir,Elevator,A3,,2,runs/e6_phone_raw_cache/raw_v1_seed42001_batch264.npy,2,841323c65f7c0658b7fd3d0f9f529f0e9366f87b7d4073326c01663477436987,audio/inferred_rirs/elevator/A3_r2.wav,44100,1.0,False,True,all normal protocol events; existing selected_for_demo flag retained,runs/matched_reg_1s/hybrid_shoebox_mit_but_ace_1000ms_full_c1_vm_seed42001/model_updates20000.pt,fa83b4108777231ef557379e8f7478aea1ab63f3e95449382edeaf85442d87fc,0.7057863473892212,2.0265349362643104,fb3087f640af88373dd3f366ac9882815c1ad6946752233b8ea85f71e8edd129,False,40.555967041278656,44100,website-only extension,user-authorized project example; no separate dataset license asserted,"One-second model interval; input zero padding beyond valid support is preserved. IEEE float WAV; independent -1 dBFS playback-only gain; no additional filtering, denoising, alignment or inference.",,
room07_A3_r3_event28_recorded,phone_recording,Elevator,A3,,3,reports/phone_clap_demo/results/segments/m4a/room07_Elevator_m4a_ev28_A3_r3.wav,,5397defb46b10856961f8600db882f9f097a13e281c64c4f6c4f40641e5902c3,audio/phone_recordings/elevator/A3_r3.wav,44100,1.0,False,False,all normal protocol events; existing selected_for_demo flag retained,runs/matched_reg_1s/hybrid_shoebox_mit_but_ace_1000ms_full_c1_vm_seed42001/model_updates20000.pt,fa83b4108777231ef557379e8f7478aea1ab63f3e95449382edeaf85442d87fc,0.9613770246505737,-0.6578747796781383,5e91379e88b49df602b62855951bf96058500e265b387a6117f5c7548a0df105,False,37.84301071502544,44100,website-only extension,user-authorized project example; no separate dataset license asserted,"One-second model interval; input zero padding beyond valid support is preserved. IEEE float WAV; independent -1 dBFS playback-only gain; no additional filtering, denoising, alignment or inference.",,
room07_A3_r3_event28_inferred,inferred_rir,Elevator,A3,,3,runs/e6_phone_raw_cache/raw_v1_seed42001_batch264.npy,3,841323c65f7c0658b7fd3d0f9f529f0e9366f87b7d4073326c01663477436987,audio/inferred_rirs/elevator/A3_r3.wav,44100,1.0,False,False,all normal protocol events; existing selected_for_demo flag retained,runs/matched_reg_1s/hybrid_shoebox_mit_but_ace_1000ms_full_c1_vm_seed42001/model_updates20000.pt,fa83b4108777231ef557379e8f7478aea1ab63f3e95449382edeaf85442d87fc,0.7079998850822449,1.9993362560393928,7987e4d2d9930a9f98839a52f43d84604481db727c6d22e6e52429460d44df0d,False,37.84301071502544,44100,website-only extension,user-authorized project example; no separate dataset license asserted,"One-second model interval; input zero padding beyond valid support is preserved. IEEE float WAV; independent -1 dBFS playback-only gain; no additional filtering, denoising, alignment or inference.",,
room07_A3_r4_event29_recorded,phone_recording,Elevator,A3,,4,reports/phone_clap_demo/results/segments/m4a/room07_Elevator_m4a_ev29_A3_r4.wav,,32a344aebe55f153cc5144f63a0097b9f5095278148822653bb5e6e260e9c94f,audio/phone_recordings/elevator/A3_r4.wav,44100,1.0,False,False,all normal protocol events; existing selected_for_demo flag retained,runs/matched_reg_1s/hybrid_shoebox_mit_but_ace_1000ms_full_c1_vm_seed42001/model_updates20000.pt,fa83b4108777231ef557379e8f7478aea1ab63f3e95449382edeaf85442d87fc,0.685506284236908,2.279771191029785,eec52824d0bdaad372dee19a5383c3bceea27b41b32ba814af7e229882e63256,False,35.24372390484948,44100,website-only extension,user-authorized project example; no separate dataset license asserted,"One-second model interval; input zero padding beyond valid support is preserved. IEEE float WAV; independent -1 dBFS playback-only gain; no additional filtering, denoising, alignment or inference.",,
room07_A3_r4_event29_inferred,inferred_rir,Elevator,A3,,4,runs/e6_phone_raw_cache/raw_v1_seed42001_batch264.npy,4,841323c65f7c0658b7fd3d0f9f529f0e9366f87b7d4073326c01663477436987,audio/inferred_rirs/elevator/A3_r4.wav,44100,1.0,False,False,all normal protocol events; existing selected_for_demo flag retained,runs/matched_reg_1s/hybrid_shoebox_mit_but_ace_1000ms_full_c1_vm_seed42001/model_updates20000.pt,fa83b4108777231ef557379e8f7478aea1ab63f3e95449382edeaf85442d87fc,0.4802558720111847,5.370546327702687,61d7931071638aa5a92002e4296261111cf5fa7640c0f8c1904244e5d7b546f2,False,35.24372390484948,44100,website-only extension,user-authorized project example; no separate dataset license asserted,"One-second model interval; input zero padding beyond valid support is preserved. IEEE float WAV; independent -1 dBFS playback-only gain; no additional filtering, denoising, alignment or inference.",,
room07_A3_r5_event30_recorded,phone_recording,Elevator,A3,,5,reports/phone_clap_demo/results/segments/m4a/room07_Elevator_m4a_ev30_A3_r5.wav,,c67832e880ce066450a074f2cab210a23372be100c9484cf931b392460944fdc,audio/phone_recordings/elevator/A3_r5.wav,44100,1.0,False,False,all normal protocol events; existing selected_for_demo flag retained,runs/matched_reg_1s/hybrid_shoebox_mit_but_ace_1000ms_full_c1_vm_seed42001/model_updates20000.pt,fa83b4108777231ef557379e8f7478aea1ab63f3e95449382edeaf85442d87fc,0.5883467197418213,3.607333271229715,f8b15df1bd2c50c0a271e8fb6b567d532fd0f4a0a6a1e62061f4dd52c5e23e93,False,33.89849232579593,44100,website-only extension,user-authorized project example; no separate dataset license asserted,"One-second model interval; input zero padding beyond valid support is preserved. IEEE float WAV; independent -1 dBFS playback-only gain; no additional filtering, denoising, alignment or inference.",,
room07_A3_r5_event30_inferred,inferred_rir,Elevator,A3,,5,runs/e6_phone_raw_cache/raw_v1_seed42001_batch264.npy,5,841323c65f7c0658b7fd3d0f9f529f0e9366f87b7d4073326c01663477436987,audio/inferred_rirs/elevator/A3_r5.wav,44100,1.0,False,False,all normal protocol events; existing selected_for_demo flag retained,runs/matched_reg_1s/hybrid_shoebox_mit_but_ace_1000ms_full_c1_vm_seed42001/model_updates20000.pt,fa83b4108777231ef557379e8f7478aea1ab63f3e95449382edeaf85442d87fc,0.775532066822052,1.208004804049459,9d97166e4677b0d88899a3eef85803d48d24a7fee08efe78bc6683c5fdece058,False,33.89849232579593,44100,website-only extension,user-authorized project example; no separate dataset license asserted,"One-second model interval; input zero padding beyond valid support is preserved. IEEE float WAV; independent -1 dBFS playback-only gain; no additional filtering, denoising, alignment or inference.",,
room07_A1minus_r1_event31_recorded,phone_recording,Elevator,A1-,,1,reports/phone_clap_demo/results/segments/m4a/room07_Elevator_m4a_ev31_A1m_r1.wav,,0e2f2d3e0a94adf39daafdfe778ddde6f6352c2c55e8783015e3b18da2d08825,audio/phone_recordings/elevator/A1minus_r1.wav,44100,1.0,False,False,all normal protocol events; existing selected_for_demo flag retained,runs/matched_reg_1s/hybrid_shoebox_mit_but_ace_1000ms_full_c1_vm_seed42001/model_updates20000.pt,fa83b4108777231ef557379e8f7478aea1ab63f3e95449382edeaf85442d87fc,0.8658263683319092,0.2513838417747179,973a621644cc358bf4d19dd98dfc4b26a76f1061b506c3a7f0e8aec2c0b54eb9,False,40.156429500780604,44100,website-only extension,user-authorized project example; no separate dataset license asserted,"One-second model interval; input zero padding beyond valid support is preserved. IEEE float WAV; independent -1 dBFS playback-only gain; no additional filtering, denoising, alignment or inference.",,
room07_A1minus_r1_event31_inferred,inferred_rir,Elevator,A1-,,1,runs/e6_phone_raw_cache/raw_v1_seed42001_batch264.npy,6,841323c65f7c0658b7fd3d0f9f529f0e9366f87b7d4073326c01663477436987,audio/inferred_rirs/elevator/A1minus_r1.wav,44100,1.0,False,False,all normal protocol events; existing selected_for_demo flag retained,runs/matched_reg_1s/hybrid_shoebox_mit_but_ace_1000ms_full_c1_vm_seed42001/model_updates20000.pt,fa83b4108777231ef557379e8f7478aea1ab63f3e95449382edeaf85442d87fc,0.5376918911933899,4.389330259355505,1c6855a7164c9f6afd1297a6df4d12b6c242c33f2e6186a8c510425297dbd69b,False,40.156429500780604,44100,website-only extension,user-authorized project example; no separate dataset license asserted,"One-second model interval; input zero padding beyond valid support is preserved. IEEE float WAV; independent -1 dBFS playback-only gain; no additional filtering, denoising, alignment or inference.",,
room07_A1minus_r2_event32_recorded,phone_recording,Elevator,A1-,,2,reports/phone_clap_demo/results/segments/m4a/room07_Elevator_m4a_ev32_A1m_r2.wav,,afd3cbd70ff1dddd683c863c9e591ddb63c4d4b3206ae6a91e495b3d172a9bf5,audio/phone_recordings/elevator/A1minus_r2.wav,44100,1.0,False,False,all normal protocol events; existing selected_for_demo flag retained,runs/matched_reg_1s/hybrid_shoebox_mit_but_ace_1000ms_full_c1_vm_seed42001/model_updates20000.pt,fa83b4108777231ef557379e8f7478aea1ab63f3e95449382edeaf85442d87fc,0.9326226115226746,-0.3941188151312045,55dad4ccee5989aa09478818abef87908e0159d1b7cee28cbc92caaa0e113835,False,38.54620684119676,44100,website-only extension,user-authorized project example; no separate dataset license asserted,"One-second model interval; input zero padding beyond valid support is preserved. IEEE float WAV; independent -1 dBFS playback-only gain; no additional filtering, denoising, alignment or inference.",,
room07_A1minus_r2_event32_inferred,inferred_rir,Elevator,A1-,,2,runs/e6_phone_raw_cache/raw_v1_seed42001_batch264.npy,7,841323c65f7c0658b7fd3d0f9f529f0e9366f87b7d4073326c01663477436987,audio/inferred_rirs/elevator/A1minus_r2.wav,44100,1.0,False,False,all normal protocol events; existing selected_for_demo flag retained,runs/matched_reg_1s/hybrid_shoebox_mit_but_ace_1000ms_full_c1_vm_seed42001/model_updates20000.pt,fa83b4108777231ef557379e8f7478aea1ab63f3e95449382edeaf85442d87fc,0.5586978793144226,4.056459542325692,839f790ebb9a8ab7363ead739c7704bf501cd9d8e06b5be81ec97b1ec6a9d9d5,False,38.54620684119676,44100,website-only extension,user-authorized project example; no separate dataset license asserted,"One-second model interval; input zero padding beyond valid support is preserved. IEEE float WAV; independent -1 dBFS playback-only gain; no additional filtering, denoising, alignment or inference.",,
room07_A1minus_r3_event33_recorded,phone_recording,Elevator,A1-,,3,reports/phone_clap_demo/results/segments/m4a/room07_Elevator_m4a_ev33_A1m_r3.wav,,277dc9939c111b106c5aa840375c9420aa5f09d9b87ec951e27c9d0fa5f9092a,audio/phone_recordings/elevator/A1minus_r3.wav,44100,1.0,False,False,all normal protocol events; existing selected_for_demo flag retained,runs/matched_reg_1s/hybrid_shoebox_mit_but_ace_1000ms_full_c1_vm_seed42001/model_updates20000.pt,fa83b4108777231ef557379e8f7478aea1ab63f3e95449382edeaf85442d87fc,0.7283961772918701,1.752646841985053,684498afcd327656e3b7329ff4dd5026186516af639b76cbf2929143db71e114,False,36.241380545744164,44100,website-only extension,user-authorized project example; no separate dataset license asserted,"One-second model interval; input zero padding beyond valid support is preserved. IEEE float WAV; independent -1 dBFS playback-only gain; no additional filtering, denoising, alignment or inference.",,
room07_A1minus_r3_event33_inferred,inferred_rir,Elevator,A1-,,3,runs/e6_phone_raw_cache/raw_v1_seed42001_batch272.npy,0,0dee9342980b0ca8053e8ddde79089c66131b0c2d92515f493a9683099d74e8e,audio/inferred_rirs/elevator/A1minus_r3.wav,44100,1.0,False,False,all normal protocol events; existing selected_for_demo flag retained,runs/matched_reg_1s/hybrid_shoebox_mit_but_ace_1000ms_full_c1_vm_seed42001/model_updates20000.pt,fa83b4108777231ef557379e8f7478aea1ab63f3e95449382edeaf85442d87fc,0.5263524055480957,4.574467758031215,9cfb50e3eb61abec55bc4277bead6ef3ca8393eab693183152b39717b8056737,False,36.241380545744164,44100,website-only extension,user-authorized project example; no separate dataset license asserted,"One-second model interval; input zero padding beyond valid support is preserved. IEEE float WAV; independent -1 dBFS playback-only gain; no additional filtering, denoising, alignment or inference.",,
room07_A1minus_r4_event34_recorded,phone_recording,Elevator,A1-,,4,reports/phone_clap_demo/results/segments/m4a/room07_Elevator_m4a_ev34_A1m_r4.wav,,fd19bf0df28091998cd7519153affce2b513ebedc20b995266fd0e0506ed5e3d,audio/phone_recordings/elevator/A1minus_r4.wav,44100,1.0,False,True,all normal protocol events; existing selected_for_demo flag retained,runs/matched_reg_1s/hybrid_shoebox_mit_but_ace_1000ms_full_c1_vm_seed42001/model_updates20000.pt,fa83b4108777231ef557379e8f7478aea1ab63f3e95449382edeaf85442d87fc,0.9743274450302124,-0.7740987201393892,6dcba2f7a897a1fc64b706309c7a3e797cb6c3789cb5a002abd860b90ca09553,False,43.43333058033825,44100,website-only extension,user-authorized project example; no separate dataset license asserted,"One-second model interval; input zero padding beyond valid support is preserved. IEEE float WAV; independent -1 dBFS playback-only gain; no additional filtering, denoising, alignment or inference.",,
room07_A1minus_r4_event34_inferred,inferred_rir,Elevator,A1-,,4,runs/e6_phone_raw_cache/raw_v1_seed42001_batch272.npy,1,0dee9342980b0ca8053e8ddde79089c66131b0c2d92515f493a9683099d74e8e,audio/inferred_rirs/elevator/A1minus_r4.wav,44100,1.0,False,True,all normal protocol events; existing selected_for_demo flag retained,runs/matched_reg_1s/hybrid_shoebox_mit_but_ace_1000ms_full_c1_vm_seed42001/model_updates20000.pt,fa83b4108777231ef557379e8f7478aea1ab63f3e95449382edeaf85442d87fc,0.4622470438480377,5.702517151005429,a38cd34af7487240d2d3b1cc128b28fe3261a118d9ead88a33715ed94a68c530,False,43.43333058033825,44100,website-only extension,user-authorized project example; no separate dataset license asserted,"One-second model interval; input zero padding beyond valid support is preserved. IEEE float WAV; independent -1 dBFS playback-only gain; no additional filtering, denoising, alignment or inference.",,
room07_A1minus_r5_event35_recorded,phone_recording,Elevator,A1-,,5,reports/phone_clap_demo/results/segments/m4a/room07_Elevator_m4a_ev35_A1m_r5.wav,,7d2dd4ab71d86c4803a56b1f680664393d53319ed1a291eecbbc81c0e67f399d,audio/phone_recordings/elevator/A1minus_r5.wav,44100,1.0,False,False,all normal protocol events; existing selected_for_demo flag retained,runs/matched_reg_1s/hybrid_shoebox_mit_but_ace_1000ms_full_c1_vm_seed42001/model_updates20000.pt,fa83b4108777231ef557379e8f7478aea1ab63f3e95449382edeaf85442d87fc,0.9005271792411804,-0.08993650005356729,9ee8bec924d6bd8aeea0d41703cd562f128f8d04f2b1cdd08f3844fa0994f289,False,38.87094728826968,44100,website-only extension,user-authorized project example; no separate dataset license asserted,"One-second model interval; input zero padding beyond valid support is preserved. IEEE float WAV; independent -1 dBFS playback-only gain; no additional filtering, denoising, alignment or inference.",,
room07_A1minus_r5_event35_inferred,inferred_rir,Elevator,A1-,,5,runs/e6_phone_raw_cache/raw_v1_seed42001_batch272.npy,2,0dee9342980b0ca8053e8ddde79089c66131b0c2d92515f493a9683099d74e8e,audio/inferred_rirs/elevator/A1minus_r5.wav,44100,1.0,False,False,all normal protocol events; existing selected_for_demo flag retained,runs/matched_reg_1s/hybrid_shoebox_mit_but_ace_1000ms_full_c1_vm_seed42001/model_updates20000.pt,fa83b4108777231ef557379e8f7478aea1ab63f3e95449382edeaf85442d87fc,0.34472018480300903,8.250665721924435,aeece3d0946cee0ab485e913ab24f6e1b70be3c378c3dd76e5270fbd53527bc1,False,38.87094728826968,44100,website-only extension,user-authorized project example; no separate dataset license asserted,"One-second model interval; input zero padding beyond valid support is preserved. IEEE float WAV; independent -1 dBFS playback-only gain; no additional filtering, denoising, alignment or inference.",,
room07_A1plus_r1_event36_recorded,phone_recording,Elevator,A1+,,1,reports/phone_clap_demo/results/segments/m4a/room07_Elevator_m4a_ev36_A1p_r1.wav,,c592c8ca16412fd5006056124d29753252238aeb1146e3a56c676454d0df4f49,audio/phone_recordings/elevator/A1plus_r1.wav,44100,1.0,False,False,all normal protocol events; existing selected_for_demo flag retained,runs/matched_reg_1s/hybrid_shoebox_mit_but_ace_1000ms_full_c1_vm_seed42001/model_updates20000.pt,fa83b4108777231ef557379e8f7478aea1ab63f3e95449382edeaf85442d87fc,0.946807861328125,-0.5252371042209898,8ea6e213737c5a5ee0215a11535abefe82df25384b69afdf92af30fa807d8164,False,40.45272633258075,44100,website-only extension,user-authorized project example; no separate dataset license asserted,"One-second model interval; input zero padding beyond valid support is preserved. IEEE float WAV; independent -1 dBFS playback-only gain; no additional filtering, denoising, alignment or inference.",,
room07_A1plus_r1_event36_inferred,inferred_rir,Elevator,A1+,,1,runs/e6_phone_raw_cache/raw_v1_seed42001_batch272.npy,3,0dee9342980b0ca8053e8ddde79089c66131b0c2d92515f493a9683099d74e8e,audio/inferred_rirs/elevator/A1plus_r1.wav,44100,1.0,False,False,all normal protocol events; existing selected_for_demo flag retained,runs/matched_reg_1s/hybrid_shoebox_mit_but_ace_1000ms_full_c1_vm_seed42001/model_updates20000.pt,fa83b4108777231ef557379e8f7478aea1ab63f3e95449382edeaf85442d87fc,0.4236929714679718,6.458974806739413,940f28f1b8fa67ae50ba4b3bc4bbca5e187615455a11ae4e24e54d03826c11bc,False,40.45272633258075,44100,website-only extension,user-authorized project example; no separate dataset license asserted,"One-second model interval; input zero padding beyond valid support is preserved. IEEE float WAV; independent -1 dBFS playback-only gain; no additional filtering, denoising, alignment or inference.",,
room07_A1plus_r2_event37_recorded,phone_recording,Elevator,A1+,,2,reports/phone_clap_demo/results/segments/m4a/room07_Elevator_m4a_ev37_A1p_r2.wav,,c7f2b8bc22463675af02822f9ea487b2d88f1239880eff5239cf88e7d1583944,audio/phone_recordings/elevator/A1plus_r2.wav,44100,1.0,False,False,all normal protocol events; existing selected_for_demo flag retained,runs/matched_reg_1s/hybrid_shoebox_mit_but_ace_1000ms_full_c1_vm_seed42001/model_updates20000.pt,fa83b4108777231ef557379e8f7478aea1ab63f3e95449382edeaf85442d87fc,0.9198230504989624,-0.2740857733637844,ed4e201b8afbe9bfb9ccc79a4ff9e743bebbcd3273b27ed0d6de752521238ed8,False,39.834018172003006,44100,website-only extension,user-authorized project example; no separate dataset license asserted,"One-second model interval; input zero padding beyond valid support is preserved. IEEE float WAV; independent -1 dBFS playback-only gain; no additional filtering, denoising, alignment or inference.",,
room07_A1plus_r2_event37_inferred,inferred_rir,Elevator,A1+,,2,runs/e6_phone_raw_cache/raw_v1_seed42001_batch272.npy,4,0dee9342980b0ca8053e8ddde79089c66131b0c2d92515f493a9683099d74e8e,audio/inferred_rirs/elevator/A1plus_r2.wav,44100,1.0,False,False,all normal protocol events; existing selected_for_demo flag retained,runs/matched_reg_1s/hybrid_shoebox_mit_but_ace_1000ms_full_c1_vm_seed42001/model_updates20000.pt,fa83b4108777231ef557379e8f7478aea1ab63f3e95449382edeaf85442d87fc,0.413649320602417,6.667353692844231,55de760112492fb8b6b30f9e354b06be400672e889528c697a3e519ea8d1f21a,False,39.834018172003006,44100,website-only extension,user-authorized project example; no separate dataset license asserted,"One-second model interval; input zero padding beyond valid support is preserved. IEEE float WAV; independent -1 dBFS playback-only gain; no additional filtering, denoising, alignment or inference.",,
room07_A1plus_r3_event38_recorded,phone_recording,Elevator,A1+,,3,reports/phone_clap_demo/results/segments/m4a/room07_Elevator_m4a_ev38_A1p_r3.wav,,505b113d473cab6f459d2d2184613d66ec8b90606d2047be99ac1a3320201c77,audio/phone_recordings/elevator/A1plus_r3.wav,44100,1.0,False,False,all normal protocol events; existing selected_for_demo flag retained,runs/matched_reg_1s/hybrid_shoebox_mit_but_ace_1000ms_full_c1_vm_seed42001/model_updates20000.pt,fa83b4108777231ef557379e8f7478aea1ab63f3e95449382edeaf85442d87fc,0.9297782778739929,-0.36758791352431386,df41e825f655e1afc4e0cc7b66af222e4a321c4444a937702cf7bc25d045bae9,False,41.55852808518058,44100,website-only extension,user-authorized project example; no separate dataset license asserted,"One-second model interval; input zero padding beyond valid support is preserved. IEEE float WAV; independent -1 dBFS playback-only gain; no additional filtering, denoising, alignment or inference.",,
room07_A1plus_r3_event38_inferred,inferred_rir,Elevator,A1+,,3,runs/e6_phone_raw_cache/raw_v1_seed42001_batch272.npy,5,0dee9342980b0ca8053e8ddde79089c66131b0c2d92515f493a9683099d74e8e,audio/inferred_rirs/elevator/A1plus_r3.wav,44100,1.0,False,False,all normal protocol events; existing selected_for_demo flag retained,runs/matched_reg_1s/hybrid_shoebox_mit_but_ace_1000ms_full_c1_vm_seed42001/model_updates20000.pt,fa83b4108777231ef557379e8f7478aea1ab63f3e95449382edeaf85442d87fc,0.49797090888023376,5.055920553713994,53e694c64a53bf97b20f74765edce09068f0566caa454beb4886dfd92507597e,False,41.55852808518058,44100,website-only extension,user-authorized project example; no separate dataset license asserted,"One-second model interval; input zero padding beyond valid support is preserved. IEEE float WAV; independent -1 dBFS playback-only gain; no additional filtering, denoising, alignment or inference.",,
room07_A1plus_r4_event39_recorded,phone_recording,Elevator,A1+,,4,reports/phone_clap_demo/results/segments/m4a/room07_Elevator_m4a_ev39_A1p_r4.wav,,515b1429c18b5e603c8c2b820df3fd96c6360c6120749ee9d9efe3240a210fe9,audio/phone_recordings/elevator/A1plus_r4.wav,44100,1.0,False,True,all normal protocol events; existing selected_for_demo flag retained,runs/matched_reg_1s/hybrid_shoebox_mit_but_ace_1000ms_full_c1_vm_seed42001/model_updates20000.pt,fa83b4108777231ef557379e8f7478aea1ab63f3e95449382edeaf85442d87fc,0.9396148324012756,-0.458997275333683,bb88f1ca9feeabe189cc93f1b6609792d7669d32320de257b8880dde604c59b8,False,44.21937553315337,44100,website-only extension,user-authorized project example; no separate dataset license asserted,"One-second model interval; input zero padding beyond valid support is preserved. IEEE float WAV; independent -1 dBFS playback-only gain; no additional filtering, denoising, alignment or inference.",,
room07_A1plus_r4_event39_inferred,inferred_rir,Elevator,A1+,,4,runs/e6_phone_raw_cache/raw_v1_seed42001_batch272.npy,6,0dee9342980b0ca8053e8ddde79089c66131b0c2d92515f493a9683099d74e8e,audio/inferred_rirs/elevator/A1plus_r4.wav,44100,1.0,False,True,all normal protocol events; existing selected_for_demo flag retained,runs/matched_reg_1s/hybrid_shoebox_mit_but_ace_1000ms_full_c1_vm_seed42001/model_updates20000.pt,fa83b4108777231ef557379e8f7478aea1ab63f3e95449382edeaf85442d87fc,0.7409204244613647,1.604568662899356,b434e3b0272f969b5ed372e590abf9956ae33416d77be1c907de414d7c47a84e,False,44.21937553315337,44100,website-only extension,user-authorized project example; no separate dataset license asserted,"One-second model interval; input zero padding beyond valid support is preserved. IEEE float WAV; independent -1 dBFS playback-only gain; no additional filtering, denoising, alignment or inference.",,
room07_A1plus_r5_event40_recorded,phone_recording,Elevator,A1+,,5,reports/phone_clap_demo/results/segments/m4a/room07_Elevator_m4a_ev40_A1p_r5.wav,,9ff8a60e00ec1a4d573c7ae2159ca1de2982899cdf601ebae02a1c405f58640a,audio/phone_recordings/elevator/A1plus_r5.wav,44100,1.0,False,False,all normal protocol events; existing selected_for_demo flag retained,runs/matched_reg_1s/hybrid_shoebox_mit_but_ace_1000ms_full_c1_vm_seed42001/model_updates20000.pt,fa83b4108777231ef557379e8f7478aea1ab63f3e95449382edeaf85442d87fc,0.9013245701789856,-0.09762420259461552,fd94c840e4b80d8658313dc72e46a9f2e57ff748eaf72966c270ff2e0b25a7b6,False,38.95837013682442,44100,website-only extension,user-authorized project example; no separate dataset license asserted,"One-second model interval; input zero padding beyond valid support is preserved. IEEE float WAV; independent -1 dBFS playback-only gain; no additional filtering, denoising, alignment or inference.",,
room07_A1plus_r5_event40_inferred,inferred_rir,Elevator,A1+,,5,runs/e6_phone_raw_cache/raw_v1_seed42001_batch272.npy,7,0dee9342980b0ca8053e8ddde79089c66131b0c2d92515f493a9683099d74e8e,audio/inferred_rirs/elevator/A1plus_r5.wav,44100,1.0,False,False,all normal protocol events; existing selected_for_demo flag retained,runs/matched_reg_1s/hybrid_shoebox_mit_but_ace_1000ms_full_c1_vm_seed42001/model_updates20000.pt,fa83b4108777231ef557379e8f7478aea1ab63f3e95449382edeaf85442d87fc,0.872520923614502,0.18448299164241005,5204a56e933dbb2f7a3b93864aaed41dfac3603c1e8ec9494d5c4992f5b2e607,False,38.95837013682442,44100,website-only extension,user-authorized project example; no separate dataset license asserted,"One-second model interval; input zero padding beyond valid support is preserved. IEEE float WAV; independent -1 dBFS playback-only gain; no additional filtering, denoising, alignment or inference.",,
paper_arrays_room1,unscaled_waveform_arrays,Medium-size meeting room,,,,reports/phone_spectral_review/inputs.npz; reports/phone_spectral_review/predictions.npz,,,phone_demo/medium_size_meeting_room/paper_waveform_arrays.npz,44100,1.0,True,,,,,,,b47b46dbfb8c6db97ab0b5c53b820e79a00635c3057b88328e20d221215b4422,,,,paper-linked,,"Original unscaled arrays, all eight modes, exactly equal to the frozen paper inputs and estimates.",,
paper_arrays_room2,unscaled_waveform_arrays,Highly reverberant hallway,,,,reports/phone_spectral_review/inputs.npz; reports/phone_spectral_review/predictions.npz,,,phone_demo/highly_reverberant_hallway/paper_waveform_arrays.npz,44100,1.0,True,,,,,,,2367131fee7783e882426fba79017f79d24a03c69d3ba74cbb54424ece356cd7,,,,paper-linked,,"Original unscaled arrays, all eight modes, exactly equal to the frozen paper inputs and estimates.",,
phone_demo_all_rooms_selected_waveform_arrays.npz,unscaled_selected_arrays,,,,,reports/phone_spectral_review/inputs.npz; reports/phone_spectral_review/predictions.npz; runs/e6_phone_raw_cache,,,phone_demo/all_rooms/selected_waveform_arrays.npz,,,,,,,,,,4d7405607618ff29da7f44098576af8ed8d9ae6908982e231bd1e5bfd73f3981,,,,website-only extension,,56 input-selected records; full unscaled one-second arrays. Paper-linked first 16 match frozen sources.,,
figures_spectra_phone_rooms_spectra_10khz.pdf,spectra,Medium-size meeting room; Highly reverberant hallway,,,,phone_demo/all_rooms/selected_waveform_arrays.npz,,,figures/spectra/phone_rooms_spectra_10khz.pdf,,,True,,,,,,,eeef9d71cc10f063082d2f0b12b08be82c3cacd3e811e2a3e3512ebd6a003f40,,,,paper-linked,,"0.1--10 kHz display; 0--0.9 s; 1/12-octave mean linear power; each signal normalized by mean FFT-bin power 0.1--10 kHz. Shared dB limits [-45.0, 25.0].",,
figures_spectra_phone_rooms_spectra_10khz.png,spectra,Medium-size meeting room; Highly reverberant hallway,,,,phone_demo/all_rooms/selected_waveform_arrays.npz,,,figures/spectra/phone_rooms_spectra_10khz.png,,,True,,,,,,,9fbc7d1ea6c0f52322027a562f7d9cc1612ae998cd996d18b576c6915919bc49,,,,paper-linked,,"0.1--10 kHz display; 0--0.9 s; 1/12-octave mean linear power; each signal normalized by mean FFT-bin power 0.1--10 kHz. Shared dB limits [-45.0, 25.0].",,
figures_spectra_medium_size_meeting_room_10khz.pdf,spectra,Medium-size meeting room,,,,phone_demo/all_rooms/selected_waveform_arrays.npz,,,figures/spectra/medium_size_meeting_room_10khz.pdf,,,False,,,,,,,67a8d5f9753de2ba816f46c2aadc97f3f3cadfc81c8c1134320e17e1912048a2,,,,website-only extension,,"0.1--10 kHz display; 0--0.9 s; 1/12-octave mean linear power; each signal normalized by mean FFT-bin power 0.1--10 kHz. Shared dB limits [-45.0, 25.0].",,
figures_spectra_medium_size_meeting_room_10khz.png,spectra,Medium-size meeting room,,,,phone_demo/all_rooms/selected_waveform_arrays.npz,,,figures/spectra/medium_size_meeting_room_10khz.png,,,False,,,,,,,759571d3859f7a8e0e3c61ad095f9169186fffa7a8e9a49d79927b52551df8c1,,,,website-only extension,,"0.1--10 kHz display; 0--0.9 s; 1/12-octave mean linear power; each signal normalized by mean FFT-bin power 0.1--10 kHz. Shared dB limits [-45.0, 25.0].",,
figures_spectra_highly_reverberant_hallway_10khz.pdf,spectra,Highly reverberant hallway,,,,phone_demo/all_rooms/selected_waveform_arrays.npz,,,figures/spectra/highly_reverberant_hallway_10khz.pdf,,,False,,,,,,,d47c962aef068191fb15fd5a4491024bbfe0ad14a354696788f4b872a748f112,,,,website-only extension,,"0.1--10 kHz display; 0--0.9 s; 1/12-octave mean linear power; each signal normalized by mean FFT-bin power 0.1--10 kHz. Shared dB limits [-45.0, 25.0].",,
figures_spectra_highly_reverberant_hallway_10khz.png,spectra,Highly reverberant hallway,,,,phone_demo/all_rooms/selected_waveform_arrays.npz,,,figures/spectra/highly_reverberant_hallway_10khz.png,,,False,,,,,,,cf3bf32eddb8e77fb9f464623040fd4656b8c8428032c4978f1ba7d20669bc87,,,,website-only extension,,"0.1--10 kHz display; 0--0.9 s; 1/12-octave mean linear power; each signal normalized by mean FFT-bin power 0.1--10 kHz. Shared dB limits [-45.0, 25.0].",,
figures_spectra_small_pc_room_10khz.pdf,spectra,Small PC room,,,,phone_demo/all_rooms/selected_waveform_arrays.npz,,,figures/spectra/small_pc_room_10khz.pdf,,,False,,,,,,,31fba0fb32bf576351bd8dac301cef3a4cd20ea397bb2f1855ef98d2eabba78a,,,,website-only extension,,"0.1--10 kHz display; 0--0.9 s; 1/12-octave mean linear power; each signal normalized by mean FFT-bin power 0.1--10 kHz. Shared dB limits [-45.0, 25.0].",,
figures_spectra_small_pc_room_10khz.png,spectra,Small PC room,,,,phone_demo/all_rooms/selected_waveform_arrays.npz,,,figures/spectra/small_pc_room_10khz.png,,,False,,,,,,,808f96bbed5ef3d372004031fe2490d3c11ece03bc034abfd3d54fd04a63e010,,,,website-only extension,,"0.1--10 kHz display; 0--0.9 s; 1/12-octave mean linear power; each signal normalized by mean FFT-bin power 0.1--10 kHz. Shared dB limits [-45.0, 25.0].",,
figures_spectra_bathroom_10khz.pdf,spectra,Bathroom,,,,phone_demo/all_rooms/selected_waveform_arrays.npz,,,figures/spectra/bathroom_10khz.pdf,,,False,,,,,,,4aa6b0993cbb7713d7c3ce46ba47fa8f912f17ece50a0b13e9a5739f159dfc0c,,,,website-only extension,,"0.1--10 kHz display; 0--0.9 s; 1/12-octave mean linear power; each signal normalized by mean FFT-bin power 0.1--10 kHz. Shared dB limits [-45.0, 25.0].",,
figures_spectra_bathroom_10khz.png,spectra,Bathroom,,,,phone_demo/all_rooms/selected_waveform_arrays.npz,,,figures/spectra/bathroom_10khz.png,,,False,,,,,,,259f98408e4e4ebeb921ef33364b133456504a3675aba4bc848a2cc5341c77e8,,,,website-only extension,,"0.1--10 kHz display; 0--0.9 s; 1/12-octave mean linear power; each signal normalized by mean FFT-bin power 0.1--10 kHz. Shared dB limits [-45.0, 25.0].",,
figures_spectra_medium_clubroom_10khz.pdf,spectra,Medium clubroom,,,,phone_demo/all_rooms/selected_waveform_arrays.npz,,,figures/spectra/medium_clubroom_10khz.pdf,,,False,,,,,,,8161fc704e15c00c826d4debb7aac8cb8b65810b1cc8604ff6d19c96613ae7af,,,,website-only extension,,"0.1--10 kHz display; 0--0.9 s; 1/12-octave mean linear power; each signal normalized by mean FFT-bin power 0.1--10 kHz. Shared dB limits [-45.0, 25.0].",,
figures_spectra_medium_clubroom_10khz.png,spectra,Medium clubroom,,,,phone_demo/all_rooms/selected_waveform_arrays.npz,,,figures/spectra/medium_clubroom_10khz.png,,,False,,,,,,,1ee3d7d305cdf411e0e26f3488644c792dfbe3f6764b8a5d6bcbff7c70996ef3,,,,website-only extension,,"0.1--10 kHz display; 0--0.9 s; 1/12-octave mean linear power; each signal normalized by mean FFT-bin power 0.1--10 kHz. Shared dB limits [-45.0, 25.0].",,
figures_spectra_small_clubroom_10khz.pdf,spectra,Small clubroom,,,,phone_demo/all_rooms/selected_waveform_arrays.npz,,,figures/spectra/small_clubroom_10khz.pdf,,,False,,,,,,,e1385269bd68d0e98dd24a55bfc6b341511c0de0eb1b0cbc66a1530361ab7df5,,,,website-only extension,,"0.1--10 kHz display; 0--0.9 s; 1/12-octave mean linear power; each signal normalized by mean FFT-bin power 0.1--10 kHz. Shared dB limits [-45.0, 25.0].",,
figures_spectra_small_clubroom_10khz.png,spectra,Small clubroom,,,,phone_demo/all_rooms/selected_waveform_arrays.npz,,,figures/spectra/small_clubroom_10khz.png,,,False,,,,,,,913b05a37d6ebf55c8266488df428ac5bb29dd5957c6d76bfe360f2e9fc19b09,,,,website-only extension,,"0.1--10 kHz display; 0--0.9 s; 1/12-octave mean linear power; each signal normalized by mean FFT-bin power 0.1--10 kHz. Shared dB limits [-45.0, 25.0].",,
figures_spectra_elevator_10khz.pdf,spectra,Elevator,,,,phone_demo/all_rooms/selected_waveform_arrays.npz,,,figures/spectra/elevator_10khz.pdf,,,False,,,,,,,834e70a9eee9e02f4fbc3e2de903f2f176057cc89d446d46f100e79cfef0cef2,,,,website-only extension,,"0.1--10 kHz display; 0--0.9 s; 1/12-octave mean linear power; each signal normalized by mean FFT-bin power 0.1--10 kHz. Shared dB limits [-45.0, 25.0].",,
figures_spectra_elevator_10khz.png,spectra,Elevator,,,,phone_demo/all_rooms/selected_waveform_arrays.npz,,,figures/spectra/elevator_10khz.png,,,False,,,,,,,108a0259c23a1e34ca3e835203d56a332f2010501790c51e29a632411c763828,,,,website-only extension,,"0.1--10 kHz display; 0--0.9 s; 1/12-octave mean linear power; each signal normalized by mean FFT-bin power 0.1--10 kHz. Shared dB limits [-45.0, 25.0].",,
figures_spectra_phone_rooms_spectra_20khz_diagnostic.pdf,diagnostic_spectra,Medium-size meeting room; Highly reverberant hallway,,,,phone_demo/all_rooms/selected_waveform_arrays.npz,,,figures/spectra/phone_rooms_spectra_20khz_diagnostic.pdf,,,True,,,,,,,c8a184a5bb16abea16c28045b36dd889ba937dda48e454f2fc7cd886030400a8,,,,paper-linked,,"0.1--20 kHz display; 0--0.9 s; 1/12-octave mean linear power; each signal normalized by mean FFT-bin power 0.1--10 kHz. Shared dB limits [-65.0, 25.0].",,
figures_spectra_phone_rooms_spectra_20khz_diagnostic.png,diagnostic_spectra,Medium-size meeting room; Highly reverberant hallway,,,,phone_demo/all_rooms/selected_waveform_arrays.npz,,,figures/spectra/phone_rooms_spectra_20khz_diagnostic.png,,,True,,,,,,,b4d56c7f3b0cd1d0b2cc7105ba188c2349eb280f3da7f8fde13c10be944b6e1d,,,,paper-linked,,"0.1--20 kHz display; 0--0.9 s; 1/12-octave mean linear power; each signal normalized by mean FFT-bin power 0.1--10 kHz. Shared dB limits [-65.0, 25.0].",,
figures_spectrograms_medium_size_meeting_room_P1_P2_P3.pdf,spectrogram,Medium-size meeting room,P1;P2;P3,,,phone_demo/all_rooms/selected_waveform_arrays.npz,,,figures/spectrograms/medium_size_meeting_room_P1_P2_P3.pdf,,,True,,,,,,,7672c666f06ca888f10ca63fcf3d5b79a8c53a071bd9c03d7d060ed0ba757f00,,,,paper-linked,,"Hann 1024, hop 128, nfft 1024, boundary zeros, padded False; 0--0.9 s, 0.1--10 kHz; per-panel mean STFT power normalization; shared -20 to +30 dB scale; no denoising.",,
figures_spectrograms_medium_size_meeting_room_P1_P2_P3.png,spectrogram,Medium-size meeting room,P1;P2;P3,,,phone_demo/all_rooms/selected_waveform_arrays.npz,,,figures/spectrograms/medium_size_meeting_room_P1_P2_P3.png,,,True,,,,,,,97caa94b5e5e88e56b39d5be98f019672c75c239c5a79b022789412de468048a,,,,paper-linked,,"Hann 1024, hop 128, nfft 1024, boundary zeros, padded False; 0--0.9 s, 0.1--10 kHz; per-panel mean STFT power normalization; shared -20 to +30 dB scale; no denoising.",,
figures_spectrograms_medium_size_meeting_room_8modes.pdf,spectrogram,Medium-size meeting room,P1;P2;P3;A1;A2;A3;A1-;A1+,,,phone_demo/all_rooms/selected_waveform_arrays.npz,,,figures/spectrograms/medium_size_meeting_room_8modes.pdf,,,True,,,,,,,e0703a5808998fb8ec6db2516d02cc75acf867c5fccc465cd3fe532a0e4a2528,,,,paper-linked,,"Hann 1024, hop 128, nfft 1024, boundary zeros, padded False; 0--0.9 s, 0.1--10 kHz; per-panel mean STFT power normalization; shared -20 to +30 dB scale; no denoising.",,
figures_spectrograms_medium_size_meeting_room_8modes.png,spectrogram,Medium-size meeting room,P1;P2;P3;A1;A2;A3;A1-;A1+,,,phone_demo/all_rooms/selected_waveform_arrays.npz,,,figures/spectrograms/medium_size_meeting_room_8modes.png,,,True,,,,,,,f62f381d88cc00687601ad8d6dc00d686664a82f42f04331068da32cd428d957,,,,paper-linked,,"Hann 1024, hop 128, nfft 1024, boundary zeros, padded False; 0--0.9 s, 0.1--10 kHz; per-panel mean STFT power normalization; shared -20 to +30 dB scale; no denoising.",,
figures_spectrograms_highly_reverberant_hallway_P1_P2_P3.pdf,spectrogram,Highly reverberant hallway,P1;P2;P3,,,phone_demo/all_rooms/selected_waveform_arrays.npz,,,figures/spectrograms/highly_reverberant_hallway_P1_P2_P3.pdf,,,True,,,,,,,0052b8561c4364107c884950219a1ec7b31c7ccca7b26d9d3fee5d94a0c4251a,,,,paper-linked,,"Hann 1024, hop 128, nfft 1024, boundary zeros, padded False; 0--0.9 s, 0.1--10 kHz; per-panel mean STFT power normalization; shared -20 to +30 dB scale; no denoising.",,
figures_spectrograms_highly_reverberant_hallway_P1_P2_P3.png,spectrogram,Highly reverberant hallway,P1;P2;P3,,,phone_demo/all_rooms/selected_waveform_arrays.npz,,,figures/spectrograms/highly_reverberant_hallway_P1_P2_P3.png,,,True,,,,,,,2f5d626dca90afcb8d467c9734b76fed5abcf4d7593bf7ca74e7336c71a3267b,,,,paper-linked,,"Hann 1024, hop 128, nfft 1024, boundary zeros, padded False; 0--0.9 s, 0.1--10 kHz; per-panel mean STFT power normalization; shared -20 to +30 dB scale; no denoising.",,
figures_spectrograms_highly_reverberant_hallway_8modes.pdf,spectrogram,Highly reverberant hallway,P1;P2;P3;A1;A2;A3;A1-;A1+,,,phone_demo/all_rooms/selected_waveform_arrays.npz,,,figures/spectrograms/highly_reverberant_hallway_8modes.pdf,,,True,,,,,,,89a750bf1e0b1d5b8204367d9c0afbb3f21111def5b3285527e4791bbdb67659,,,,paper-linked,,"Hann 1024, hop 128, nfft 1024, boundary zeros, padded False; 0--0.9 s, 0.1--10 kHz; per-panel mean STFT power normalization; shared -20 to +30 dB scale; no denoising.",,
figures_spectrograms_highly_reverberant_hallway_8modes.png,spectrogram,Highly reverberant hallway,P1;P2;P3;A1;A2;A3;A1-;A1+,,,phone_demo/all_rooms/selected_waveform_arrays.npz,,,figures/spectrograms/highly_reverberant_hallway_8modes.png,,,True,,,,,,,2373bb516fe6a5b8bf7f52acbc7f6c07b4f67c7cdfde4c2babb57d5542ad6a76,,,,paper-linked,,"Hann 1024, hop 128, nfft 1024, boundary zeros, padded False; 0--0.9 s, 0.1--10 kHz; per-panel mean STFT power normalization; shared -20 to +30 dB scale; no denoising.",,
figures_spectrograms_small_pc_room_P1_P2_P3.pdf,spectrogram,Small PC room,P1;P2;P3,,,phone_demo/all_rooms/selected_waveform_arrays.npz,,,figures/spectrograms/small_pc_room_P1_P2_P3.pdf,,,False,,,,,,,8fdfba0839e6549feb1a6eb9424641cb9ec8fa45e72f8dcd20af1cdc3dc88c44,,,,website-only extension,,"Hann 1024, hop 128, nfft 1024, boundary zeros, padded False; 0--0.9 s, 0.1--10 kHz; per-panel mean STFT power normalization; shared -20 to +30 dB scale; no denoising.",,
figures_spectrograms_small_pc_room_P1_P2_P3.png,spectrogram,Small PC room,P1;P2;P3,,,phone_demo/all_rooms/selected_waveform_arrays.npz,,,figures/spectrograms/small_pc_room_P1_P2_P3.png,,,False,,,,,,,2923b56cd74b1a2c4bf1446ebbaa20b08010ea74029ed6388becf8c746516299,,,,website-only extension,,"Hann 1024, hop 128, nfft 1024, boundary zeros, padded False; 0--0.9 s, 0.1--10 kHz; per-panel mean STFT power normalization; shared -20 to +30 dB scale; no denoising.",,
figures_spectrograms_small_pc_room_8modes.pdf,spectrogram,Small PC room,P1;P2;P3;A1;A2;A3;A1-;A1+,,,phone_demo/all_rooms/selected_waveform_arrays.npz,,,figures/spectrograms/small_pc_room_8modes.pdf,,,False,,,,,,,0aa84358aa8787123808cb82584277158ba6741d5e585d8437e852f0c8f8bf20,,,,website-only extension,,"Hann 1024, hop 128, nfft 1024, boundary zeros, padded False; 0--0.9 s, 0.1--10 kHz; per-panel mean STFT power normalization; shared -20 to +30 dB scale; no denoising.",,
figures_spectrograms_small_pc_room_8modes.png,spectrogram,Small PC room,P1;P2;P3;A1;A2;A3;A1-;A1+,,,phone_demo/all_rooms/selected_waveform_arrays.npz,,,figures/spectrograms/small_pc_room_8modes.png,,,False,,,,,,,2204a3cf472fd69ae634bed0a4c12fc06bc1ad5a3214f80d6724f078b6da4ef8,,,,website-only extension,,"Hann 1024, hop 128, nfft 1024, boundary zeros, padded False; 0--0.9 s, 0.1--10 kHz; per-panel mean STFT power normalization; shared -20 to +30 dB scale; no denoising.",,
figures_spectrograms_bathroom_P1_P2_P3.pdf,spectrogram,Bathroom,P1;P2;P3,,,phone_demo/all_rooms/selected_waveform_arrays.npz,,,figures/spectrograms/bathroom_P1_P2_P3.pdf,,,False,,,,,,,8906bd5747a3a3f0ac1760f7c64aa034995efd4bba50fd44cc0cbc94859843b5,,,,website-only extension,,"Hann 1024, hop 128, nfft 1024, boundary zeros, padded False; 0--0.9 s, 0.1--10 kHz; per-panel mean STFT power normalization; shared -20 to +30 dB scale; no denoising.",,
figures_spectrograms_bathroom_P1_P2_P3.png,spectrogram,Bathroom,P1;P2;P3,,,phone_demo/all_rooms/selected_waveform_arrays.npz,,,figures/spectrograms/bathroom_P1_P2_P3.png,,,False,,,,,,,bccfcedaf9c0b0445613471dba8fef883399b92f581bd43948626ae3664f6086,,,,website-only extension,,"Hann 1024, hop 128, nfft 1024, boundary zeros, padded False; 0--0.9 s, 0.1--10 kHz; per-panel mean STFT power normalization; shared -20 to +30 dB scale; no denoising.",,
figures_spectrograms_bathroom_8modes.pdf,spectrogram,Bathroom,P1;P2;P3;A1;A2;A3;A1-;A1+,,,phone_demo/all_rooms/selected_waveform_arrays.npz,,,figures/spectrograms/bathroom_8modes.pdf,,,False,,,,,,,e540fff18dec66e2489cbff56ac982fffd930f0397594a9ccce875211d9d5811,,,,website-only extension,,"Hann 1024, hop 128, nfft 1024, boundary zeros, padded False; 0--0.9 s, 0.1--10 kHz; per-panel mean STFT power normalization; shared -20 to +30 dB scale; no denoising.",,
figures_spectrograms_bathroom_8modes.png,spectrogram,Bathroom,P1;P2;P3;A1;A2;A3;A1-;A1+,,,phone_demo/all_rooms/selected_waveform_arrays.npz,,,figures/spectrograms/bathroom_8modes.png,,,False,,,,,,,7f04b7787ea87f3866d30541edf4c37c7ff3a1dfa6b6395c101458c331106ab8,,,,website-only extension,,"Hann 1024, hop 128, nfft 1024, boundary zeros, padded False; 0--0.9 s, 0.1--10 kHz; per-panel mean STFT power normalization; shared -20 to +30 dB scale; no denoising.",,
figures_spectrograms_medium_clubroom_P1_P2_P3.pdf,spectrogram,Medium clubroom,P1;P2;P3,,,phone_demo/all_rooms/selected_waveform_arrays.npz,,,figures/spectrograms/medium_clubroom_P1_P2_P3.pdf,,,False,,,,,,,146a8beb505a271776061e7fe833bf519fcc9f2a9581440a34e8a688e42e1fda,,,,website-only extension,,"Hann 1024, hop 128, nfft 1024, boundary zeros, padded False; 0--0.9 s, 0.1--10 kHz; per-panel mean STFT power normalization; shared -20 to +30 dB scale; no denoising.",,
figures_spectrograms_medium_clubroom_P1_P2_P3.png,spectrogram,Medium clubroom,P1;P2;P3,,,phone_demo/all_rooms/selected_waveform_arrays.npz,,,figures/spectrograms/medium_clubroom_P1_P2_P3.png,,,False,,,,,,,2d861493c7a2fc6c6cab75d581434182afde7214245252a47913c8c63871f46f,,,,website-only extension,,"Hann 1024, hop 128, nfft 1024, boundary zeros, padded False; 0--0.9 s, 0.1--10 kHz; per-panel mean STFT power normalization; shared -20 to +30 dB scale; no denoising.",,
figures_spectrograms_medium_clubroom_8modes.pdf,spectrogram,Medium clubroom,P1;P2;P3;A1;A2;A3;A1-;A1+,,,phone_demo/all_rooms/selected_waveform_arrays.npz,,,figures/spectrograms/medium_clubroom_8modes.pdf,,,False,,,,,,,efa84b7c360866e5b270e7bab98ec9fe1ba6bcf28089921eee5ad25d8ce28645,,,,website-only extension,,"Hann 1024, hop 128, nfft 1024, boundary zeros, padded False; 0--0.9 s, 0.1--10 kHz; per-panel mean STFT power normalization; shared -20 to +30 dB scale; no denoising.",,
figures_spectrograms_medium_clubroom_8modes.png,spectrogram,Medium clubroom,P1;P2;P3;A1;A2;A3;A1-;A1+,,,phone_demo/all_rooms/selected_waveform_arrays.npz,,,figures/spectrograms/medium_clubroom_8modes.png,,,False,,,,,,,f1a1d582dea6b829e1a19f08de87e658957bbef99f64c0fb04772aa47378118d,,,,website-only extension,,"Hann 1024, hop 128, nfft 1024, boundary zeros, padded False; 0--0.9 s, 0.1--10 kHz; per-panel mean STFT power normalization; shared -20 to +30 dB scale; no denoising.",,
figures_spectrograms_small_clubroom_P1_P2_P3.pdf,spectrogram,Small clubroom,P1;P2;P3,,,phone_demo/all_rooms/selected_waveform_arrays.npz,,,figures/spectrograms/small_clubroom_P1_P2_P3.pdf,,,False,,,,,,,496fd2f3ed079edd10a87c8a19328f9aba0d37748edc8a2322c309c50d0aa518,,,,website-only extension,,"Hann 1024, hop 128, nfft 1024, boundary zeros, padded False; 0--0.9 s, 0.1--10 kHz; per-panel mean STFT power normalization; shared -20 to +30 dB scale; no denoising.",,
figures_spectrograms_small_clubroom_P1_P2_P3.png,spectrogram,Small clubroom,P1;P2;P3,,,phone_demo/all_rooms/selected_waveform_arrays.npz,,,figures/spectrograms/small_clubroom_P1_P2_P3.png,,,False,,,,,,,49a640090f62d59fb1394824bcc75d3753976473d72eec9507fa82bde31958fc,,,,website-only extension,,"Hann 1024, hop 128, nfft 1024, boundary zeros, padded False; 0--0.9 s, 0.1--10 kHz; per-panel mean STFT power normalization; shared -20 to +30 dB scale; no denoising.",,
figures_spectrograms_small_clubroom_8modes.pdf,spectrogram,Small clubroom,P1;P2;P3;A1;A2;A3;A1-;A1+,,,phone_demo/all_rooms/selected_waveform_arrays.npz,,,figures/spectrograms/small_clubroom_8modes.pdf,,,False,,,,,,,a8d1be42140c10761fbd52db43be7000b58a5294644960574c0eef18f6274063,,,,website-only extension,,"Hann 1024, hop 128, nfft 1024, boundary zeros, padded False; 0--0.9 s, 0.1--10 kHz; per-panel mean STFT power normalization; shared -20 to +30 dB scale; no denoising.",,
figures_spectrograms_small_clubroom_8modes.png,spectrogram,Small clubroom,P1;P2;P3;A1;A2;A3;A1-;A1+,,,phone_demo/all_rooms/selected_waveform_arrays.npz,,,figures/spectrograms/small_clubroom_8modes.png,,,False,,,,,,,7027c7ddb088714a3a66ad204006c1ec012dde95133d2b288edef5a8051c421f,,,,website-only extension,,"Hann 1024, hop 128, nfft 1024, boundary zeros, padded False; 0--0.9 s, 0.1--10 kHz; per-panel mean STFT power normalization; shared -20 to +30 dB scale; no denoising.",,
figures_spectrograms_elevator_P1_P2_P3.pdf,spectrogram,Elevator,P1;P2;P3,,,phone_demo/all_rooms/selected_waveform_arrays.npz,,,figures/spectrograms/elevator_P1_P2_P3.pdf,,,False,,,,,,,e74fe6f2f94bac02eefa7ba9792cf21bf79575af5645462f443099c5156202ac,,,,website-only extension,,"Hann 1024, hop 128, nfft 1024, boundary zeros, padded False; 0--0.9 s, 0.1--10 kHz; per-panel mean STFT power normalization; shared -20 to +30 dB scale; no denoising.",,
figures_spectrograms_elevator_P1_P2_P3.png,spectrogram,Elevator,P1;P2;P3,,,phone_demo/all_rooms/selected_waveform_arrays.npz,,,figures/spectrograms/elevator_P1_P2_P3.png,,,False,,,,,,,eeb3cb5baca7517868cff4b63fc6ccb79d0a86621afd829be9276fd51466adc6,,,,website-only extension,,"Hann 1024, hop 128, nfft 1024, boundary zeros, padded False; 0--0.9 s, 0.1--10 kHz; per-panel mean STFT power normalization; shared -20 to +30 dB scale; no denoising.",,
figures_spectrograms_elevator_8modes.pdf,spectrogram,Elevator,P1;P2;P3;A1;A2;A3;A1-;A1+,,,phone_demo/all_rooms/selected_waveform_arrays.npz,,,figures/spectrograms/elevator_8modes.pdf,,,False,,,,,,,cea6b456b1627c93a380ed4cb6ef7eccfbfb637248ae262deeb6cd4dd97262da,,,,website-only extension,,"Hann 1024, hop 128, nfft 1024, boundary zeros, padded False; 0--0.9 s, 0.1--10 kHz; per-panel mean STFT power normalization; shared -20 to +30 dB scale; no denoising.",,
figures_spectrograms_elevator_8modes.png,spectrogram,Elevator,P1;P2;P3;A1;A2;A3;A1-;A1+,,,phone_demo/all_rooms/selected_waveform_arrays.npz,,,figures/spectrograms/elevator_8modes.png,,,False,,,,,,,c3c6497504a46fe339c63c40088e9ccabc35984f97541c0ae54e05a544951f53,,,,website-only extension,,"Hann 1024, hop 128, nfft 1024, boundary zeros, padded False; 0--0.9 s, 0.1--10 kHz; per-panel mean STFT power normalization; shared -20 to +30 dB scale; no denoising.",,
figures_waveforms_phone_rooms_P1_P2_P3.pdf,waveforms,,P1;P2;P3,,,phone_demo/all_rooms/selected_waveform_arrays.npz,,,figures/waveforms/phone_rooms_P1_P2_P3.pdf,,,,,,,,,,fd6906aa4b024e20172e7d735b42c28784157953e3c2cdcbc481c5ebc3384d30,,,,paper-linked,,"Inferred only, 0--250 ms, independent peak normalization for visualization only; existing onset alignment.",,
figures_waveforms_phone_rooms_P1_P2_P3.png,waveforms,,P1;P2;P3,,,phone_demo/all_rooms/selected_waveform_arrays.npz,,,figures/waveforms/phone_rooms_P1_P2_P3.png,,,,,,,,,,100878fe080dea85753debdff9a3190a7c9082b11a2754f0dbee67fa9b33b386,,,,paper-linked,,"Inferred only, 0--250 ms, independent peak normalization for visualization only; existing onset alignment.",,
figures_spectra_paper_phone_spectra_15khz.pdf,paper_spectra,,,,,publication/figures/phone_qualitative_spectrum_8modes.pdf,,1872a6df1adc2d5ddcbb0737754795b6d519930ad004b3576347852749cb0217,figures/spectra/paper_phone_spectra_15khz.pdf,,,,,,,,,,1872a6df1adc2d5ddcbb0737754795b6d519930ad004b3576347852749cb0217,,,,paper-linked,,,,
figures_spectra_paper_phone_spectra_15khz.png,paper_spectra,,,,,publication/figures/phone_qualitative_spectrum_8modes.png,,f8ea6ef58fe086d4a49d7e4adbef3c3f2a2b1a364ba52161c08faa7b34f10cc3,figures/spectra/paper_phone_spectra_15khz.png,,,,,,,,,,f8ea6ef58fe086d4a49d7e4adbef3c3f2a2b1a364ba52161c08faa7b34f10cc3,,,,paper-linked,,,,
figures_waveforms_paper_spectra_and_waveforms_15khz.pdf,paper_spectra_waveforms,,,,,publication/figures/phone_qualitative_spectrum_time.pdf,,50cbc3291afc716b2e2570111b64a95ebd7079c0e938ee85e2a5ec66016332bc,figures/waveforms/paper_spectra_and_waveforms_15khz.pdf,,,,,,,,,,50cbc3291afc716b2e2570111b64a95ebd7079c0e938ee85e2a5ec66016332bc,,,,paper-linked,,"Room spectra immediately above same-room temporal panels; all eight modes, (a)-(h). Spectra peak-normalized over 0.1--15 kHz, -40..0 dB. Time 0--250 ms: 221-sample centered RMS window, 44-sample hop, independent display-only RMS peak normalization; level -40..0 dB.",,
figures_waveforms_paper_spectra_and_waveforms_15khz.png,paper_spectra_waveforms,,,,,publication/figures/phone_qualitative_spectrum_time.png,,0afc53bff88df7d344fba019d4475ca844e10e44e2f580d161f2d73060699c1c,figures/waveforms/paper_spectra_and_waveforms_15khz.png,,,,,,,,,,0afc53bff88df7d344fba019d4475ca844e10e44e2f580d161f2d73060699c1c,,,,paper-linked,,"Room spectra immediately above same-room temporal panels; all eight modes, (a)-(h). Spectra peak-normalized over 0.1--15 kHz, -40..0 dB. Time 0--250 ms: 221-sample centered RMS window, 44-sample hop, independent display-only RMS peak normalization; level -40..0 dB.",,
dataset_anechoic_examples_anechoic_training_examples.pdf,anechoic_figure,,,,,publication/figures/fig_clap_dataset.pdf,,125f0d8bfa9ee8f02536a51fbb64455dd818b4f065b5c960102ce8ce5f9bf915,dataset/anechoic_examples/anechoic_training_examples.pdf,,,,,,,,,,125f0d8bfa9ee8f02536a51fbb64455dd818b4f065b5c960102ce8ce5f9bf915,,,,dataset material,,,,
dataset_anechoic_examples_anechoic_training_examples.png,anechoic_figure,,,,,publication/figures/fig_clap_dataset.png,,a332429af9149eb7118010d2e8bb06ab95eb1bf0d5f259202e5f9822b0d9c409,dataset/anechoic_examples/anechoic_training_examples.png,,,,,,,,,,a332429af9149eb7118010d2e8bb06ab95eb1bf0d5f259202e5f9822b0d9c409,,,,dataset material,,,,
room_photos_medium_size_meeting_room_01.jpeg,room_photo,Medium-size meeting room,,,,data/DifferentClaps_PhoneRecording_V1/pictures/1-MediumSizeMeetingRoom_1.jpeg,,a0a6b9fb091baf3c745deefc60fc5ac2e68ae576a8994df8d59878b2f4466271,room_photos/medium_size_meeting_room_01.jpeg,,,,,,,,,,a0a6b9fb091baf3c745deefc60fc5ac2e68ae576a8994df8d59878b2f4466271,,,,website-only extension,user-authorized project photograph; no separate photo license asserted,Identity documented in reports/phone_clap_demo/rooms/room_map.csv; copied unchanged. No replacement/generated image.,True,True
room_photos_medium_size_meeting_room_02.jpeg,room_photo,Medium-size meeting room,,,,data/DifferentClaps_PhoneRecording_V1/pictures/1-MediumSizeMeetingRoom_2.jpeg,,c793f6857f759e70e7f62b629a135913b90da64d52198e330f0b7294dfdff2ee,room_photos/medium_size_meeting_room_02.jpeg,,,,,,,,,,c793f6857f759e70e7f62b629a135913b90da64d52198e330f0b7294dfdff2ee,,,,website-only extension,user-authorized project photograph; no separate photo license asserted,Identity documented in reports/phone_clap_demo/rooms/room_map.csv; copied unchanged. No replacement/generated image.,True,True
room_photos_medium_size_meeting_room_03.jpeg,room_photo,Medium-size meeting room,,,,data/DifferentClaps_PhoneRecording_V1/pictures/1-MediumSizeMeetingRoom_3.jpeg,,b662ed8fe855c43fb3dd0b0ff580ff4f047614a6f56cba647697279167b8658a,room_photos/medium_size_meeting_room_03.jpeg,,,,,,,,,,b662ed8fe855c43fb3dd0b0ff580ff4f047614a6f56cba647697279167b8658a,,,,website-only extension,user-authorized project photograph; no separate photo license asserted,Identity documented in reports/phone_clap_demo/rooms/room_map.csv; copied unchanged. No replacement/generated image.,True,True
room_photos_highly_reverberant_hallway_01.jpeg,room_photo,Highly reverberant hallway,,,,data/DifferentClaps_PhoneRecording_V1/pictures/2-AcousticsHallway_1.jpeg,,c50b5612b148f852a4e19c23ff57b242483acb69585a4e6ec12debda4eecec74,room_photos/highly_reverberant_hallway_01.jpeg,,,,,,,,,,c50b5612b148f852a4e19c23ff57b242483acb69585a4e6ec12debda4eecec74,,,,website-only extension,user-authorized project photograph; no separate photo license asserted,Identity documented in reports/phone_clap_demo/rooms/room_map.csv; copied unchanged. No replacement/generated image.,True,True
room_photos_highly_reverberant_hallway_02.jpeg,room_photo,Highly reverberant hallway,,,,data/DifferentClaps_PhoneRecording_V1/pictures/2-AcousticsHallway_2.jpeg,,3f5415655a8c6247bb47647d732c80de61995ed603665c2f50cb97ac261c62f0,room_photos/highly_reverberant_hallway_02.jpeg,,,,,,,,,,3f5415655a8c6247bb47647d732c80de61995ed603665c2f50cb97ac261c62f0,,,,website-only extension,user-authorized project photograph; no separate photo license asserted,Identity documented in reports/phone_clap_demo/rooms/room_map.csv; copied unchanged. No replacement/generated image.,True,True
room_photos_small_pc_room_01.jpeg,room_photo,Small PC room,,,,data/DifferentClaps_PhoneRecording_V1/pictures/3-SmallPCRoom_1.jpeg,,91a0f1c70966d37668e558f322cb0e100180a75557147a8b5eee1d72d769c7a5,room_photos/small_pc_room_01.jpeg,,,,,,,,,,91a0f1c70966d37668e558f322cb0e100180a75557147a8b5eee1d72d769c7a5,,,,website-only extension,user-authorized project photograph; no separate photo license asserted,Identity documented in reports/phone_clap_demo/rooms/room_map.csv; copied unchanged. No replacement/generated image.,True,True
room_photos_small_pc_room_02.jpeg,room_photo,Small PC room,,,,data/DifferentClaps_PhoneRecording_V1/pictures/3-SmallPCRoom_2.jpeg,,de35261dfb987419f879093929c00666018638a16756b6a4e267ed242206158e,room_photos/small_pc_room_02.jpeg,,,,,,,,,,de35261dfb987419f879093929c00666018638a16756b6a4e267ed242206158e,,,,website-only extension,user-authorized project photograph; no separate photo license asserted,Identity documented in reports/phone_clap_demo/rooms/room_map.csv; copied unchanged. No replacement/generated image.,True,True
room_photos_bathroom_01.jpeg,room_photo,Bathroom,,,,data/DifferentClaps_PhoneRecording_V1/pictures/4-Bathroom.jpeg,,a45a685bee75de148a2a4b9f805295c334b297e25f6655fe723a37ce0244f0d3,room_photos/bathroom_01.jpeg,,,,,,,,,,a45a685bee75de148a2a4b9f805295c334b297e25f6655fe723a37ce0244f0d3,,,,website-only extension,user-authorized project photograph; no separate photo license asserted,Identity documented in reports/phone_clap_demo/rooms/room_map.csv; copied unchanged. No replacement/generated image.,True,True
room_photos_medium_clubroom_01.jpeg,room_photo,Medium clubroom,,,,data/DifferentClaps_PhoneRecording_V1/pictures/5-ClubroomMedium_1.jpeg,,cb96980eb4ec112a6b46a2d894fc13b082b94dc1b37e5bfc8b9f823d21731cca,room_photos/medium_clubroom_01.jpeg,,,,,,,,,,cb96980eb4ec112a6b46a2d894fc13b082b94dc1b37e5bfc8b9f823d21731cca,,,,website-only extension,user-authorized project photograph; no separate photo license asserted,Identity documented in reports/phone_clap_demo/rooms/room_map.csv; copied unchanged. No replacement/generated image.,True,True
room_photos_medium_clubroom_02.jpeg,room_photo,Medium clubroom,,,,data/DifferentClaps_PhoneRecording_V1/pictures/5-ClubroomMedium_2.jpeg,,871d853c96b43200cea149877b7e77287b2f8cff618ccf5b1ffc0d59829605d7,room_photos/medium_clubroom_02.jpeg,,,,,,,,,,871d853c96b43200cea149877b7e77287b2f8cff618ccf5b1ffc0d59829605d7,,,,website-only extension,user-authorized project photograph; no separate photo license asserted,Identity documented in reports/phone_clap_demo/rooms/room_map.csv; copied unchanged. No replacement/generated image.,True,True
room_photos_small_clubroom_01.jpeg,room_photo,Small clubroom,,,,data/DifferentClaps_PhoneRecording_V1/pictures/6-ClubroomSmall_1.jpeg,,6f5be6a39bad73a5fcaa58fb3bdc38f8cac1f7e0817004aaba6f761d9b43855a,room_photos/small_clubroom_01.jpeg,,,,,,,,,,6f5be6a39bad73a5fcaa58fb3bdc38f8cac1f7e0817004aaba6f761d9b43855a,,,,website-only extension,user-authorized project photograph; no separate photo license asserted,Identity documented in reports/phone_clap_demo/rooms/room_map.csv; copied unchanged. No replacement/generated image.,True,True
room_photos_small_clubroom_02.jpeg,room_photo,Small clubroom,,,,data/DifferentClaps_PhoneRecording_V1/pictures/6-ClubroomSmall_2.jpeg,,e4f06bd7c8c11b5289a5b95aeea3a18dabcbf68a07b6d583ca9fa43bf15ac5a4,room_photos/small_clubroom_02.jpeg,,,,,,,,,,e4f06bd7c8c11b5289a5b95aeea3a18dabcbf68a07b6d583ca9fa43bf15ac5a4,,,,website-only extension,user-authorized project photograph; no separate photo license asserted,Identity documented in reports/phone_clap_demo/rooms/room_map.csv; copied unchanged. No replacement/generated image.,True,True
room_photos_elevator_01.jpeg,room_photo,Elevator,,,,data/DifferentClaps_PhoneRecording_V1/pictures/7-Elevator.jpeg,,70aec5d196125b109fbfdb0952a630905a50458c475ecf215d21f53a81e68af9,room_photos/elevator_01.jpeg,,,,,,,,,,70aec5d196125b109fbfdb0952a630905a50458c475ecf215d21f53a81e68af9,,,,website-only extension,user-authorized project photograph; no separate photo license asserted,Identity documented in reports/phone_clap_demo/rooms/room_map.csv; copied unchanged. No replacement/generated image.,True,True
audio_anechoic_claps_participant01_block01_clap01.wav,anechoic_clap,,,1,,data/real_claps/participant01/block01/clap01.wav,,,audio/anechoic_claps/participant01_block01_clap01.wav,44100,0.26,,,Same as scripts/figures/clap_dataset_figure.py: first clean primary-channel-3 training record from each of the first five distinct participants in metadata order.,,,0.12282490730285645,17.214271099185122,f1597fcec5aff6b29c1375d19c5e0246d154e69358b56c6bf04db6702fd4158e,,,,dataset material,user-authorized project example; separate dataset license not established,"Same source event as the dataset figure, full retained clip for listening (not its 20-ms plot crop). Primary channel only. No verified individual-event P/A mode label.",,
audio_anechoic_claps_participant02_block01_clap01.wav,anechoic_clap,,,2,,data/real_claps/participant02/block01/clap01.wav,,,audio/anechoic_claps/participant02_block01_clap01.wav,44100,0.26,,,Same as scripts/figures/clap_dataset_figure.py: first clean primary-channel-3 training record from each of the first five distinct participants in metadata order.,,,0.04296994209289551,26.336704631582766,f8a85bcd5090eeb6e619a1abf583b66380ac80952b85a1366d0daeebad44e740,,,,dataset material,user-authorized project example; separate dataset license not established,"Same source event as the dataset figure, full retained clip for listening (not its 20-ms plot crop). Primary channel only. No verified individual-event P/A mode label.",,
audio_anechoic_claps_participant04_block01_clap01.wav,anechoic_clap,,,4,,data/real_claps/participant04/block01/clap01.wav,,,audio/anechoic_claps/participant04_block01_clap01.wav,44100,0.26,,,Same as scripts/figures/clap_dataset_figure.py: first clean primary-channel-3 training record from each of the first five distinct participants in metadata order.,,,0.09437823295593262,19.502563164288574,3c5f05dddf94837c74f7428428e2d3650ac5c120059850f1b88b2018c0d1d4fa,,,,dataset material,user-authorized project example; separate dataset license not established,"Same source event as the dataset figure, full retained clip for listening (not its 20-ms plot crop). Primary channel only. No verified individual-event P/A mode label.",,
audio_anechoic_claps_participant05_block03_clap01.wav,anechoic_clap,,,5,,data/real_claps/participant05/block03/clap01.wav,,,audio/anechoic_claps/participant05_block03_clap01.wav,44100,0.26,,,Same as scripts/figures/clap_dataset_figure.py: first clean primary-channel-3 training record from each of the first five distinct participants in metadata order.,,,0.8131668567657471,0.7964066148727944,82fd646a6625883ceceb147391accb978da8aa3640356a40ecc860208172c9ec,,,,dataset material,user-authorized project example; separate dataset license not established,"Same source event as the dataset figure, full retained clip for listening (not its 20-ms plot crop). Primary channel only. No verified individual-event P/A mode label.",,
audio_anechoic_claps_participant07_block01_clap01.wav,anechoic_clap,,,7,,data/real_claps/participant07/block01/clap01.wav,,,audio/anechoic_claps/participant07_block01_clap01.wav,44100,0.26,,,Same as scripts/figures/clap_dataset_figure.py: first clean primary-channel-3 training record from each of the first five distinct participants in metadata order.,,,0.0322648286819458,28.825412730884914,99ec213d0b8df137e703e0481520b6ded972104c0c8b315dcc9cf649f9be525c,,,,dataset material,user-authorized project example; separate dataset license not established,"Same source event as the dataset figure, full retained clip for listening (not its 20-ms plot crop). Primary channel only. No verified individual-event P/A mode label.",,
dataset_legacy_segmentation_report.txt,dataset_documentation,,,,,data/real_claps/cut_report.txt,,d39638e132bc20a80621f75b8fd4a26fda76d9742e255f0b3feb59294ef9b489,dataset/legacy_segmentation_report.txt,,,,,,,,,,d39638e132bc20a80621f75b8fd4a26fda76d9742e255f0b3feb59294ef9b489,,,,dataset material,,Existing legacy benchmark inventory; not the newer 2540-event release mentioned in current manuscript edits.,,
dataset_benchmark_participant_split.json,metadata,,,,,,,,dataset/benchmark_participant_split.json,,,,,,,,,,e8813708343cf49b1f9f0ef86c4aeb4d06d680204374ecde586d6da1bd201dba,,,,provenance,,,,
dataset_source_code_LICENSE.txt,source_code_license,,,,,LICENSE,,2a49fe0ec4add0ff897334b9d84516b052f90238736edb5e2182836c3731d6b5,dataset/source_code_LICENSE.txt,,,,,,,,,,2a49fe0ec4add0ff897334b9d84516b052f90238736edb5e2182836c3731d6b5,,,,dataset material,,"Existing repository software license. This is not asserted as a blanket dataset, photo or audio license.",,
dataset_clap_pose_reference_protocol_source.md,protocol_documentation,,,,,reports/phone_clap_demo/rooms/clap_taxonomy.md,,1bfb1f668738c2e2c683269655143b7f36015e3038e96c9d7ce6cf4dc818aaa1,dataset/clap_pose_reference/protocol_source.md,,,,,,,,,,1bfb1f668738c2e2c683269655143b7f36015e3038e96c9d7ce6cf4dc818aaa1,,,,dataset material,,Existing phone protocol reference. Does not establish individual anechoic-event pose labels.,,
project_links.json,metadata,,,,,,,,project_links.json,,,,,,,,,,4ce35ca2cc0340e86697077027a22e1b95f7e9c9f2571ec557c7755909e305e0,,,,provenance,,,,
inventory_summary.json,metadata,,,,,,,,inventory_summary.json,,,,,,,,,,d31ef3e0360cd707793a86c1a9633e7f8ea4a2deb9162bc7635a044ffe035562,,,,provenance,,,,
dataset_anechoic_examples_inventory.json,metadata,,,,,,,,dataset/anechoic_examples/inventory.json,,,,,,,,,,7ac0bbfb63ebebed37890c796fcd8b09e81843b029bcd8c8f09ef44172c049c8,,,,provenance,,,,
phone_demo_medium_size_meeting_room_recording_inventory.csv,metadata,,,,,,,,phone_demo/medium_size_meeting_room/recording_inventory.csv,,,,,,,,,,7218128e90255b61f17cf905bc962fb9bdf1e2b6421af6ef112754ed7237d006,,,,provenance,,,,
phone_demo_highly_reverberant_hallway_recording_inventory.csv,metadata,,,,,,,,phone_demo/highly_reverberant_hallway/recording_inventory.csv,,,,,,,,,,442dca60387bd4d0d7f2fa0a4fa24853f2d837043b84f3877557ef3753193bd3,,,,provenance,,,,
phone_demo_all_rooms_examples.json,metadata,,,,,,,,phone_demo/all_rooms/examples.json,,,,,,,,,,a884aa7ac1a80d79fb8697813865de10084b601740108b25b130b038d7606f70,,,,provenance,,,,
phone_demo_all_rooms_recording_inventory.csv,metadata,,,,,,,,phone_demo/all_rooms/recording_inventory.csv,,,,,,,,,,b9bca8e85bf086d6b3cb591e858375436b747447a18e409387e77501d8bdcd0a,,,,provenance,,,,
room_photos_inventory.json,metadata,,,,,,,,room_photos/inventory.json,,,,,,,,,,bb02234f675fff30d02fa4ca9eb31c516446d54d41b77afcb673bb88bcbc6f24,,,,provenance,,,,
figures_waveforms_paper_spectra_and_waveforms_linear_15khz.pdf,paper_spectra_waveforms_linear,,,,,publication/figures/phone_qualitative_spectrum_time_linear.pdf,,c047045c61cb8d8282d3340941c3fcd4dc56fc18ae32a157923216e508f6832e,figures/waveforms/paper_spectra_and_waveforms_linear_15khz.pdf,,,,,,,,,,c047045c61cb8d8282d3340941c3fcd4dc56fc18ae32a157923216e508f6832e,,,,paper-linked,,"Room spectra immediately above same-room temporal panels; all eight modes, (a)-(h). Spectra peak-normalized over 0.1--15 kHz, -40..0 dB. Time 0--250 ms: raw signed digital amplitudes, no normalization; shared -1..1 axes.",,
figures_waveforms_paper_spectra_and_waveforms_linear_15khz.png,paper_spectra_waveforms_linear,,,,,publication/figures/phone_qualitative_spectrum_time_linear.png,,70b0aa70a399658eb5c234775b830c28b4dceb928c04392fb5d6d17ca3c752fd,figures/waveforms/paper_spectra_and_waveforms_linear_15khz.png,,,,,,,,,,70b0aa70a399658eb5c234775b830c28b4dceb928c04392fb5d6d17ca3c752fd,,,,paper-linked,,"Room spectra immediately above same-room temporal panels; all eight modes, (a)-(h). Spectra peak-normalized over 0.1--15 kHz, -40..0 dB. Time 0--250 ms: raw signed digital amplitudes, no normalization; shared -1..1 axes.",,
